archive	package	role	toolchain	optimization	project_candidates	status	reason	path
libBrokenLocale.a	glibc	current	gcc-11-11.5.0	O0	glibc-2.41	missing	unsupported_optimization	
libBrokenLocale.a	glibc	current	gcc-11-11.5.0	O2	glibc-2.41	selected		gcc-11-11.5.0/glibc-2.41/O2/install/lib/libBrokenLocale.a
libBrokenLocale.a	glibc	current	gcc-11-11.5.0	O3	glibc-2.41	selected		gcc-11-11.5.0/glibc-2.41/O3/install/lib/libBrokenLocale.a
libBrokenLocale.a	glibc	current	gcc-11-11.5.0	Os	glibc-2.41	selected		gcc-11-11.5.0/glibc-2.41/Os/install/lib/libBrokenLocale.a
libBrokenLocale.a	glibc	current	gcc-13-13.3.0	O0	glibc-2.41	missing	unsupported_optimization	
libBrokenLocale.a	glibc	current	gcc-13-13.3.0	O2	glibc-2.41	selected		gcc-13-13.3.0/glibc-2.41/O2/install/lib/libBrokenLocale.a
libBrokenLocale.a	glibc	current	gcc-13-13.3.0	O3	glibc-2.41	selected		gcc-13-13.3.0/glibc-2.41/O3/install/lib/libBrokenLocale.a
libBrokenLocale.a	glibc	current	gcc-13-13.3.0	Os	glibc-2.41	selected		gcc-13-13.3.0/glibc-2.41/Os/install/lib/libBrokenLocale.a
libBrokenLocale.a	glibc	current	clang-14-14.0.6	O0	glibc-2.41	missing	unsupported_compiler	
libBrokenLocale.a	glibc	current	clang-14-14.0.6	O2	glibc-2.41	missing	unsupported_compiler	
libBrokenLocale.a	glibc	current	clang-14-14.0.6	O3	glibc-2.41	missing	unsupported_compiler	
libBrokenLocale.a	glibc	current	clang-14-14.0.6	Os	glibc-2.41	missing	unsupported_compiler	
libBrokenLocale.a	glibc	current	clang-18-18.1.3	O0	glibc-2.41	missing	unsupported_compiler	
libBrokenLocale.a	glibc	current	clang-18-18.1.3	O2	glibc-2.41	missing	unsupported_compiler	
libBrokenLocale.a	glibc	current	clang-18-18.1.3	O3	glibc-2.41	missing	unsupported_compiler	
libBrokenLocale.a	glibc	current	clang-18-18.1.3	Os	glibc-2.41	missing	unsupported_compiler	
libBrokenLocale.a	glibc	minor-alternative	gcc-13-13.3.0	O0	glibc-2.39	missing	unsupported_optimization	
libBrokenLocale.a	glibc	minor-alternative	gcc-13-13.3.0	O2	glibc-2.39	missing	archive_not_produced_by_version	
libBrokenLocale.a	glibc	minor-alternative	gcc-13-13.3.0	O3	glibc-2.39	missing	archive_not_produced_by_version	
libBrokenLocale.a	glibc	minor-alternative	gcc-13-13.3.0	Os	glibc-2.39	missing	archive_not_produced_by_version	
libBrokenLocale.a	glibc	minor-alternative	clang-18-18.1.3	O0	glibc-2.39	missing	unsupported_compiler	
libBrokenLocale.a	glibc	minor-alternative	clang-18-18.1.3	O2	glibc-2.39	missing	unsupported_compiler	
libBrokenLocale.a	glibc	minor-alternative	clang-18-18.1.3	O3	glibc-2.39	missing	unsupported_compiler	
libBrokenLocale.a	glibc	minor-alternative	clang-18-18.1.3	Os	glibc-2.39	missing	unsupported_compiler	
libBrokenLocale.a	glibc	major-alternative	gcc-13-13.3.0	O0	glibc-2.17	missing	unsupported_optimization	
libBrokenLocale.a	glibc	major-alternative	gcc-13-13.3.0	O2	glibc-2.17	missing	archive_not_produced_by_version	
libBrokenLocale.a	glibc	major-alternative	gcc-13-13.3.0	O3	glibc-2.17	missing	archive_not_produced_by_version	
libBrokenLocale.a	glibc	major-alternative	gcc-13-13.3.0	Os	glibc-2.17	missing	archive_not_produced_by_version	
libBrokenLocale.a	glibc	major-alternative	clang-18-18.1.3	O0	glibc-2.17	missing	unsupported_compiler	
libBrokenLocale.a	glibc	major-alternative	clang-18-18.1.3	O2	glibc-2.17	missing	unsupported_compiler	
libBrokenLocale.a	glibc	major-alternative	clang-18-18.1.3	O3	glibc-2.17	missing	unsupported_compiler	
libBrokenLocale.a	glibc	major-alternative	clang-18-18.1.3	Os	glibc-2.17	missing	unsupported_compiler	
libICE.a	libice	current	gcc-11-11.5.0	O0	libice-1.0.10	selected		gcc-11-11.5.0/libice-1.0.10/O0/install/lib/libICE.a
libICE.a	libice	current	gcc-11-11.5.0	O2	libice-1.0.10	selected		gcc-11-11.5.0/libice-1.0.10/O2/install/lib/libICE.a
libICE.a	libice	current	gcc-11-11.5.0	O3	libice-1.0.10	selected		gcc-11-11.5.0/libice-1.0.10/O3/install/lib/libICE.a
libICE.a	libice	current	gcc-11-11.5.0	Os	libice-1.0.10	selected		gcc-11-11.5.0/libice-1.0.10/Os/install/lib/libICE.a
libICE.a	libice	current	gcc-13-13.3.0	O0	libice-1.0.10	selected		gcc-13-13.3.0/libice-1.0.10/O0/install/lib/libICE.a
libICE.a	libice	current	gcc-13-13.3.0	O2	libice-1.0.10	selected		gcc-13-13.3.0/libice-1.0.10/O2/install/lib/libICE.a
libICE.a	libice	current	gcc-13-13.3.0	O3	libice-1.0.10	selected		gcc-13-13.3.0/libice-1.0.10/O3/install/lib/libICE.a
libICE.a	libice	current	gcc-13-13.3.0	Os	libice-1.0.10	selected		gcc-13-13.3.0/libice-1.0.10/Os/install/lib/libICE.a
libICE.a	libice	current	clang-14-14.0.6	O0	libice-1.0.10	selected		clang-14-14.0.6/libice-1.0.10/O0/install/lib/libICE.a
libICE.a	libice	current	clang-14-14.0.6	O2	libice-1.0.10	selected		clang-14-14.0.6/libice-1.0.10/O2/install/lib/libICE.a
libICE.a	libice	current	clang-14-14.0.6	O3	libice-1.0.10	selected		clang-14-14.0.6/libice-1.0.10/O3/install/lib/libICE.a
libICE.a	libice	current	clang-14-14.0.6	Os	libice-1.0.10	selected		clang-14-14.0.6/libice-1.0.10/Os/install/lib/libICE.a
libICE.a	libice	current	clang-18-18.1.3	O0	libice-1.0.10	selected		clang-18-18.1.3/libice-1.0.10/O0/install/lib/libICE.a
libICE.a	libice	current	clang-18-18.1.3	O2	libice-1.0.10	selected		clang-18-18.1.3/libice-1.0.10/O2/install/lib/libICE.a
libICE.a	libice	current	clang-18-18.1.3	O3	libice-1.0.10	selected		clang-18-18.1.3/libice-1.0.10/O3/install/lib/libICE.a
libICE.a	libice	current	clang-18-18.1.3	Os	libice-1.0.10	selected		clang-18-18.1.3/libice-1.0.10/Os/install/lib/libICE.a
libICE.a	libice	minor-alternative	gcc-13-13.3.0	O0	libice-1.0.9	selected		gcc-13-13.3.0/libice-1.0.9/O0/install/lib/libICE.a
libICE.a	libice	minor-alternative	gcc-13-13.3.0	O2	libice-1.0.9	selected		gcc-13-13.3.0/libice-1.0.9/O2/install/lib/libICE.a
libICE.a	libice	minor-alternative	gcc-13-13.3.0	O3	libice-1.0.9	selected		gcc-13-13.3.0/libice-1.0.9/O3/install/lib/libICE.a
libICE.a	libice	minor-alternative	gcc-13-13.3.0	Os	libice-1.0.9	selected		gcc-13-13.3.0/libice-1.0.9/Os/install/lib/libICE.a
libICE.a	libice	minor-alternative	clang-18-18.1.3	O0	libice-1.0.9	missing	variant_not_built_or_unsupported	
libICE.a	libice	minor-alternative	clang-18-18.1.3	O2	libice-1.0.9	missing	variant_not_built_or_unsupported	
libICE.a	libice	minor-alternative	clang-18-18.1.3	O3	libice-1.0.9	missing	variant_not_built_or_unsupported	
libICE.a	libice	minor-alternative	clang-18-18.1.3	Os	libice-1.0.9	missing	variant_not_built_or_unsupported	
libICE.a	libice	major-alternative	gcc-13-13.3.0	O0	libice-1.0.2	selected		gcc-13-13.3.0/libice-1.0.2/O0/install/lib/libICE.a
libICE.a	libice	major-alternative	gcc-13-13.3.0	O2	libice-1.0.2	selected		gcc-13-13.3.0/libice-1.0.2/O2/install/lib/libICE.a
libICE.a	libice	major-alternative	gcc-13-13.3.0	O3	libice-1.0.2	selected		gcc-13-13.3.0/libice-1.0.2/O3/install/lib/libICE.a
libICE.a	libice	major-alternative	gcc-13-13.3.0	Os	libice-1.0.2	selected		gcc-13-13.3.0/libice-1.0.2/Os/install/lib/libICE.a
libICE.a	libice	major-alternative	clang-18-18.1.3	O0	libice-1.0.2	selected		clang-18-18.1.3/libice-1.0.2/O0/install/lib/libICE.a
libICE.a	libice	major-alternative	clang-18-18.1.3	O2	libice-1.0.2	selected		clang-18-18.1.3/libice-1.0.2/O2/install/lib/libICE.a
libICE.a	libice	major-alternative	clang-18-18.1.3	O3	libice-1.0.2	selected		clang-18-18.1.3/libice-1.0.2/O3/install/lib/libICE.a
libICE.a	libice	major-alternative	clang-18-18.1.3	Os	libice-1.0.2	selected		clang-18-18.1.3/libice-1.0.2/Os/install/lib/libICE.a
libSM.a	libsm	current	gcc-11-11.5.0	O0	libsm-1.2.3	selected		gcc-11-11.5.0/libsm-1.2.3/O0/install/lib/libSM.a
libSM.a	libsm	current	gcc-11-11.5.0	O2	libsm-1.2.3	selected		gcc-11-11.5.0/libsm-1.2.3/O2/install/lib/libSM.a
libSM.a	libsm	current	gcc-11-11.5.0	O3	libsm-1.2.3	selected		gcc-11-11.5.0/libsm-1.2.3/O3/install/lib/libSM.a
libSM.a	libsm	current	gcc-11-11.5.0	Os	libsm-1.2.3	selected		gcc-11-11.5.0/libsm-1.2.3/Os/install/lib/libSM.a
libSM.a	libsm	current	gcc-13-13.3.0	O0	libsm-1.2.3	selected		gcc-13-13.3.0/libsm-1.2.3/O0/install/lib/libSM.a
libSM.a	libsm	current	gcc-13-13.3.0	O2	libsm-1.2.3	selected		gcc-13-13.3.0/libsm-1.2.3/O2/install/lib/libSM.a
libSM.a	libsm	current	gcc-13-13.3.0	O3	libsm-1.2.3	selected		gcc-13-13.3.0/libsm-1.2.3/O3/install/lib/libSM.a
libSM.a	libsm	current	gcc-13-13.3.0	Os	libsm-1.2.3	selected		gcc-13-13.3.0/libsm-1.2.3/Os/install/lib/libSM.a
libSM.a	libsm	current	clang-14-14.0.6	O0	libsm-1.2.3	selected		clang-14-14.0.6/libsm-1.2.3/O0/install/lib/libSM.a
libSM.a	libsm	current	clang-14-14.0.6	O2	libsm-1.2.3	selected		clang-14-14.0.6/libsm-1.2.3/O2/install/lib/libSM.a
libSM.a	libsm	current	clang-14-14.0.6	O3	libsm-1.2.3	selected		clang-14-14.0.6/libsm-1.2.3/O3/install/lib/libSM.a
libSM.a	libsm	current	clang-14-14.0.6	Os	libsm-1.2.3	selected		clang-14-14.0.6/libsm-1.2.3/Os/install/lib/libSM.a
libSM.a	libsm	current	clang-18-18.1.3	O0	libsm-1.2.3	selected		clang-18-18.1.3/libsm-1.2.3/O0/install/lib/libSM.a
libSM.a	libsm	current	clang-18-18.1.3	O2	libsm-1.2.3	selected		clang-18-18.1.3/libsm-1.2.3/O2/install/lib/libSM.a
libSM.a	libsm	current	clang-18-18.1.3	O3	libsm-1.2.3	selected		clang-18-18.1.3/libsm-1.2.3/O3/install/lib/libSM.a
libSM.a	libsm	current	clang-18-18.1.3	Os	libsm-1.2.3	selected		clang-18-18.1.3/libsm-1.2.3/Os/install/lib/libSM.a
libSM.a	libsm	minor-alternative	gcc-13-13.3.0	O0	libsm-1.2.2	selected		gcc-13-13.3.0/libsm-1.2.2/O0/install/lib/libSM.a
libSM.a	libsm	minor-alternative	gcc-13-13.3.0	O2	libsm-1.2.2	selected		gcc-13-13.3.0/libsm-1.2.2/O2/install/lib/libSM.a
libSM.a	libsm	minor-alternative	gcc-13-13.3.0	O3	libsm-1.2.2	selected		gcc-13-13.3.0/libsm-1.2.2/O3/install/lib/libSM.a
libSM.a	libsm	minor-alternative	gcc-13-13.3.0	Os	libsm-1.2.2	selected		gcc-13-13.3.0/libsm-1.2.2/Os/install/lib/libSM.a
libSM.a	libsm	minor-alternative	clang-18-18.1.3	O0	libsm-1.2.2	selected		clang-18-18.1.3/libsm-1.2.2/O0/install/lib/libSM.a
libSM.a	libsm	minor-alternative	clang-18-18.1.3	O2	libsm-1.2.2	selected		clang-18-18.1.3/libsm-1.2.2/O2/install/lib/libSM.a
libSM.a	libsm	minor-alternative	clang-18-18.1.3	O3	libsm-1.2.2	selected		clang-18-18.1.3/libsm-1.2.2/O3/install/lib/libSM.a
libSM.a	libsm	minor-alternative	clang-18-18.1.3	Os	libsm-1.2.2	selected		clang-18-18.1.3/libsm-1.2.2/Os/install/lib/libSM.a
libSM.a	libsm	major-alternative	gcc-13-13.3.0	O0	libsm-1.1.1	selected		gcc-13-13.3.0/libsm-1.1.1/O0/install/lib/libSM.a
libSM.a	libsm	major-alternative	gcc-13-13.3.0	O2	libsm-1.1.1	selected		gcc-13-13.3.0/libsm-1.1.1/O2/install/lib/libSM.a
libSM.a	libsm	major-alternative	gcc-13-13.3.0	O3	libsm-1.1.1	selected		gcc-13-13.3.0/libsm-1.1.1/O3/install/lib/libSM.a
libSM.a	libsm	major-alternative	gcc-13-13.3.0	Os	libsm-1.1.1	selected		gcc-13-13.3.0/libsm-1.1.1/Os/install/lib/libSM.a
libSM.a	libsm	major-alternative	clang-18-18.1.3	O0	libsm-1.1.1	selected		clang-18-18.1.3/libsm-1.1.1/O0/install/lib/libSM.a
libSM.a	libsm	major-alternative	clang-18-18.1.3	O2	libsm-1.1.1	selected		clang-18-18.1.3/libsm-1.1.1/O2/install/lib/libSM.a
libSM.a	libsm	major-alternative	clang-18-18.1.3	O3	libsm-1.1.1	selected		clang-18-18.1.3/libsm-1.1.1/O3/install/lib/libSM.a
libSM.a	libsm	major-alternative	clang-18-18.1.3	Os	libsm-1.1.1	selected		clang-18-18.1.3/libsm-1.1.1/Os/install/lib/libSM.a
libX11-xcb.a	libx11	current	gcc-11-11.5.0	O0	libx11-1.8.7|libx11-11-1.8.7	selected		gcc-11-11.5.0/libx11-1.8.7/O0/install/lib/libX11-xcb.a
libX11-xcb.a	libx11	current	gcc-11-11.5.0	O2	libx11-1.8.7|libx11-11-1.8.7	selected		gcc-11-11.5.0/libx11-1.8.7/O2/install/lib/libX11-xcb.a
libX11-xcb.a	libx11	current	gcc-11-11.5.0	O3	libx11-1.8.7|libx11-11-1.8.7	selected		gcc-11-11.5.0/libx11-1.8.7/O3/install/lib/libX11-xcb.a
libX11-xcb.a	libx11	current	gcc-11-11.5.0	Os	libx11-1.8.7|libx11-11-1.8.7	selected		gcc-11-11.5.0/libx11-1.8.7/Os/install/lib/libX11-xcb.a
libX11-xcb.a	libx11	current	gcc-13-13.3.0	O0	libx11-1.8.7|libx11-11-1.8.7	selected		gcc-13-13.3.0/libx11-1.8.7/O0/install/lib/libX11-xcb.a
libX11-xcb.a	libx11	current	gcc-13-13.3.0	O2	libx11-1.8.7|libx11-11-1.8.7	selected		gcc-13-13.3.0/libx11-1.8.7/O2/install/lib/libX11-xcb.a
libX11-xcb.a	libx11	current	gcc-13-13.3.0	O3	libx11-1.8.7|libx11-11-1.8.7	selected		gcc-13-13.3.0/libx11-1.8.7/O3/install/lib/libX11-xcb.a
libX11-xcb.a	libx11	current	gcc-13-13.3.0	Os	libx11-1.8.7|libx11-11-1.8.7	selected		gcc-13-13.3.0/libx11-1.8.7/Os/install/lib/libX11-xcb.a
libX11-xcb.a	libx11	current	clang-14-14.0.6	O0	libx11-1.8.7|libx11-11-1.8.7	selected		clang-14-14.0.6/libx11-1.8.7/O0/install/lib/libX11-xcb.a
libX11-xcb.a	libx11	current	clang-14-14.0.6	O2	libx11-1.8.7|libx11-11-1.8.7	selected		clang-14-14.0.6/libx11-1.8.7/O2/install/lib/libX11-xcb.a
libX11-xcb.a	libx11	current	clang-14-14.0.6	O3	libx11-1.8.7|libx11-11-1.8.7	selected		clang-14-14.0.6/libx11-1.8.7/O3/install/lib/libX11-xcb.a
libX11-xcb.a	libx11	current	clang-14-14.0.6	Os	libx11-1.8.7|libx11-11-1.8.7	selected		clang-14-14.0.6/libx11-1.8.7/Os/install/lib/libX11-xcb.a
libX11-xcb.a	libx11	current	clang-18-18.1.3	O0	libx11-1.8.7|libx11-11-1.8.7	selected		clang-18-18.1.3/libx11-1.8.7/O0/install/lib/libX11-xcb.a
libX11-xcb.a	libx11	current	clang-18-18.1.3	O2	libx11-1.8.7|libx11-11-1.8.7	selected		clang-18-18.1.3/libx11-1.8.7/O2/install/lib/libX11-xcb.a
libX11-xcb.a	libx11	current	clang-18-18.1.3	O3	libx11-1.8.7|libx11-11-1.8.7	selected		clang-18-18.1.3/libx11-1.8.7/O3/install/lib/libX11-xcb.a
libX11-xcb.a	libx11	current	clang-18-18.1.3	Os	libx11-1.8.7|libx11-11-1.8.7	selected		clang-18-18.1.3/libx11-1.8.7/Os/install/lib/libX11-xcb.a
libX11-xcb.a	libx11	minor-alternative	gcc-13-13.3.0	O0	libx11-1.8.6|libx11-11-1.8.6	selected		gcc-13-13.3.0/libx11-1.8.6/O0/install/lib/libX11-xcb.a
libX11-xcb.a	libx11	minor-alternative	gcc-13-13.3.0	O2	libx11-1.8.6|libx11-11-1.8.6	selected		gcc-13-13.3.0/libx11-1.8.6/O2/install/lib/libX11-xcb.a
libX11-xcb.a	libx11	minor-alternative	gcc-13-13.3.0	O3	libx11-1.8.6|libx11-11-1.8.6	selected		gcc-13-13.3.0/libx11-1.8.6/O3/install/lib/libX11-xcb.a
libX11-xcb.a	libx11	minor-alternative	gcc-13-13.3.0	Os	libx11-1.8.6|libx11-11-1.8.6	selected		gcc-13-13.3.0/libx11-1.8.6/Os/install/lib/libX11-xcb.a
libX11-xcb.a	libx11	minor-alternative	clang-18-18.1.3	O0	libx11-1.8.6|libx11-11-1.8.6	selected		clang-18-18.1.3/libx11-1.8.6/O0/install/lib/libX11-xcb.a
libX11-xcb.a	libx11	minor-alternative	clang-18-18.1.3	O2	libx11-1.8.6|libx11-11-1.8.6	selected		clang-18-18.1.3/libx11-1.8.6/O2/install/lib/libX11-xcb.a
libX11-xcb.a	libx11	minor-alternative	clang-18-18.1.3	O3	libx11-1.8.6|libx11-11-1.8.6	selected		clang-18-18.1.3/libx11-1.8.6/O3/install/lib/libX11-xcb.a
libX11-xcb.a	libx11	minor-alternative	clang-18-18.1.3	Os	libx11-1.8.6|libx11-11-1.8.6	selected		clang-18-18.1.3/libx11-1.8.6/Os/install/lib/libX11-xcb.a
libX11-xcb.a	libx11	major-alternative	gcc-13-13.3.0	O0	libx11-1.7.5|libx11-11-1.7.5	selected		gcc-13-13.3.0/libx11-1.7.5/O0/install/lib/libX11-xcb.a
libX11-xcb.a	libx11	major-alternative	gcc-13-13.3.0	O2	libx11-1.7.5|libx11-11-1.7.5	selected		gcc-13-13.3.0/libx11-1.7.5/O2/install/lib/libX11-xcb.a
libX11-xcb.a	libx11	major-alternative	gcc-13-13.3.0	O3	libx11-1.7.5|libx11-11-1.7.5	selected		gcc-13-13.3.0/libx11-1.7.5/O3/install/lib/libX11-xcb.a
libX11-xcb.a	libx11	major-alternative	gcc-13-13.3.0	Os	libx11-1.7.5|libx11-11-1.7.5	selected		gcc-13-13.3.0/libx11-1.7.5/Os/install/lib/libX11-xcb.a
libX11-xcb.a	libx11	major-alternative	clang-18-18.1.3	O0	libx11-1.7.5|libx11-11-1.7.5	selected		clang-18-18.1.3/libx11-1.7.5/O0/install/lib/libX11-xcb.a
libX11-xcb.a	libx11	major-alternative	clang-18-18.1.3	O2	libx11-1.7.5|libx11-11-1.7.5	selected		clang-18-18.1.3/libx11-1.7.5/O2/install/lib/libX11-xcb.a
libX11-xcb.a	libx11	major-alternative	clang-18-18.1.3	O3	libx11-1.7.5|libx11-11-1.7.5	selected		clang-18-18.1.3/libx11-1.7.5/O3/install/lib/libX11-xcb.a
libX11-xcb.a	libx11	major-alternative	clang-18-18.1.3	Os	libx11-1.7.5|libx11-11-1.7.5	selected		clang-18-18.1.3/libx11-1.7.5/Os/install/lib/libX11-xcb.a
libX11.a	libx11	current	gcc-11-11.5.0	O0	libx11-1.8.7|libx11-11-1.8.7	selected		gcc-11-11.5.0/libx11-1.8.7/O0/install/lib/libX11.a
libX11.a	libx11	current	gcc-11-11.5.0	O2	libx11-1.8.7|libx11-11-1.8.7	selected		gcc-11-11.5.0/libx11-1.8.7/O2/install/lib/libX11.a
libX11.a	libx11	current	gcc-11-11.5.0	O3	libx11-1.8.7|libx11-11-1.8.7	selected		gcc-11-11.5.0/libx11-1.8.7/O3/install/lib/libX11.a
libX11.a	libx11	current	gcc-11-11.5.0	Os	libx11-1.8.7|libx11-11-1.8.7	selected		gcc-11-11.5.0/libx11-1.8.7/Os/install/lib/libX11.a
libX11.a	libx11	current	gcc-13-13.3.0	O0	libx11-1.8.7|libx11-11-1.8.7	selected		gcc-13-13.3.0/libx11-1.8.7/O0/install/lib/libX11.a
libX11.a	libx11	current	gcc-13-13.3.0	O2	libx11-1.8.7|libx11-11-1.8.7	selected		gcc-13-13.3.0/libx11-1.8.7/O2/install/lib/libX11.a
libX11.a	libx11	current	gcc-13-13.3.0	O3	libx11-1.8.7|libx11-11-1.8.7	selected		gcc-13-13.3.0/libx11-1.8.7/O3/install/lib/libX11.a
libX11.a	libx11	current	gcc-13-13.3.0	Os	libx11-1.8.7|libx11-11-1.8.7	selected		gcc-13-13.3.0/libx11-1.8.7/Os/install/lib/libX11.a
libX11.a	libx11	current	clang-14-14.0.6	O0	libx11-1.8.7|libx11-11-1.8.7	selected		clang-14-14.0.6/libx11-1.8.7/O0/install/lib/libX11.a
libX11.a	libx11	current	clang-14-14.0.6	O2	libx11-1.8.7|libx11-11-1.8.7	selected		clang-14-14.0.6/libx11-1.8.7/O2/install/lib/libX11.a
libX11.a	libx11	current	clang-14-14.0.6	O3	libx11-1.8.7|libx11-11-1.8.7	selected		clang-14-14.0.6/libx11-1.8.7/O3/install/lib/libX11.a
libX11.a	libx11	current	clang-14-14.0.6	Os	libx11-1.8.7|libx11-11-1.8.7	selected		clang-14-14.0.6/libx11-1.8.7/Os/install/lib/libX11.a
libX11.a	libx11	current	clang-18-18.1.3	O0	libx11-1.8.7|libx11-11-1.8.7	selected		clang-18-18.1.3/libx11-1.8.7/O0/install/lib/libX11.a
libX11.a	libx11	current	clang-18-18.1.3	O2	libx11-1.8.7|libx11-11-1.8.7	selected		clang-18-18.1.3/libx11-1.8.7/O2/install/lib/libX11.a
libX11.a	libx11	current	clang-18-18.1.3	O3	libx11-1.8.7|libx11-11-1.8.7	selected		clang-18-18.1.3/libx11-1.8.7/O3/install/lib/libX11.a
libX11.a	libx11	current	clang-18-18.1.3	Os	libx11-1.8.7|libx11-11-1.8.7	selected		clang-18-18.1.3/libx11-1.8.7/Os/install/lib/libX11.a
libX11.a	libx11	minor-alternative	gcc-13-13.3.0	O0	libx11-1.8.6|libx11-11-1.8.6	selected		gcc-13-13.3.0/libx11-1.8.6/O0/install/lib/libX11.a
libX11.a	libx11	minor-alternative	gcc-13-13.3.0	O2	libx11-1.8.6|libx11-11-1.8.6	selected		gcc-13-13.3.0/libx11-1.8.6/O2/install/lib/libX11.a
libX11.a	libx11	minor-alternative	gcc-13-13.3.0	O3	libx11-1.8.6|libx11-11-1.8.6	selected		gcc-13-13.3.0/libx11-1.8.6/O3/install/lib/libX11.a
libX11.a	libx11	minor-alternative	gcc-13-13.3.0	Os	libx11-1.8.6|libx11-11-1.8.6	selected		gcc-13-13.3.0/libx11-1.8.6/Os/install/lib/libX11.a
libX11.a	libx11	minor-alternative	clang-18-18.1.3	O0	libx11-1.8.6|libx11-11-1.8.6	selected		clang-18-18.1.3/libx11-1.8.6/O0/install/lib/libX11.a
libX11.a	libx11	minor-alternative	clang-18-18.1.3	O2	libx11-1.8.6|libx11-11-1.8.6	selected		clang-18-18.1.3/libx11-1.8.6/O2/install/lib/libX11.a
libX11.a	libx11	minor-alternative	clang-18-18.1.3	O3	libx11-1.8.6|libx11-11-1.8.6	selected		clang-18-18.1.3/libx11-1.8.6/O3/install/lib/libX11.a
libX11.a	libx11	minor-alternative	clang-18-18.1.3	Os	libx11-1.8.6|libx11-11-1.8.6	selected		clang-18-18.1.3/libx11-1.8.6/Os/install/lib/libX11.a
libX11.a	libx11	major-alternative	gcc-13-13.3.0	O0	libx11-1.7.5|libx11-11-1.7.5	selected		gcc-13-13.3.0/libx11-1.7.5/O0/install/lib/libX11.a
libX11.a	libx11	major-alternative	gcc-13-13.3.0	O2	libx11-1.7.5|libx11-11-1.7.5	selected		gcc-13-13.3.0/libx11-1.7.5/O2/install/lib/libX11.a
libX11.a	libx11	major-alternative	gcc-13-13.3.0	O3	libx11-1.7.5|libx11-11-1.7.5	selected		gcc-13-13.3.0/libx11-1.7.5/O3/install/lib/libX11.a
libX11.a	libx11	major-alternative	gcc-13-13.3.0	Os	libx11-1.7.5|libx11-11-1.7.5	selected		gcc-13-13.3.0/libx11-1.7.5/Os/install/lib/libX11.a
libX11.a	libx11	major-alternative	clang-18-18.1.3	O0	libx11-1.7.5|libx11-11-1.7.5	selected		clang-18-18.1.3/libx11-1.7.5/O0/install/lib/libX11.a
libX11.a	libx11	major-alternative	clang-18-18.1.3	O2	libx11-1.7.5|libx11-11-1.7.5	selected		clang-18-18.1.3/libx11-1.7.5/O2/install/lib/libX11.a
libX11.a	libx11	major-alternative	clang-18-18.1.3	O3	libx11-1.7.5|libx11-11-1.7.5	selected		clang-18-18.1.3/libx11-1.7.5/O3/install/lib/libX11.a
libX11.a	libx11	major-alternative	clang-18-18.1.3	Os	libx11-1.7.5|libx11-11-1.7.5	selected		clang-18-18.1.3/libx11-1.7.5/Os/install/lib/libX11.a
libXau.a	libxau	current	gcc-11-11.5.0	O0	libxau-1.0.9	selected		gcc-11-11.5.0/libxau-1.0.9/O0/install/lib/libXau.a
libXau.a	libxau	current	gcc-11-11.5.0	O2	libxau-1.0.9	selected		gcc-11-11.5.0/libxau-1.0.9/O2/install/lib/libXau.a
libXau.a	libxau	current	gcc-11-11.5.0	O3	libxau-1.0.9	selected		gcc-11-11.5.0/libxau-1.0.9/O3/install/lib/libXau.a
libXau.a	libxau	current	gcc-11-11.5.0	Os	libxau-1.0.9	selected		gcc-11-11.5.0/libxau-1.0.9/Os/install/lib/libXau.a
libXau.a	libxau	current	gcc-13-13.3.0	O0	libxau-1.0.9	selected		gcc-13-13.3.0/libxau-1.0.9/O0/install/lib/libXau.a
libXau.a	libxau	current	gcc-13-13.3.0	O2	libxau-1.0.9	selected		gcc-13-13.3.0/libxau-1.0.9/O2/install/lib/libXau.a
libXau.a	libxau	current	gcc-13-13.3.0	O3	libxau-1.0.9	selected		gcc-13-13.3.0/libxau-1.0.9/O3/install/lib/libXau.a
libXau.a	libxau	current	gcc-13-13.3.0	Os	libxau-1.0.9	selected		gcc-13-13.3.0/libxau-1.0.9/Os/install/lib/libXau.a
libXau.a	libxau	current	clang-14-14.0.6	O0	libxau-1.0.9	selected		clang-14-14.0.6/libxau-1.0.9/O0/install/lib/libXau.a
libXau.a	libxau	current	clang-14-14.0.6	O2	libxau-1.0.9	selected		clang-14-14.0.6/libxau-1.0.9/O2/install/lib/libXau.a
libXau.a	libxau	current	clang-14-14.0.6	O3	libxau-1.0.9	selected		clang-14-14.0.6/libxau-1.0.9/O3/install/lib/libXau.a
libXau.a	libxau	current	clang-14-14.0.6	Os	libxau-1.0.9	selected		clang-14-14.0.6/libxau-1.0.9/Os/install/lib/libXau.a
libXau.a	libxau	current	clang-18-18.1.3	O0	libxau-1.0.9	selected		clang-18-18.1.3/libxau-1.0.9/O0/install/lib/libXau.a
libXau.a	libxau	current	clang-18-18.1.3	O2	libxau-1.0.9	selected		clang-18-18.1.3/libxau-1.0.9/O2/install/lib/libXau.a
libXau.a	libxau	current	clang-18-18.1.3	O3	libxau-1.0.9	selected		clang-18-18.1.3/libxau-1.0.9/O3/install/lib/libXau.a
libXau.a	libxau	current	clang-18-18.1.3	Os	libxau-1.0.9	selected		clang-18-18.1.3/libxau-1.0.9/Os/install/lib/libXau.a
libXau.a	libxau	minor-alternative	gcc-13-13.3.0	O0	libxau-1.0.8	selected		gcc-13-13.3.0/libxau-1.0.8/O0/install/lib/libXau.a
libXau.a	libxau	minor-alternative	gcc-13-13.3.0	O2	libxau-1.0.8	selected		gcc-13-13.3.0/libxau-1.0.8/O2/install/lib/libXau.a
libXau.a	libxau	minor-alternative	gcc-13-13.3.0	O3	libxau-1.0.8	selected		gcc-13-13.3.0/libxau-1.0.8/O3/install/lib/libXau.a
libXau.a	libxau	minor-alternative	gcc-13-13.3.0	Os	libxau-1.0.8	selected		gcc-13-13.3.0/libxau-1.0.8/Os/install/lib/libXau.a
libXau.a	libxau	minor-alternative	clang-18-18.1.3	O0	libxau-1.0.8	selected		clang-18-18.1.3/libxau-1.0.8/O0/install/lib/libXau.a
libXau.a	libxau	minor-alternative	clang-18-18.1.3	O2	libxau-1.0.8	selected		clang-18-18.1.3/libxau-1.0.8/O2/install/lib/libXau.a
libXau.a	libxau	minor-alternative	clang-18-18.1.3	O3	libxau-1.0.8	selected		clang-18-18.1.3/libxau-1.0.8/O3/install/lib/libXau.a
libXau.a	libxau	minor-alternative	clang-18-18.1.3	Os	libxau-1.0.8	selected		clang-18-18.1.3/libxau-1.0.8/Os/install/lib/libXau.a
libXau.a	libxau	major-alternative	gcc-13-13.3.0	O0	libxau-1.0.2	selected		gcc-13-13.3.0/libxau-1.0.2/O0/install/lib/libXau.a
libXau.a	libxau	major-alternative	gcc-13-13.3.0	O2	libxau-1.0.2	selected		gcc-13-13.3.0/libxau-1.0.2/O2/install/lib/libXau.a
libXau.a	libxau	major-alternative	gcc-13-13.3.0	O3	libxau-1.0.2	selected		gcc-13-13.3.0/libxau-1.0.2/O3/install/lib/libXau.a
libXau.a	libxau	major-alternative	gcc-13-13.3.0	Os	libxau-1.0.2	selected		gcc-13-13.3.0/libxau-1.0.2/Os/install/lib/libXau.a
libXau.a	libxau	major-alternative	clang-18-18.1.3	O0	libxau-1.0.2	selected		clang-18-18.1.3/libxau-1.0.2/O0/install/lib/libXau.a
libXau.a	libxau	major-alternative	clang-18-18.1.3	O2	libxau-1.0.2	selected		clang-18-18.1.3/libxau-1.0.2/O2/install/lib/libXau.a
libXau.a	libxau	major-alternative	clang-18-18.1.3	O3	libxau-1.0.2	selected		clang-18-18.1.3/libxau-1.0.2/O3/install/lib/libXau.a
libXau.a	libxau	major-alternative	clang-18-18.1.3	Os	libxau-1.0.2	selected		clang-18-18.1.3/libxau-1.0.2/Os/install/lib/libXau.a
libXcomposite.a	libxcomposite	current	gcc-11-11.5.0	O0	libxcomposite-0.4.5	selected		gcc-11-11.5.0/libxcomposite-0.4.5/O0/install/lib/libXcomposite.a
libXcomposite.a	libxcomposite	current	gcc-11-11.5.0	O2	libxcomposite-0.4.5	selected		gcc-11-11.5.0/libxcomposite-0.4.5/O2/install/lib/libXcomposite.a
libXcomposite.a	libxcomposite	current	gcc-11-11.5.0	O3	libxcomposite-0.4.5	selected		gcc-11-11.5.0/libxcomposite-0.4.5/O3/install/lib/libXcomposite.a
libXcomposite.a	libxcomposite	current	gcc-11-11.5.0	Os	libxcomposite-0.4.5	selected		gcc-11-11.5.0/libxcomposite-0.4.5/Os/install/lib/libXcomposite.a
libXcomposite.a	libxcomposite	current	gcc-13-13.3.0	O0	libxcomposite-0.4.5	selected		gcc-13-13.3.0/libxcomposite-0.4.5/O0/install/lib/libXcomposite.a
libXcomposite.a	libxcomposite	current	gcc-13-13.3.0	O2	libxcomposite-0.4.5	selected		gcc-13-13.3.0/libxcomposite-0.4.5/O2/install/lib/libXcomposite.a
libXcomposite.a	libxcomposite	current	gcc-13-13.3.0	O3	libxcomposite-0.4.5	selected		gcc-13-13.3.0/libxcomposite-0.4.5/O3/install/lib/libXcomposite.a
libXcomposite.a	libxcomposite	current	gcc-13-13.3.0	Os	libxcomposite-0.4.5	selected		gcc-13-13.3.0/libxcomposite-0.4.5/Os/install/lib/libXcomposite.a
libXcomposite.a	libxcomposite	current	clang-14-14.0.6	O0	libxcomposite-0.4.5	selected		clang-14-14.0.6/libxcomposite-0.4.5/O0/install/lib/libXcomposite.a
libXcomposite.a	libxcomposite	current	clang-14-14.0.6	O2	libxcomposite-0.4.5	selected		clang-14-14.0.6/libxcomposite-0.4.5/O2/install/lib/libXcomposite.a
libXcomposite.a	libxcomposite	current	clang-14-14.0.6	O3	libxcomposite-0.4.5	selected		clang-14-14.0.6/libxcomposite-0.4.5/O3/install/lib/libXcomposite.a
libXcomposite.a	libxcomposite	current	clang-14-14.0.6	Os	libxcomposite-0.4.5	selected		clang-14-14.0.6/libxcomposite-0.4.5/Os/install/lib/libXcomposite.a
libXcomposite.a	libxcomposite	current	clang-18-18.1.3	O0	libxcomposite-0.4.5	selected		clang-18-18.1.3/libxcomposite-0.4.5/O0/install/lib/libXcomposite.a
libXcomposite.a	libxcomposite	current	clang-18-18.1.3	O2	libxcomposite-0.4.5	selected		clang-18-18.1.3/libxcomposite-0.4.5/O2/install/lib/libXcomposite.a
libXcomposite.a	libxcomposite	current	clang-18-18.1.3	O3	libxcomposite-0.4.5	selected		clang-18-18.1.3/libxcomposite-0.4.5/O3/install/lib/libXcomposite.a
libXcomposite.a	libxcomposite	current	clang-18-18.1.3	Os	libxcomposite-0.4.5	selected		clang-18-18.1.3/libxcomposite-0.4.5/Os/install/lib/libXcomposite.a
libXcomposite.a	libxcomposite	minor-alternative	gcc-13-13.3.0	O0	libxcomposite-0.4.4	selected		gcc-13-13.3.0/libxcomposite-0.4.4/O0/install/lib/libXcomposite.a
libXcomposite.a	libxcomposite	minor-alternative	gcc-13-13.3.0	O2	libxcomposite-0.4.4	selected		gcc-13-13.3.0/libxcomposite-0.4.4/O2/install/lib/libXcomposite.a
libXcomposite.a	libxcomposite	minor-alternative	gcc-13-13.3.0	O3	libxcomposite-0.4.4	selected		gcc-13-13.3.0/libxcomposite-0.4.4/O3/install/lib/libXcomposite.a
libXcomposite.a	libxcomposite	minor-alternative	gcc-13-13.3.0	Os	libxcomposite-0.4.4	selected		gcc-13-13.3.0/libxcomposite-0.4.4/Os/install/lib/libXcomposite.a
libXcomposite.a	libxcomposite	minor-alternative	clang-18-18.1.3	O0	libxcomposite-0.4.4	selected		clang-18-18.1.3/libxcomposite-0.4.4/O0/install/lib/libXcomposite.a
libXcomposite.a	libxcomposite	minor-alternative	clang-18-18.1.3	O2	libxcomposite-0.4.4	selected		clang-18-18.1.3/libxcomposite-0.4.4/O2/install/lib/libXcomposite.a
libXcomposite.a	libxcomposite	minor-alternative	clang-18-18.1.3	O3	libxcomposite-0.4.4	selected		clang-18-18.1.3/libxcomposite-0.4.4/O3/install/lib/libXcomposite.a
libXcomposite.a	libxcomposite	minor-alternative	clang-18-18.1.3	Os	libxcomposite-0.4.4	selected		clang-18-18.1.3/libxcomposite-0.4.4/Os/install/lib/libXcomposite.a
libXcomposite.a	libxcomposite	major-alternative	gcc-13-13.3.0	O0	libxcomposite-0.3.2	selected		gcc-13-13.3.0/libxcomposite-0.3.2/O0/install/lib/libXcomposite.a
libXcomposite.a	libxcomposite	major-alternative	gcc-13-13.3.0	O2	libxcomposite-0.3.2	selected		gcc-13-13.3.0/libxcomposite-0.3.2/O2/install/lib/libXcomposite.a
libXcomposite.a	libxcomposite	major-alternative	gcc-13-13.3.0	O3	libxcomposite-0.3.2	selected		gcc-13-13.3.0/libxcomposite-0.3.2/O3/install/lib/libXcomposite.a
libXcomposite.a	libxcomposite	major-alternative	gcc-13-13.3.0	Os	libxcomposite-0.3.2	selected		gcc-13-13.3.0/libxcomposite-0.3.2/Os/install/lib/libXcomposite.a
libXcomposite.a	libxcomposite	major-alternative	clang-18-18.1.3	O0	libxcomposite-0.3.2	selected		clang-18-18.1.3/libxcomposite-0.3.2/O0/install/lib/libXcomposite.a
libXcomposite.a	libxcomposite	major-alternative	clang-18-18.1.3	O2	libxcomposite-0.3.2	selected		clang-18-18.1.3/libxcomposite-0.3.2/O2/install/lib/libXcomposite.a
libXcomposite.a	libxcomposite	major-alternative	clang-18-18.1.3	O3	libxcomposite-0.3.2	selected		clang-18-18.1.3/libxcomposite-0.3.2/O3/install/lib/libXcomposite.a
libXcomposite.a	libxcomposite	major-alternative	clang-18-18.1.3	Os	libxcomposite-0.3.2	selected		clang-18-18.1.3/libxcomposite-0.3.2/Os/install/lib/libXcomposite.a
libXcursor.a	libxcursor	current	gcc-11-11.5.0	O0	libxcursor-1.2.1	selected		gcc-11-11.5.0/libxcursor-1.2.1/O0/install/lib/libXcursor.a
libXcursor.a	libxcursor	current	gcc-11-11.5.0	O2	libxcursor-1.2.1	selected		gcc-11-11.5.0/libxcursor-1.2.1/O2/install/lib/libXcursor.a
libXcursor.a	libxcursor	current	gcc-11-11.5.0	O3	libxcursor-1.2.1	selected		gcc-11-11.5.0/libxcursor-1.2.1/O3/install/lib/libXcursor.a
libXcursor.a	libxcursor	current	gcc-11-11.5.0	Os	libxcursor-1.2.1	selected		gcc-11-11.5.0/libxcursor-1.2.1/Os/install/lib/libXcursor.a
libXcursor.a	libxcursor	current	gcc-13-13.3.0	O0	libxcursor-1.2.1	selected		gcc-13-13.3.0/libxcursor-1.2.1/O0/install/lib/libXcursor.a
libXcursor.a	libxcursor	current	gcc-13-13.3.0	O2	libxcursor-1.2.1	selected		gcc-13-13.3.0/libxcursor-1.2.1/O2/install/lib/libXcursor.a
libXcursor.a	libxcursor	current	gcc-13-13.3.0	O3	libxcursor-1.2.1	selected		gcc-13-13.3.0/libxcursor-1.2.1/O3/install/lib/libXcursor.a
libXcursor.a	libxcursor	current	gcc-13-13.3.0	Os	libxcursor-1.2.1	selected		gcc-13-13.3.0/libxcursor-1.2.1/Os/install/lib/libXcursor.a
libXcursor.a	libxcursor	current	clang-14-14.0.6	O0	libxcursor-1.2.1	selected		clang-14-14.0.6/libxcursor-1.2.1/O0/install/lib/libXcursor.a
libXcursor.a	libxcursor	current	clang-14-14.0.6	O2	libxcursor-1.2.1	selected		clang-14-14.0.6/libxcursor-1.2.1/O2/install/lib/libXcursor.a
libXcursor.a	libxcursor	current	clang-14-14.0.6	O3	libxcursor-1.2.1	selected		clang-14-14.0.6/libxcursor-1.2.1/O3/install/lib/libXcursor.a
libXcursor.a	libxcursor	current	clang-14-14.0.6	Os	libxcursor-1.2.1	selected		clang-14-14.0.6/libxcursor-1.2.1/Os/install/lib/libXcursor.a
libXcursor.a	libxcursor	current	clang-18-18.1.3	O0	libxcursor-1.2.1	selected		clang-18-18.1.3/libxcursor-1.2.1/O0/install/lib/libXcursor.a
libXcursor.a	libxcursor	current	clang-18-18.1.3	O2	libxcursor-1.2.1	selected		clang-18-18.1.3/libxcursor-1.2.1/O2/install/lib/libXcursor.a
libXcursor.a	libxcursor	current	clang-18-18.1.3	O3	libxcursor-1.2.1	selected		clang-18-18.1.3/libxcursor-1.2.1/O3/install/lib/libXcursor.a
libXcursor.a	libxcursor	current	clang-18-18.1.3	Os	libxcursor-1.2.1	selected		clang-18-18.1.3/libxcursor-1.2.1/Os/install/lib/libXcursor.a
libXcursor.a	libxcursor	minor-alternative	gcc-13-13.3.0	O0	libxcursor-1.2.0	selected		gcc-13-13.3.0/libxcursor-1.2.0/O0/install/lib/libXcursor.a
libXcursor.a	libxcursor	minor-alternative	gcc-13-13.3.0	O2	libxcursor-1.2.0	selected		gcc-13-13.3.0/libxcursor-1.2.0/O2/install/lib/libXcursor.a
libXcursor.a	libxcursor	minor-alternative	gcc-13-13.3.0	O3	libxcursor-1.2.0	selected		gcc-13-13.3.0/libxcursor-1.2.0/O3/install/lib/libXcursor.a
libXcursor.a	libxcursor	minor-alternative	gcc-13-13.3.0	Os	libxcursor-1.2.0	selected		gcc-13-13.3.0/libxcursor-1.2.0/Os/install/lib/libXcursor.a
libXcursor.a	libxcursor	minor-alternative	clang-18-18.1.3	O0	libxcursor-1.2.0	selected		clang-18-18.1.3/libxcursor-1.2.0/O0/install/lib/libXcursor.a
libXcursor.a	libxcursor	minor-alternative	clang-18-18.1.3	O2	libxcursor-1.2.0	selected		clang-18-18.1.3/libxcursor-1.2.0/O2/install/lib/libXcursor.a
libXcursor.a	libxcursor	minor-alternative	clang-18-18.1.3	O3	libxcursor-1.2.0	selected		clang-18-18.1.3/libxcursor-1.2.0/O3/install/lib/libXcursor.a
libXcursor.a	libxcursor	minor-alternative	clang-18-18.1.3	Os	libxcursor-1.2.0	selected		clang-18-18.1.3/libxcursor-1.2.0/Os/install/lib/libXcursor.a
libXcursor.a	libxcursor	major-alternative	gcc-13-13.3.0	O0	libxcursor-1.1.9	selected		gcc-13-13.3.0/libxcursor-1.1.9/O0/install/lib/libXcursor.a
libXcursor.a	libxcursor	major-alternative	gcc-13-13.3.0	O2	libxcursor-1.1.9	selected		gcc-13-13.3.0/libxcursor-1.1.9/O2/install/lib/libXcursor.a
libXcursor.a	libxcursor	major-alternative	gcc-13-13.3.0	O3	libxcursor-1.1.9	selected		gcc-13-13.3.0/libxcursor-1.1.9/O3/install/lib/libXcursor.a
libXcursor.a	libxcursor	major-alternative	gcc-13-13.3.0	Os	libxcursor-1.1.9	selected		gcc-13-13.3.0/libxcursor-1.1.9/Os/install/lib/libXcursor.a
libXcursor.a	libxcursor	major-alternative	clang-18-18.1.3	O0	libxcursor-1.1.9	selected		clang-18-18.1.3/libxcursor-1.1.9/O0/install/lib/libXcursor.a
libXcursor.a	libxcursor	major-alternative	clang-18-18.1.3	O2	libxcursor-1.1.9	selected		clang-18-18.1.3/libxcursor-1.1.9/O2/install/lib/libXcursor.a
libXcursor.a	libxcursor	major-alternative	clang-18-18.1.3	O3	libxcursor-1.1.9	selected		clang-18-18.1.3/libxcursor-1.1.9/O3/install/lib/libXcursor.a
libXcursor.a	libxcursor	major-alternative	clang-18-18.1.3	Os	libxcursor-1.1.9	selected		clang-18-18.1.3/libxcursor-1.1.9/Os/install/lib/libXcursor.a
libXdamage.a	libxdamage	current	gcc-11-11.5.0	O0	libxdamage-1.1.6	selected		gcc-11-11.5.0/libxdamage-1.1.6/O0/install/lib/libXdamage.a
libXdamage.a	libxdamage	current	gcc-11-11.5.0	O2	libxdamage-1.1.6	selected		gcc-11-11.5.0/libxdamage-1.1.6/O2/install/lib/libXdamage.a
libXdamage.a	libxdamage	current	gcc-11-11.5.0	O3	libxdamage-1.1.6	selected		gcc-11-11.5.0/libxdamage-1.1.6/O3/install/lib/libXdamage.a
libXdamage.a	libxdamage	current	gcc-11-11.5.0	Os	libxdamage-1.1.6	selected		gcc-11-11.5.0/libxdamage-1.1.6/Os/install/lib/libXdamage.a
libXdamage.a	libxdamage	current	gcc-13-13.3.0	O0	libxdamage-1.1.6	selected		gcc-13-13.3.0/libxdamage-1.1.6/O0/install/lib/libXdamage.a
libXdamage.a	libxdamage	current	gcc-13-13.3.0	O2	libxdamage-1.1.6	selected		gcc-13-13.3.0/libxdamage-1.1.6/O2/install/lib/libXdamage.a
libXdamage.a	libxdamage	current	gcc-13-13.3.0	O3	libxdamage-1.1.6	selected		gcc-13-13.3.0/libxdamage-1.1.6/O3/install/lib/libXdamage.a
libXdamage.a	libxdamage	current	gcc-13-13.3.0	Os	libxdamage-1.1.6	selected		gcc-13-13.3.0/libxdamage-1.1.6/Os/install/lib/libXdamage.a
libXdamage.a	libxdamage	current	clang-14-14.0.6	O0	libxdamage-1.1.6	selected		clang-14-14.0.6/libxdamage-1.1.6/O0/install/lib/libXdamage.a
libXdamage.a	libxdamage	current	clang-14-14.0.6	O2	libxdamage-1.1.6	selected		clang-14-14.0.6/libxdamage-1.1.6/O2/install/lib/libXdamage.a
libXdamage.a	libxdamage	current	clang-14-14.0.6	O3	libxdamage-1.1.6	selected		clang-14-14.0.6/libxdamage-1.1.6/O3/install/lib/libXdamage.a
libXdamage.a	libxdamage	current	clang-14-14.0.6	Os	libxdamage-1.1.6	selected		clang-14-14.0.6/libxdamage-1.1.6/Os/install/lib/libXdamage.a
libXdamage.a	libxdamage	current	clang-18-18.1.3	O0	libxdamage-1.1.6	selected		clang-18-18.1.3/libxdamage-1.1.6/O0/install/lib/libXdamage.a
libXdamage.a	libxdamage	current	clang-18-18.1.3	O2	libxdamage-1.1.6	selected		clang-18-18.1.3/libxdamage-1.1.6/O2/install/lib/libXdamage.a
libXdamage.a	libxdamage	current	clang-18-18.1.3	O3	libxdamage-1.1.6	selected		clang-18-18.1.3/libxdamage-1.1.6/O3/install/lib/libXdamage.a
libXdamage.a	libxdamage	current	clang-18-18.1.3	Os	libxdamage-1.1.6	selected		clang-18-18.1.3/libxdamage-1.1.6/Os/install/lib/libXdamage.a
libXdamage.a	libxdamage	minor-alternative	gcc-13-13.3.0	O0	libxdamage-1.1.5	selected		gcc-13-13.3.0/libxdamage-1.1.5/O0/install/lib/libXdamage.a
libXdamage.a	libxdamage	minor-alternative	gcc-13-13.3.0	O2	libxdamage-1.1.5	selected		gcc-13-13.3.0/libxdamage-1.1.5/O2/install/lib/libXdamage.a
libXdamage.a	libxdamage	minor-alternative	gcc-13-13.3.0	O3	libxdamage-1.1.5	selected		gcc-13-13.3.0/libxdamage-1.1.5/O3/install/lib/libXdamage.a
libXdamage.a	libxdamage	minor-alternative	gcc-13-13.3.0	Os	libxdamage-1.1.5	selected		gcc-13-13.3.0/libxdamage-1.1.5/Os/install/lib/libXdamage.a
libXdamage.a	libxdamage	minor-alternative	clang-18-18.1.3	O0	libxdamage-1.1.5	selected		clang-18-18.1.3/libxdamage-1.1.5/O0/install/lib/libXdamage.a
libXdamage.a	libxdamage	minor-alternative	clang-18-18.1.3	O2	libxdamage-1.1.5	selected		clang-18-18.1.3/libxdamage-1.1.5/O2/install/lib/libXdamage.a
libXdamage.a	libxdamage	minor-alternative	clang-18-18.1.3	O3	libxdamage-1.1.5	selected		clang-18-18.1.3/libxdamage-1.1.5/O3/install/lib/libXdamage.a
libXdamage.a	libxdamage	minor-alternative	clang-18-18.1.3	Os	libxdamage-1.1.5	selected		clang-18-18.1.3/libxdamage-1.1.5/Os/install/lib/libXdamage.a
libXdamage.a	libxdamage	major-alternative	gcc-13-13.3.0	O0	libxdamage-1.0.4	selected		gcc-13-13.3.0/libxdamage-1.0.4/O0/install/lib/libXdamage.a
libXdamage.a	libxdamage	major-alternative	gcc-13-13.3.0	O2	libxdamage-1.0.4	selected		gcc-13-13.3.0/libxdamage-1.0.4/O2/install/lib/libXdamage.a
libXdamage.a	libxdamage	major-alternative	gcc-13-13.3.0	O3	libxdamage-1.0.4	selected		gcc-13-13.3.0/libxdamage-1.0.4/O3/install/lib/libXdamage.a
libXdamage.a	libxdamage	major-alternative	gcc-13-13.3.0	Os	libxdamage-1.0.4	selected		gcc-13-13.3.0/libxdamage-1.0.4/Os/install/lib/libXdamage.a
libXdamage.a	libxdamage	major-alternative	clang-18-18.1.3	O0	libxdamage-1.0.4	selected		clang-18-18.1.3/libxdamage-1.0.4/O0/install/lib/libXdamage.a
libXdamage.a	libxdamage	major-alternative	clang-18-18.1.3	O2	libxdamage-1.0.4	selected		clang-18-18.1.3/libxdamage-1.0.4/O2/install/lib/libXdamage.a
libXdamage.a	libxdamage	major-alternative	clang-18-18.1.3	O3	libxdamage-1.0.4	selected		clang-18-18.1.3/libxdamage-1.0.4/O3/install/lib/libXdamage.a
libXdamage.a	libxdamage	major-alternative	clang-18-18.1.3	Os	libxdamage-1.0.4	selected		clang-18-18.1.3/libxdamage-1.0.4/Os/install/lib/libXdamage.a
libXdmcp.a	libxdmcp	current	gcc-11-11.5.0	O0	libxdmcp-1.1.3	selected		gcc-11-11.5.0/libxdmcp-1.1.3/O0/install/lib/libXdmcp.a
libXdmcp.a	libxdmcp	current	gcc-11-11.5.0	O2	libxdmcp-1.1.3	selected		gcc-11-11.5.0/libxdmcp-1.1.3/O2/install/lib/libXdmcp.a
libXdmcp.a	libxdmcp	current	gcc-11-11.5.0	O3	libxdmcp-1.1.3	selected		gcc-11-11.5.0/libxdmcp-1.1.3/O3/install/lib/libXdmcp.a
libXdmcp.a	libxdmcp	current	gcc-11-11.5.0	Os	libxdmcp-1.1.3	selected		gcc-11-11.5.0/libxdmcp-1.1.3/Os/install/lib/libXdmcp.a
libXdmcp.a	libxdmcp	current	gcc-13-13.3.0	O0	libxdmcp-1.1.3	selected		gcc-13-13.3.0/libxdmcp-1.1.3/O0/install/lib/libXdmcp.a
libXdmcp.a	libxdmcp	current	gcc-13-13.3.0	O2	libxdmcp-1.1.3	selected		gcc-13-13.3.0/libxdmcp-1.1.3/O2/install/lib/libXdmcp.a
libXdmcp.a	libxdmcp	current	gcc-13-13.3.0	O3	libxdmcp-1.1.3	selected		gcc-13-13.3.0/libxdmcp-1.1.3/O3/install/lib/libXdmcp.a
libXdmcp.a	libxdmcp	current	gcc-13-13.3.0	Os	libxdmcp-1.1.3	selected		gcc-13-13.3.0/libxdmcp-1.1.3/Os/install/lib/libXdmcp.a
libXdmcp.a	libxdmcp	current	clang-14-14.0.6	O0	libxdmcp-1.1.3	selected		clang-14-14.0.6/libxdmcp-1.1.3/O0/install/lib/libXdmcp.a
libXdmcp.a	libxdmcp	current	clang-14-14.0.6	O2	libxdmcp-1.1.3	selected		clang-14-14.0.6/libxdmcp-1.1.3/O2/install/lib/libXdmcp.a
libXdmcp.a	libxdmcp	current	clang-14-14.0.6	O3	libxdmcp-1.1.3	selected		clang-14-14.0.6/libxdmcp-1.1.3/O3/install/lib/libXdmcp.a
libXdmcp.a	libxdmcp	current	clang-14-14.0.6	Os	libxdmcp-1.1.3	selected		clang-14-14.0.6/libxdmcp-1.1.3/Os/install/lib/libXdmcp.a
libXdmcp.a	libxdmcp	current	clang-18-18.1.3	O0	libxdmcp-1.1.3	selected		clang-18-18.1.3/libxdmcp-1.1.3/O0/install/lib/libXdmcp.a
libXdmcp.a	libxdmcp	current	clang-18-18.1.3	O2	libxdmcp-1.1.3	selected		clang-18-18.1.3/libxdmcp-1.1.3/O2/install/lib/libXdmcp.a
libXdmcp.a	libxdmcp	current	clang-18-18.1.3	O3	libxdmcp-1.1.3	selected		clang-18-18.1.3/libxdmcp-1.1.3/O3/install/lib/libXdmcp.a
libXdmcp.a	libxdmcp	current	clang-18-18.1.3	Os	libxdmcp-1.1.3	selected		clang-18-18.1.3/libxdmcp-1.1.3/Os/install/lib/libXdmcp.a
libXdmcp.a	libxdmcp	minor-alternative	gcc-13-13.3.0	O0	libxdmcp-1.1.1	selected		gcc-13-13.3.0/libxdmcp-1.1.1/O0/install/lib/libXdmcp.a
libXdmcp.a	libxdmcp	minor-alternative	gcc-13-13.3.0	O2	libxdmcp-1.1.1	selected		gcc-13-13.3.0/libxdmcp-1.1.1/O2/install/lib/libXdmcp.a
libXdmcp.a	libxdmcp	minor-alternative	gcc-13-13.3.0	O3	libxdmcp-1.1.1	selected		gcc-13-13.3.0/libxdmcp-1.1.1/O3/install/lib/libXdmcp.a
libXdmcp.a	libxdmcp	minor-alternative	gcc-13-13.3.0	Os	libxdmcp-1.1.1	selected		gcc-13-13.3.0/libxdmcp-1.1.1/Os/install/lib/libXdmcp.a
libXdmcp.a	libxdmcp	minor-alternative	clang-18-18.1.3	O0	libxdmcp-1.1.1	selected		clang-18-18.1.3/libxdmcp-1.1.1/O0/install/lib/libXdmcp.a
libXdmcp.a	libxdmcp	minor-alternative	clang-18-18.1.3	O2	libxdmcp-1.1.1	selected		clang-18-18.1.3/libxdmcp-1.1.1/O2/install/lib/libXdmcp.a
libXdmcp.a	libxdmcp	minor-alternative	clang-18-18.1.3	O3	libxdmcp-1.1.1	selected		clang-18-18.1.3/libxdmcp-1.1.1/O3/install/lib/libXdmcp.a
libXdmcp.a	libxdmcp	minor-alternative	clang-18-18.1.3	Os	libxdmcp-1.1.1	selected		clang-18-18.1.3/libxdmcp-1.1.1/Os/install/lib/libXdmcp.a
libXdmcp.a	libxdmcp	major-alternative	gcc-13-13.3.0	O0	libxdmcp-1.0.3	selected		gcc-13-13.3.0/libxdmcp-1.0.3/O0/install/lib/libXdmcp.a
libXdmcp.a	libxdmcp	major-alternative	gcc-13-13.3.0	O2	libxdmcp-1.0.3	selected		gcc-13-13.3.0/libxdmcp-1.0.3/O2/install/lib/libXdmcp.a
libXdmcp.a	libxdmcp	major-alternative	gcc-13-13.3.0	O3	libxdmcp-1.0.3	selected		gcc-13-13.3.0/libxdmcp-1.0.3/O3/install/lib/libXdmcp.a
libXdmcp.a	libxdmcp	major-alternative	gcc-13-13.3.0	Os	libxdmcp-1.0.3	selected		gcc-13-13.3.0/libxdmcp-1.0.3/Os/install/lib/libXdmcp.a
libXdmcp.a	libxdmcp	major-alternative	clang-18-18.1.3	O0	libxdmcp-1.0.3	selected		clang-18-18.1.3/libxdmcp-1.0.3/O0/install/lib/libXdmcp.a
libXdmcp.a	libxdmcp	major-alternative	clang-18-18.1.3	O2	libxdmcp-1.0.3	selected		clang-18-18.1.3/libxdmcp-1.0.3/O2/install/lib/libXdmcp.a
libXdmcp.a	libxdmcp	major-alternative	clang-18-18.1.3	O3	libxdmcp-1.0.3	selected		clang-18-18.1.3/libxdmcp-1.0.3/O3/install/lib/libXdmcp.a
libXdmcp.a	libxdmcp	major-alternative	clang-18-18.1.3	Os	libxdmcp-1.0.3	selected		clang-18-18.1.3/libxdmcp-1.0.3/Os/install/lib/libXdmcp.a
libXext.a	libxext	current	gcc-11-11.5.0	O0	libxext-1.3.4	selected		gcc-11-11.5.0/libxext-1.3.4/O0/install/lib/libXext.a
libXext.a	libxext	current	gcc-11-11.5.0	O2	libxext-1.3.4	selected		gcc-11-11.5.0/libxext-1.3.4/O2/install/lib/libXext.a
libXext.a	libxext	current	gcc-11-11.5.0	O3	libxext-1.3.4	selected		gcc-11-11.5.0/libxext-1.3.4/O3/install/lib/libXext.a
libXext.a	libxext	current	gcc-11-11.5.0	Os	libxext-1.3.4	selected		gcc-11-11.5.0/libxext-1.3.4/Os/install/lib/libXext.a
libXext.a	libxext	current	gcc-13-13.3.0	O0	libxext-1.3.4	selected		gcc-13-13.3.0/libxext-1.3.4/O0/install/lib/libXext.a
libXext.a	libxext	current	gcc-13-13.3.0	O2	libxext-1.3.4	selected		gcc-13-13.3.0/libxext-1.3.4/O2/install/lib/libXext.a
libXext.a	libxext	current	gcc-13-13.3.0	O3	libxext-1.3.4	selected		gcc-13-13.3.0/libxext-1.3.4/O3/install/lib/libXext.a
libXext.a	libxext	current	gcc-13-13.3.0	Os	libxext-1.3.4	selected		gcc-13-13.3.0/libxext-1.3.4/Os/install/lib/libXext.a
libXext.a	libxext	current	clang-14-14.0.6	O0	libxext-1.3.4	selected		clang-14-14.0.6/libxext-1.3.4/O0/install/lib/libXext.a
libXext.a	libxext	current	clang-14-14.0.6	O2	libxext-1.3.4	selected		clang-14-14.0.6/libxext-1.3.4/O2/install/lib/libXext.a
libXext.a	libxext	current	clang-14-14.0.6	O3	libxext-1.3.4	selected		clang-14-14.0.6/libxext-1.3.4/O3/install/lib/libXext.a
libXext.a	libxext	current	clang-14-14.0.6	Os	libxext-1.3.4	selected		clang-14-14.0.6/libxext-1.3.4/Os/install/lib/libXext.a
libXext.a	libxext	current	clang-18-18.1.3	O0	libxext-1.3.4	selected		clang-18-18.1.3/libxext-1.3.4/O0/install/lib/libXext.a
libXext.a	libxext	current	clang-18-18.1.3	O2	libxext-1.3.4	selected		clang-18-18.1.3/libxext-1.3.4/O2/install/lib/libXext.a
libXext.a	libxext	current	clang-18-18.1.3	O3	libxext-1.3.4	selected		clang-18-18.1.3/libxext-1.3.4/O3/install/lib/libXext.a
libXext.a	libxext	current	clang-18-18.1.3	Os	libxext-1.3.4	selected		clang-18-18.1.3/libxext-1.3.4/Os/install/lib/libXext.a
libXext.a	libxext	minor-alternative	gcc-13-13.3.0	O0	libxext-1.3.3	selected		gcc-13-13.3.0/libxext-1.3.3/O0/install/lib/libXext.a
libXext.a	libxext	minor-alternative	gcc-13-13.3.0	O2	libxext-1.3.3	selected		gcc-13-13.3.0/libxext-1.3.3/O2/install/lib/libXext.a
libXext.a	libxext	minor-alternative	gcc-13-13.3.0	O3	libxext-1.3.3	selected		gcc-13-13.3.0/libxext-1.3.3/O3/install/lib/libXext.a
libXext.a	libxext	minor-alternative	gcc-13-13.3.0	Os	libxext-1.3.3	selected		gcc-13-13.3.0/libxext-1.3.3/Os/install/lib/libXext.a
libXext.a	libxext	minor-alternative	clang-18-18.1.3	O0	libxext-1.3.3	selected		clang-18-18.1.3/libxext-1.3.3/O0/install/lib/libXext.a
libXext.a	libxext	minor-alternative	clang-18-18.1.3	O2	libxext-1.3.3	selected		clang-18-18.1.3/libxext-1.3.3/O2/install/lib/libXext.a
libXext.a	libxext	minor-alternative	clang-18-18.1.3	O3	libxext-1.3.3	selected		clang-18-18.1.3/libxext-1.3.3/O3/install/lib/libXext.a
libXext.a	libxext	minor-alternative	clang-18-18.1.3	Os	libxext-1.3.3	selected		clang-18-18.1.3/libxext-1.3.3/Os/install/lib/libXext.a
libXext.a	libxext	major-alternative	gcc-13-13.3.0	O0	libxext-1.2.0	selected		gcc-13-13.3.0/libxext-1.2.0/O0/install/lib/libXext.a
libXext.a	libxext	major-alternative	gcc-13-13.3.0	O2	libxext-1.2.0	selected		gcc-13-13.3.0/libxext-1.2.0/O2/install/lib/libXext.a
libXext.a	libxext	major-alternative	gcc-13-13.3.0	O3	libxext-1.2.0	selected		gcc-13-13.3.0/libxext-1.2.0/O3/install/lib/libXext.a
libXext.a	libxext	major-alternative	gcc-13-13.3.0	Os	libxext-1.2.0	selected		gcc-13-13.3.0/libxext-1.2.0/Os/install/lib/libXext.a
libXext.a	libxext	major-alternative	clang-18-18.1.3	O0	libxext-1.2.0	selected		clang-18-18.1.3/libxext-1.2.0/O0/install/lib/libXext.a
libXext.a	libxext	major-alternative	clang-18-18.1.3	O2	libxext-1.2.0	selected		clang-18-18.1.3/libxext-1.2.0/O2/install/lib/libXext.a
libXext.a	libxext	major-alternative	clang-18-18.1.3	O3	libxext-1.2.0	selected		clang-18-18.1.3/libxext-1.2.0/O3/install/lib/libXext.a
libXext.a	libxext	major-alternative	clang-18-18.1.3	Os	libxext-1.2.0	selected		clang-18-18.1.3/libxext-1.2.0/Os/install/lib/libXext.a
libXfixes.a	libxfixes	current	gcc-11-11.5.0	O0	libxfixes-6.0.1	selected		gcc-11-11.5.0/libxfixes-6.0.1/O0/install/lib/libXfixes.a
libXfixes.a	libxfixes	current	gcc-11-11.5.0	O2	libxfixes-6.0.1	selected		gcc-11-11.5.0/libxfixes-6.0.1/O2/install/lib/libXfixes.a
libXfixes.a	libxfixes	current	gcc-11-11.5.0	O3	libxfixes-6.0.1	selected		gcc-11-11.5.0/libxfixes-6.0.1/O3/install/lib/libXfixes.a
libXfixes.a	libxfixes	current	gcc-11-11.5.0	Os	libxfixes-6.0.1	selected		gcc-11-11.5.0/libxfixes-6.0.1/Os/install/lib/libXfixes.a
libXfixes.a	libxfixes	current	gcc-13-13.3.0	O0	libxfixes-6.0.1	selected		gcc-13-13.3.0/libxfixes-6.0.1/O0/install/lib/libXfixes.a
libXfixes.a	libxfixes	current	gcc-13-13.3.0	O2	libxfixes-6.0.1	selected		gcc-13-13.3.0/libxfixes-6.0.1/O2/install/lib/libXfixes.a
libXfixes.a	libxfixes	current	gcc-13-13.3.0	O3	libxfixes-6.0.1	selected		gcc-13-13.3.0/libxfixes-6.0.1/O3/install/lib/libXfixes.a
libXfixes.a	libxfixes	current	gcc-13-13.3.0	Os	libxfixes-6.0.1	selected		gcc-13-13.3.0/libxfixes-6.0.1/Os/install/lib/libXfixes.a
libXfixes.a	libxfixes	current	clang-14-14.0.6	O0	libxfixes-6.0.1	selected		clang-14-14.0.6/libxfixes-6.0.1/O0/install/lib/libXfixes.a
libXfixes.a	libxfixes	current	clang-14-14.0.6	O2	libxfixes-6.0.1	selected		clang-14-14.0.6/libxfixes-6.0.1/O2/install/lib/libXfixes.a
libXfixes.a	libxfixes	current	clang-14-14.0.6	O3	libxfixes-6.0.1	selected		clang-14-14.0.6/libxfixes-6.0.1/O3/install/lib/libXfixes.a
libXfixes.a	libxfixes	current	clang-14-14.0.6	Os	libxfixes-6.0.1	selected		clang-14-14.0.6/libxfixes-6.0.1/Os/install/lib/libXfixes.a
libXfixes.a	libxfixes	current	clang-18-18.1.3	O0	libxfixes-6.0.1	selected		clang-18-18.1.3/libxfixes-6.0.1/O0/install/lib/libXfixes.a
libXfixes.a	libxfixes	current	clang-18-18.1.3	O2	libxfixes-6.0.1	selected		clang-18-18.1.3/libxfixes-6.0.1/O2/install/lib/libXfixes.a
libXfixes.a	libxfixes	current	clang-18-18.1.3	O3	libxfixes-6.0.1	selected		clang-18-18.1.3/libxfixes-6.0.1/O3/install/lib/libXfixes.a
libXfixes.a	libxfixes	current	clang-18-18.1.3	Os	libxfixes-6.0.1	selected		clang-18-18.1.3/libxfixes-6.0.1/Os/install/lib/libXfixes.a
libXfixes.a	libxfixes	minor-alternative	gcc-13-13.3.0	O0	libxfixes-6.0.0	selected		gcc-13-13.3.0/libxfixes-6.0.0/O0/install/lib/libXfixes.a
libXfixes.a	libxfixes	minor-alternative	gcc-13-13.3.0	O2	libxfixes-6.0.0	selected		gcc-13-13.3.0/libxfixes-6.0.0/O2/install/lib/libXfixes.a
libXfixes.a	libxfixes	minor-alternative	gcc-13-13.3.0	O3	libxfixes-6.0.0	selected		gcc-13-13.3.0/libxfixes-6.0.0/O3/install/lib/libXfixes.a
libXfixes.a	libxfixes	minor-alternative	gcc-13-13.3.0	Os	libxfixes-6.0.0	selected		gcc-13-13.3.0/libxfixes-6.0.0/Os/install/lib/libXfixes.a
libXfixes.a	libxfixes	minor-alternative	clang-18-18.1.3	O0	libxfixes-6.0.0	selected		clang-18-18.1.3/libxfixes-6.0.0/O0/install/lib/libXfixes.a
libXfixes.a	libxfixes	minor-alternative	clang-18-18.1.3	O2	libxfixes-6.0.0	selected		clang-18-18.1.3/libxfixes-6.0.0/O2/install/lib/libXfixes.a
libXfixes.a	libxfixes	minor-alternative	clang-18-18.1.3	O3	libxfixes-6.0.0	selected		clang-18-18.1.3/libxfixes-6.0.0/O3/install/lib/libXfixes.a
libXfixes.a	libxfixes	minor-alternative	clang-18-18.1.3	Os	libxfixes-6.0.0	selected		clang-18-18.1.3/libxfixes-6.0.0/Os/install/lib/libXfixes.a
libXfixes.a	libxfixes	major-alternative	gcc-13-13.3.0	O0	libxfixes-5.0.3	selected		gcc-13-13.3.0/libxfixes-5.0.3/O0/install/lib/libXfixes.a
libXfixes.a	libxfixes	major-alternative	gcc-13-13.3.0	O2	libxfixes-5.0.3	selected		gcc-13-13.3.0/libxfixes-5.0.3/O2/install/lib/libXfixes.a
libXfixes.a	libxfixes	major-alternative	gcc-13-13.3.0	O3	libxfixes-5.0.3	selected		gcc-13-13.3.0/libxfixes-5.0.3/O3/install/lib/libXfixes.a
libXfixes.a	libxfixes	major-alternative	gcc-13-13.3.0	Os	libxfixes-5.0.3	selected		gcc-13-13.3.0/libxfixes-5.0.3/Os/install/lib/libXfixes.a
libXfixes.a	libxfixes	major-alternative	clang-18-18.1.3	O0	libxfixes-5.0.3	selected		clang-18-18.1.3/libxfixes-5.0.3/O0/install/lib/libXfixes.a
libXfixes.a	libxfixes	major-alternative	clang-18-18.1.3	O2	libxfixes-5.0.3	selected		clang-18-18.1.3/libxfixes-5.0.3/O2/install/lib/libXfixes.a
libXfixes.a	libxfixes	major-alternative	clang-18-18.1.3	O3	libxfixes-5.0.3	selected		clang-18-18.1.3/libxfixes-5.0.3/O3/install/lib/libXfixes.a
libXfixes.a	libxfixes	major-alternative	clang-18-18.1.3	Os	libxfixes-5.0.3	selected		clang-18-18.1.3/libxfixes-5.0.3/Os/install/lib/libXfixes.a
libXi.a	libxi	current	gcc-11-11.5.0	O0	libxi-1.8.1	selected		gcc-11-11.5.0/libxi-1.8.1/O0/install/lib/libXi.a
libXi.a	libxi	current	gcc-11-11.5.0	O2	libxi-1.8.1	selected		gcc-11-11.5.0/libxi-1.8.1/O2/install/lib/libXi.a
libXi.a	libxi	current	gcc-11-11.5.0	O3	libxi-1.8.1	selected		gcc-11-11.5.0/libxi-1.8.1/O3/install/lib/libXi.a
libXi.a	libxi	current	gcc-11-11.5.0	Os	libxi-1.8.1	selected		gcc-11-11.5.0/libxi-1.8.1/Os/install/lib/libXi.a
libXi.a	libxi	current	gcc-13-13.3.0	O0	libxi-1.8.1	selected		gcc-13-13.3.0/libxi-1.8.1/O0/install/lib/libXi.a
libXi.a	libxi	current	gcc-13-13.3.0	O2	libxi-1.8.1	selected		gcc-13-13.3.0/libxi-1.8.1/O2/install/lib/libXi.a
libXi.a	libxi	current	gcc-13-13.3.0	O3	libxi-1.8.1	selected		gcc-13-13.3.0/libxi-1.8.1/O3/install/lib/libXi.a
libXi.a	libxi	current	gcc-13-13.3.0	Os	libxi-1.8.1	selected		gcc-13-13.3.0/libxi-1.8.1/Os/install/lib/libXi.a
libXi.a	libxi	current	clang-14-14.0.6	O0	libxi-1.8.1	selected		clang-14-14.0.6/libxi-1.8.1/O0/install/lib/libXi.a
libXi.a	libxi	current	clang-14-14.0.6	O2	libxi-1.8.1	selected		clang-14-14.0.6/libxi-1.8.1/O2/install/lib/libXi.a
libXi.a	libxi	current	clang-14-14.0.6	O3	libxi-1.8.1	selected		clang-14-14.0.6/libxi-1.8.1/O3/install/lib/libXi.a
libXi.a	libxi	current	clang-14-14.0.6	Os	libxi-1.8.1	selected		clang-14-14.0.6/libxi-1.8.1/Os/install/lib/libXi.a
libXi.a	libxi	current	clang-18-18.1.3	O0	libxi-1.8.1	selected		clang-18-18.1.3/libxi-1.8.1/O0/install/lib/libXi.a
libXi.a	libxi	current	clang-18-18.1.3	O2	libxi-1.8.1	selected		clang-18-18.1.3/libxi-1.8.1/O2/install/lib/libXi.a
libXi.a	libxi	current	clang-18-18.1.3	O3	libxi-1.8.1	selected		clang-18-18.1.3/libxi-1.8.1/O3/install/lib/libXi.a
libXi.a	libxi	current	clang-18-18.1.3	Os	libxi-1.8.1	selected		clang-18-18.1.3/libxi-1.8.1/Os/install/lib/libXi.a
libXi.a	libxi	minor-alternative	gcc-13-13.3.0	O0	libxi-1.8	selected		gcc-13-13.3.0/libxi-1.8/O0/install/lib/libXi.a
libXi.a	libxi	minor-alternative	gcc-13-13.3.0	O2	libxi-1.8	selected		gcc-13-13.3.0/libxi-1.8/O2/install/lib/libXi.a
libXi.a	libxi	minor-alternative	gcc-13-13.3.0	O3	libxi-1.8	selected		gcc-13-13.3.0/libxi-1.8/O3/install/lib/libXi.a
libXi.a	libxi	minor-alternative	gcc-13-13.3.0	Os	libxi-1.8	selected		gcc-13-13.3.0/libxi-1.8/Os/install/lib/libXi.a
libXi.a	libxi	minor-alternative	clang-18-18.1.3	O0	libxi-1.8	selected		clang-18-18.1.3/libxi-1.8/O0/install/lib/libXi.a
libXi.a	libxi	minor-alternative	clang-18-18.1.3	O2	libxi-1.8	selected		clang-18-18.1.3/libxi-1.8/O2/install/lib/libXi.a
libXi.a	libxi	minor-alternative	clang-18-18.1.3	O3	libxi-1.8	selected		clang-18-18.1.3/libxi-1.8/O3/install/lib/libXi.a
libXi.a	libxi	minor-alternative	clang-18-18.1.3	Os	libxi-1.8	selected		clang-18-18.1.3/libxi-1.8/Os/install/lib/libXi.a
libXi.a	libxi	major-alternative	gcc-13-13.3.0	O0	libxi-1.7.9	selected		gcc-13-13.3.0/libxi-1.7.9/O0/install/lib/libXi.a
libXi.a	libxi	major-alternative	gcc-13-13.3.0	O2	libxi-1.7.9	selected		gcc-13-13.3.0/libxi-1.7.9/O2/install/lib/libXi.a
libXi.a	libxi	major-alternative	gcc-13-13.3.0	O3	libxi-1.7.9	selected		gcc-13-13.3.0/libxi-1.7.9/O3/install/lib/libXi.a
libXi.a	libxi	major-alternative	gcc-13-13.3.0	Os	libxi-1.7.9	selected		gcc-13-13.3.0/libxi-1.7.9/Os/install/lib/libXi.a
libXi.a	libxi	major-alternative	clang-18-18.1.3	O0	libxi-1.7.9	selected		clang-18-18.1.3/libxi-1.7.9/O0/install/lib/libXi.a
libXi.a	libxi	major-alternative	clang-18-18.1.3	O2	libxi-1.7.9	selected		clang-18-18.1.3/libxi-1.7.9/O2/install/lib/libXi.a
libXi.a	libxi	major-alternative	clang-18-18.1.3	O3	libxi-1.7.9	selected		clang-18-18.1.3/libxi-1.7.9/O3/install/lib/libXi.a
libXi.a	libxi	major-alternative	clang-18-18.1.3	Os	libxi-1.7.9	selected		clang-18-18.1.3/libxi-1.7.9/Os/install/lib/libXi.a
libXinerama.a	libxinerama	current	gcc-11-11.5.0	O0	libxinerama-1.1.4	selected		gcc-11-11.5.0/libxinerama-1.1.4/O0/install/lib/libXinerama.a
libXinerama.a	libxinerama	current	gcc-11-11.5.0	O2	libxinerama-1.1.4	selected		gcc-11-11.5.0/libxinerama-1.1.4/O2/install/lib/libXinerama.a
libXinerama.a	libxinerama	current	gcc-11-11.5.0	O3	libxinerama-1.1.4	selected		gcc-11-11.5.0/libxinerama-1.1.4/O3/install/lib/libXinerama.a
libXinerama.a	libxinerama	current	gcc-11-11.5.0	Os	libxinerama-1.1.4	selected		gcc-11-11.5.0/libxinerama-1.1.4/Os/install/lib/libXinerama.a
libXinerama.a	libxinerama	current	gcc-13-13.3.0	O0	libxinerama-1.1.4	selected		gcc-13-13.3.0/libxinerama-1.1.4/O0/install/lib/libXinerama.a
libXinerama.a	libxinerama	current	gcc-13-13.3.0	O2	libxinerama-1.1.4	selected		gcc-13-13.3.0/libxinerama-1.1.4/O2/install/lib/libXinerama.a
libXinerama.a	libxinerama	current	gcc-13-13.3.0	O3	libxinerama-1.1.4	selected		gcc-13-13.3.0/libxinerama-1.1.4/O3/install/lib/libXinerama.a
libXinerama.a	libxinerama	current	gcc-13-13.3.0	Os	libxinerama-1.1.4	selected		gcc-13-13.3.0/libxinerama-1.1.4/Os/install/lib/libXinerama.a
libXinerama.a	libxinerama	current	clang-14-14.0.6	O0	libxinerama-1.1.4	selected		clang-14-14.0.6/libxinerama-1.1.4/O0/install/lib/libXinerama.a
libXinerama.a	libxinerama	current	clang-14-14.0.6	O2	libxinerama-1.1.4	selected		clang-14-14.0.6/libxinerama-1.1.4/O2/install/lib/libXinerama.a
libXinerama.a	libxinerama	current	clang-14-14.0.6	O3	libxinerama-1.1.4	selected		clang-14-14.0.6/libxinerama-1.1.4/O3/install/lib/libXinerama.a
libXinerama.a	libxinerama	current	clang-14-14.0.6	Os	libxinerama-1.1.4	selected		clang-14-14.0.6/libxinerama-1.1.4/Os/install/lib/libXinerama.a
libXinerama.a	libxinerama	current	clang-18-18.1.3	O0	libxinerama-1.1.4	selected		clang-18-18.1.3/libxinerama-1.1.4/O0/install/lib/libXinerama.a
libXinerama.a	libxinerama	current	clang-18-18.1.3	O2	libxinerama-1.1.4	selected		clang-18-18.1.3/libxinerama-1.1.4/O2/install/lib/libXinerama.a
libXinerama.a	libxinerama	current	clang-18-18.1.3	O3	libxinerama-1.1.4	selected		clang-18-18.1.3/libxinerama-1.1.4/O3/install/lib/libXinerama.a
libXinerama.a	libxinerama	current	clang-18-18.1.3	Os	libxinerama-1.1.4	selected		clang-18-18.1.3/libxinerama-1.1.4/Os/install/lib/libXinerama.a
libXinerama.a	libxinerama	minor-alternative	gcc-13-13.3.0	O0	libxinerama-1.1.3	selected		gcc-13-13.3.0/libxinerama-1.1.3/O0/install/lib/libXinerama.a
libXinerama.a	libxinerama	minor-alternative	gcc-13-13.3.0	O2	libxinerama-1.1.3	selected		gcc-13-13.3.0/libxinerama-1.1.3/O2/install/lib/libXinerama.a
libXinerama.a	libxinerama	minor-alternative	gcc-13-13.3.0	O3	libxinerama-1.1.3	selected		gcc-13-13.3.0/libxinerama-1.1.3/O3/install/lib/libXinerama.a
libXinerama.a	libxinerama	minor-alternative	gcc-13-13.3.0	Os	libxinerama-1.1.3	selected		gcc-13-13.3.0/libxinerama-1.1.3/Os/install/lib/libXinerama.a
libXinerama.a	libxinerama	minor-alternative	clang-18-18.1.3	O0	libxinerama-1.1.3	selected		clang-18-18.1.3/libxinerama-1.1.3/O0/install/lib/libXinerama.a
libXinerama.a	libxinerama	minor-alternative	clang-18-18.1.3	O2	libxinerama-1.1.3	selected		clang-18-18.1.3/libxinerama-1.1.3/O2/install/lib/libXinerama.a
libXinerama.a	libxinerama	minor-alternative	clang-18-18.1.3	O3	libxinerama-1.1.3	selected		clang-18-18.1.3/libxinerama-1.1.3/O3/install/lib/libXinerama.a
libXinerama.a	libxinerama	minor-alternative	clang-18-18.1.3	Os	libxinerama-1.1.3	selected		clang-18-18.1.3/libxinerama-1.1.3/Os/install/lib/libXinerama.a
libXinerama.a	libxinerama	major-alternative	gcc-13-13.3.0	O0	libxinerama-1.0.3	selected		gcc-13-13.3.0/libxinerama-1.0.3/O0/install/lib/libXinerama.a
libXinerama.a	libxinerama	major-alternative	gcc-13-13.3.0	O2	libxinerama-1.0.3	selected		gcc-13-13.3.0/libxinerama-1.0.3/O2/install/lib/libXinerama.a
libXinerama.a	libxinerama	major-alternative	gcc-13-13.3.0	O3	libxinerama-1.0.3	selected		gcc-13-13.3.0/libxinerama-1.0.3/O3/install/lib/libXinerama.a
libXinerama.a	libxinerama	major-alternative	gcc-13-13.3.0	Os	libxinerama-1.0.3	selected		gcc-13-13.3.0/libxinerama-1.0.3/Os/install/lib/libXinerama.a
libXinerama.a	libxinerama	major-alternative	clang-18-18.1.3	O0	libxinerama-1.0.3	selected		clang-18-18.1.3/libxinerama-1.0.3/O0/install/lib/libXinerama.a
libXinerama.a	libxinerama	major-alternative	clang-18-18.1.3	O2	libxinerama-1.0.3	selected		clang-18-18.1.3/libxinerama-1.0.3/O2/install/lib/libXinerama.a
libXinerama.a	libxinerama	major-alternative	clang-18-18.1.3	O3	libxinerama-1.0.3	selected		clang-18-18.1.3/libxinerama-1.0.3/O3/install/lib/libXinerama.a
libXinerama.a	libxinerama	major-alternative	clang-18-18.1.3	Os	libxinerama-1.0.3	selected		clang-18-18.1.3/libxinerama-1.0.3/Os/install/lib/libXinerama.a
libXrandr.a	libxrandr	current	gcc-11-11.5.0	O0	libxrandr-1.5.2	selected		gcc-11-11.5.0/libxrandr-1.5.2/O0/install/lib/libXrandr.a
libXrandr.a	libxrandr	current	gcc-11-11.5.0	O2	libxrandr-1.5.2	selected		gcc-11-11.5.0/libxrandr-1.5.2/O2/install/lib/libXrandr.a
libXrandr.a	libxrandr	current	gcc-11-11.5.0	O3	libxrandr-1.5.2	selected		gcc-11-11.5.0/libxrandr-1.5.2/O3/install/lib/libXrandr.a
libXrandr.a	libxrandr	current	gcc-11-11.5.0	Os	libxrandr-1.5.2	selected		gcc-11-11.5.0/libxrandr-1.5.2/Os/install/lib/libXrandr.a
libXrandr.a	libxrandr	current	gcc-13-13.3.0	O0	libxrandr-1.5.2	selected		gcc-13-13.3.0/libxrandr-1.5.2/O0/install/lib/libXrandr.a
libXrandr.a	libxrandr	current	gcc-13-13.3.0	O2	libxrandr-1.5.2	selected		gcc-13-13.3.0/libxrandr-1.5.2/O2/install/lib/libXrandr.a
libXrandr.a	libxrandr	current	gcc-13-13.3.0	O3	libxrandr-1.5.2	selected		gcc-13-13.3.0/libxrandr-1.5.2/O3/install/lib/libXrandr.a
libXrandr.a	libxrandr	current	gcc-13-13.3.0	Os	libxrandr-1.5.2	selected		gcc-13-13.3.0/libxrandr-1.5.2/Os/install/lib/libXrandr.a
libXrandr.a	libxrandr	current	clang-14-14.0.6	O0	libxrandr-1.5.2	selected		clang-14-14.0.6/libxrandr-1.5.2/O0/install/lib/libXrandr.a
libXrandr.a	libxrandr	current	clang-14-14.0.6	O2	libxrandr-1.5.2	selected		clang-14-14.0.6/libxrandr-1.5.2/O2/install/lib/libXrandr.a
libXrandr.a	libxrandr	current	clang-14-14.0.6	O3	libxrandr-1.5.2	selected		clang-14-14.0.6/libxrandr-1.5.2/O3/install/lib/libXrandr.a
libXrandr.a	libxrandr	current	clang-14-14.0.6	Os	libxrandr-1.5.2	selected		clang-14-14.0.6/libxrandr-1.5.2/Os/install/lib/libXrandr.a
libXrandr.a	libxrandr	current	clang-18-18.1.3	O0	libxrandr-1.5.2	selected		clang-18-18.1.3/libxrandr-1.5.2/O0/install/lib/libXrandr.a
libXrandr.a	libxrandr	current	clang-18-18.1.3	O2	libxrandr-1.5.2	selected		clang-18-18.1.3/libxrandr-1.5.2/O2/install/lib/libXrandr.a
libXrandr.a	libxrandr	current	clang-18-18.1.3	O3	libxrandr-1.5.2	selected		clang-18-18.1.3/libxrandr-1.5.2/O3/install/lib/libXrandr.a
libXrandr.a	libxrandr	current	clang-18-18.1.3	Os	libxrandr-1.5.2	selected		clang-18-18.1.3/libxrandr-1.5.2/Os/install/lib/libXrandr.a
libXrandr.a	libxrandr	minor-alternative	gcc-13-13.3.0	O0	libxrandr-1.5.1	selected		gcc-13-13.3.0/libxrandr-1.5.1/O0/install/lib/libXrandr.a
libXrandr.a	libxrandr	minor-alternative	gcc-13-13.3.0	O2	libxrandr-1.5.1	selected		gcc-13-13.3.0/libxrandr-1.5.1/O2/install/lib/libXrandr.a
libXrandr.a	libxrandr	minor-alternative	gcc-13-13.3.0	O3	libxrandr-1.5.1	selected		gcc-13-13.3.0/libxrandr-1.5.1/O3/install/lib/libXrandr.a
libXrandr.a	libxrandr	minor-alternative	gcc-13-13.3.0	Os	libxrandr-1.5.1	selected		gcc-13-13.3.0/libxrandr-1.5.1/Os/install/lib/libXrandr.a
libXrandr.a	libxrandr	minor-alternative	clang-18-18.1.3	O0	libxrandr-1.5.1	selected		clang-18-18.1.3/libxrandr-1.5.1/O0/install/lib/libXrandr.a
libXrandr.a	libxrandr	minor-alternative	clang-18-18.1.3	O2	libxrandr-1.5.1	selected		clang-18-18.1.3/libxrandr-1.5.1/O2/install/lib/libXrandr.a
libXrandr.a	libxrandr	minor-alternative	clang-18-18.1.3	O3	libxrandr-1.5.1	selected		clang-18-18.1.3/libxrandr-1.5.1/O3/install/lib/libXrandr.a
libXrandr.a	libxrandr	minor-alternative	clang-18-18.1.3	Os	libxrandr-1.5.1	selected		clang-18-18.1.3/libxrandr-1.5.1/Os/install/lib/libXrandr.a
libXrandr.a	libxrandr	major-alternative	gcc-13-13.3.0	O0	libxrandr-1.4.2	selected		gcc-13-13.3.0/libxrandr-1.4.2/O0/install/lib/libXrandr.a
libXrandr.a	libxrandr	major-alternative	gcc-13-13.3.0	O2	libxrandr-1.4.2	selected		gcc-13-13.3.0/libxrandr-1.4.2/O2/install/lib/libXrandr.a
libXrandr.a	libxrandr	major-alternative	gcc-13-13.3.0	O3	libxrandr-1.4.2	selected		gcc-13-13.3.0/libxrandr-1.4.2/O3/install/lib/libXrandr.a
libXrandr.a	libxrandr	major-alternative	gcc-13-13.3.0	Os	libxrandr-1.4.2	selected		gcc-13-13.3.0/libxrandr-1.4.2/Os/install/lib/libXrandr.a
libXrandr.a	libxrandr	major-alternative	clang-18-18.1.3	O0	libxrandr-1.4.2	selected		clang-18-18.1.3/libxrandr-1.4.2/O0/install/lib/libXrandr.a
libXrandr.a	libxrandr	major-alternative	clang-18-18.1.3	O2	libxrandr-1.4.2	selected		clang-18-18.1.3/libxrandr-1.4.2/O2/install/lib/libXrandr.a
libXrandr.a	libxrandr	major-alternative	clang-18-18.1.3	O3	libxrandr-1.4.2	selected		clang-18-18.1.3/libxrandr-1.4.2/O3/install/lib/libXrandr.a
libXrandr.a	libxrandr	major-alternative	clang-18-18.1.3	Os	libxrandr-1.4.2	selected		clang-18-18.1.3/libxrandr-1.4.2/Os/install/lib/libXrandr.a
libXrender.a	libxrender	current	gcc-11-11.5.0	O0	libxrender-0.9.10	selected		gcc-11-11.5.0/libxrender-0.9.10/O0/install/lib/libXrender.a
libXrender.a	libxrender	current	gcc-11-11.5.0	O2	libxrender-0.9.10	selected		gcc-11-11.5.0/libxrender-0.9.10/O2/install/lib/libXrender.a
libXrender.a	libxrender	current	gcc-11-11.5.0	O3	libxrender-0.9.10	selected		gcc-11-11.5.0/libxrender-0.9.10/O3/install/lib/libXrender.a
libXrender.a	libxrender	current	gcc-11-11.5.0	Os	libxrender-0.9.10	selected		gcc-11-11.5.0/libxrender-0.9.10/Os/install/lib/libXrender.a
libXrender.a	libxrender	current	gcc-13-13.3.0	O0	libxrender-0.9.10	selected		gcc-13-13.3.0/libxrender-0.9.10/O0/install/lib/libXrender.a
libXrender.a	libxrender	current	gcc-13-13.3.0	O2	libxrender-0.9.10	selected		gcc-13-13.3.0/libxrender-0.9.10/O2/install/lib/libXrender.a
libXrender.a	libxrender	current	gcc-13-13.3.0	O3	libxrender-0.9.10	selected		gcc-13-13.3.0/libxrender-0.9.10/O3/install/lib/libXrender.a
libXrender.a	libxrender	current	gcc-13-13.3.0	Os	libxrender-0.9.10	selected		gcc-13-13.3.0/libxrender-0.9.10/Os/install/lib/libXrender.a
libXrender.a	libxrender	current	clang-14-14.0.6	O0	libxrender-0.9.10	selected		clang-14-14.0.6/libxrender-0.9.10/O0/install/lib/libXrender.a
libXrender.a	libxrender	current	clang-14-14.0.6	O2	libxrender-0.9.10	selected		clang-14-14.0.6/libxrender-0.9.10/O2/install/lib/libXrender.a
libXrender.a	libxrender	current	clang-14-14.0.6	O3	libxrender-0.9.10	selected		clang-14-14.0.6/libxrender-0.9.10/O3/install/lib/libXrender.a
libXrender.a	libxrender	current	clang-14-14.0.6	Os	libxrender-0.9.10	selected		clang-14-14.0.6/libxrender-0.9.10/Os/install/lib/libXrender.a
libXrender.a	libxrender	current	clang-18-18.1.3	O0	libxrender-0.9.10	selected		clang-18-18.1.3/libxrender-0.9.10/O0/install/lib/libXrender.a
libXrender.a	libxrender	current	clang-18-18.1.3	O2	libxrender-0.9.10	selected		clang-18-18.1.3/libxrender-0.9.10/O2/install/lib/libXrender.a
libXrender.a	libxrender	current	clang-18-18.1.3	O3	libxrender-0.9.10	selected		clang-18-18.1.3/libxrender-0.9.10/O3/install/lib/libXrender.a
libXrender.a	libxrender	current	clang-18-18.1.3	Os	libxrender-0.9.10	selected		clang-18-18.1.3/libxrender-0.9.10/Os/install/lib/libXrender.a
libXrender.a	libxrender	minor-alternative	gcc-13-13.3.0	O0	libxrender-0.9.9	missing	variant_not_built_or_unsupported	
libXrender.a	libxrender	minor-alternative	gcc-13-13.3.0	O2	libxrender-0.9.9	missing	variant_not_built_or_unsupported	
libXrender.a	libxrender	minor-alternative	gcc-13-13.3.0	O3	libxrender-0.9.9	missing	variant_not_built_or_unsupported	
libXrender.a	libxrender	minor-alternative	gcc-13-13.3.0	Os	libxrender-0.9.9	missing	variant_not_built_or_unsupported	
libXrender.a	libxrender	minor-alternative	clang-18-18.1.3	O0	libxrender-0.9.9	missing	variant_not_built_or_unsupported	
libXrender.a	libxrender	minor-alternative	clang-18-18.1.3	O2	libxrender-0.9.9	missing	variant_not_built_or_unsupported	
libXrender.a	libxrender	minor-alternative	clang-18-18.1.3	O3	libxrender-0.9.9	missing	variant_not_built_or_unsupported	
libXrender.a	libxrender	minor-alternative	clang-18-18.1.3	Os	libxrender-0.9.9	missing	variant_not_built_or_unsupported	
libXrender.a	libxrender	major-alternative	gcc-13-13.3.0	O0	libxrender-0.9.2	selected		gcc-13-13.3.0/libxrender-0.9.2/O0/install/lib/libXrender.a
libXrender.a	libxrender	major-alternative	gcc-13-13.3.0	O2	libxrender-0.9.2	selected		gcc-13-13.3.0/libxrender-0.9.2/O2/install/lib/libXrender.a
libXrender.a	libxrender	major-alternative	gcc-13-13.3.0	O3	libxrender-0.9.2	selected		gcc-13-13.3.0/libxrender-0.9.2/O3/install/lib/libXrender.a
libXrender.a	libxrender	major-alternative	gcc-13-13.3.0	Os	libxrender-0.9.2	selected		gcc-13-13.3.0/libxrender-0.9.2/Os/install/lib/libXrender.a
libXrender.a	libxrender	major-alternative	clang-18-18.1.3	O0	libxrender-0.9.2	selected		clang-18-18.1.3/libxrender-0.9.2/O0/install/lib/libXrender.a
libXrender.a	libxrender	major-alternative	clang-18-18.1.3	O2	libxrender-0.9.2	selected		clang-18-18.1.3/libxrender-0.9.2/O2/install/lib/libXrender.a
libXrender.a	libxrender	major-alternative	clang-18-18.1.3	O3	libxrender-0.9.2	selected		clang-18-18.1.3/libxrender-0.9.2/O3/install/lib/libXrender.a
libXrender.a	libxrender	major-alternative	clang-18-18.1.3	Os	libxrender-0.9.2	selected		clang-18-18.1.3/libxrender-0.9.2/Os/install/lib/libXrender.a
libXt.a	libxt	current	gcc-11-11.5.0	O0	libxt-1.2.1	selected		gcc-11-11.5.0/libxt-1.2.1/O0/install/lib/libXt.a
libXt.a	libxt	current	gcc-11-11.5.0	O2	libxt-1.2.1	selected		gcc-11-11.5.0/libxt-1.2.1/O2/install/lib/libXt.a
libXt.a	libxt	current	gcc-11-11.5.0	O3	libxt-1.2.1	selected		gcc-11-11.5.0/libxt-1.2.1/O3/install/lib/libXt.a
libXt.a	libxt	current	gcc-11-11.5.0	Os	libxt-1.2.1	selected		gcc-11-11.5.0/libxt-1.2.1/Os/install/lib/libXt.a
libXt.a	libxt	current	gcc-13-13.3.0	O0	libxt-1.2.1	selected		gcc-13-13.3.0/libxt-1.2.1/O0/install/lib/libXt.a
libXt.a	libxt	current	gcc-13-13.3.0	O2	libxt-1.2.1	selected		gcc-13-13.3.0/libxt-1.2.1/O2/install/lib/libXt.a
libXt.a	libxt	current	gcc-13-13.3.0	O3	libxt-1.2.1	selected		gcc-13-13.3.0/libxt-1.2.1/O3/install/lib/libXt.a
libXt.a	libxt	current	gcc-13-13.3.0	Os	libxt-1.2.1	selected		gcc-13-13.3.0/libxt-1.2.1/Os/install/lib/libXt.a
libXt.a	libxt	current	clang-14-14.0.6	O0	libxt-1.2.1	selected		clang-14-14.0.6/libxt-1.2.1/O0/install/lib/libXt.a
libXt.a	libxt	current	clang-14-14.0.6	O2	libxt-1.2.1	selected		clang-14-14.0.6/libxt-1.2.1/O2/install/lib/libXt.a
libXt.a	libxt	current	clang-14-14.0.6	O3	libxt-1.2.1	selected		clang-14-14.0.6/libxt-1.2.1/O3/install/lib/libXt.a
libXt.a	libxt	current	clang-14-14.0.6	Os	libxt-1.2.1	selected		clang-14-14.0.6/libxt-1.2.1/Os/install/lib/libXt.a
libXt.a	libxt	current	clang-18-18.1.3	O0	libxt-1.2.1	selected		clang-18-18.1.3/libxt-1.2.1/O0/install/lib/libXt.a
libXt.a	libxt	current	clang-18-18.1.3	O2	libxt-1.2.1	selected		clang-18-18.1.3/libxt-1.2.1/O2/install/lib/libXt.a
libXt.a	libxt	current	clang-18-18.1.3	O3	libxt-1.2.1	selected		clang-18-18.1.3/libxt-1.2.1/O3/install/lib/libXt.a
libXt.a	libxt	current	clang-18-18.1.3	Os	libxt-1.2.1	selected		clang-18-18.1.3/libxt-1.2.1/Os/install/lib/libXt.a
libXt.a	libxt	minor-alternative	gcc-13-13.3.0	O0	libxt-1.2.0	selected		gcc-13-13.3.0/libxt-1.2.0/O0/install/lib/libXt.a
libXt.a	libxt	minor-alternative	gcc-13-13.3.0	O2	libxt-1.2.0	selected		gcc-13-13.3.0/libxt-1.2.0/O2/install/lib/libXt.a
libXt.a	libxt	minor-alternative	gcc-13-13.3.0	O3	libxt-1.2.0	selected		gcc-13-13.3.0/libxt-1.2.0/O3/install/lib/libXt.a
libXt.a	libxt	minor-alternative	gcc-13-13.3.0	Os	libxt-1.2.0	selected		gcc-13-13.3.0/libxt-1.2.0/Os/install/lib/libXt.a
libXt.a	libxt	minor-alternative	clang-18-18.1.3	O0	libxt-1.2.0	selected		clang-18-18.1.3/libxt-1.2.0/O0/install/lib/libXt.a
libXt.a	libxt	minor-alternative	clang-18-18.1.3	O2	libxt-1.2.0	selected		clang-18-18.1.3/libxt-1.2.0/O2/install/lib/libXt.a
libXt.a	libxt	minor-alternative	clang-18-18.1.3	O3	libxt-1.2.0	selected		clang-18-18.1.3/libxt-1.2.0/O3/install/lib/libXt.a
libXt.a	libxt	minor-alternative	clang-18-18.1.3	Os	libxt-1.2.0	selected		clang-18-18.1.3/libxt-1.2.0/Os/install/lib/libXt.a
libXt.a	libxt	major-alternative	gcc-13-13.3.0	O0	libxt-1.1.5	selected		gcc-13-13.3.0/libxt-1.1.5/O0/install/lib/libXt.a
libXt.a	libxt	major-alternative	gcc-13-13.3.0	O2	libxt-1.1.5	selected		gcc-13-13.3.0/libxt-1.1.5/O2/install/lib/libXt.a
libXt.a	libxt	major-alternative	gcc-13-13.3.0	O3	libxt-1.1.5	selected		gcc-13-13.3.0/libxt-1.1.5/O3/install/lib/libXt.a
libXt.a	libxt	major-alternative	gcc-13-13.3.0	Os	libxt-1.1.5	selected		gcc-13-13.3.0/libxt-1.1.5/Os/install/lib/libXt.a
libXt.a	libxt	major-alternative	clang-18-18.1.3	O0	libxt-1.1.5	selected		clang-18-18.1.3/libxt-1.1.5/O0/install/lib/libXt.a
libXt.a	libxt	major-alternative	clang-18-18.1.3	O2	libxt-1.1.5	selected		clang-18-18.1.3/libxt-1.1.5/O2/install/lib/libXt.a
libXt.a	libxt	major-alternative	clang-18-18.1.3	O3	libxt-1.1.5	selected		clang-18-18.1.3/libxt-1.1.5/O3/install/lib/libXt.a
libXt.a	libxt	major-alternative	clang-18-18.1.3	Os	libxt-1.1.5	selected		clang-18-18.1.3/libxt-1.1.5/Os/install/lib/libXt.a
libacl.a	acl	current	gcc-11-11.5.0	O0	acl-2.3.2|acl-2.3.2-1	selected		gcc-11-11.5.0/acl-2.3.2/O0/install/lib/libacl.a
libacl.a	acl	current	gcc-11-11.5.0	O2	acl-2.3.2|acl-2.3.2-1	selected		gcc-11-11.5.0/acl-2.3.2/O2/install/lib/libacl.a
libacl.a	acl	current	gcc-11-11.5.0	O3	acl-2.3.2|acl-2.3.2-1	selected		gcc-11-11.5.0/acl-2.3.2/O3/install/lib/libacl.a
libacl.a	acl	current	gcc-11-11.5.0	Os	acl-2.3.2|acl-2.3.2-1	selected		gcc-11-11.5.0/acl-2.3.2/Os/install/lib/libacl.a
libacl.a	acl	current	gcc-13-13.3.0	O0	acl-2.3.2|acl-2.3.2-1	selected		gcc-13-13.3.0/acl-2.3.2/O0/install/lib/libacl.a
libacl.a	acl	current	gcc-13-13.3.0	O2	acl-2.3.2|acl-2.3.2-1	selected		gcc-13-13.3.0/acl-2.3.2/O2/install/lib/libacl.a
libacl.a	acl	current	gcc-13-13.3.0	O3	acl-2.3.2|acl-2.3.2-1	selected		gcc-13-13.3.0/acl-2.3.2/O3/install/lib/libacl.a
libacl.a	acl	current	gcc-13-13.3.0	Os	acl-2.3.2|acl-2.3.2-1	selected		gcc-13-13.3.0/acl-2.3.2/Os/install/lib/libacl.a
libacl.a	acl	current	clang-14-14.0.6	O0	acl-2.3.2|acl-2.3.2-1	selected		clang-14-14.0.6/acl-2.3.2/O0/install/lib/libacl.a
libacl.a	acl	current	clang-14-14.0.6	O2	acl-2.3.2|acl-2.3.2-1	selected		clang-14-14.0.6/acl-2.3.2/O2/install/lib/libacl.a
libacl.a	acl	current	clang-14-14.0.6	O3	acl-2.3.2|acl-2.3.2-1	selected		clang-14-14.0.6/acl-2.3.2/O3/install/lib/libacl.a
libacl.a	acl	current	clang-14-14.0.6	Os	acl-2.3.2|acl-2.3.2-1	selected		clang-14-14.0.6/acl-2.3.2/Os/install/lib/libacl.a
libacl.a	acl	current	clang-18-18.1.3	O0	acl-2.3.2|acl-2.3.2-1	selected		clang-18-18.1.3/acl-2.3.2/O0/install/lib/libacl.a
libacl.a	acl	current	clang-18-18.1.3	O2	acl-2.3.2|acl-2.3.2-1	selected		clang-18-18.1.3/acl-2.3.2/O2/install/lib/libacl.a
libacl.a	acl	current	clang-18-18.1.3	O3	acl-2.3.2|acl-2.3.2-1	selected		clang-18-18.1.3/acl-2.3.2/O3/install/lib/libacl.a
libacl.a	acl	current	clang-18-18.1.3	Os	acl-2.3.2|acl-2.3.2-1	selected		clang-18-18.1.3/acl-2.3.2/Os/install/lib/libacl.a
libacl.a	acl	minor-alternative	gcc-13-13.3.0	O0	acl-2.2.53-9	selected		gcc-13-13.3.0/acl-2.2.53-9/O0/install/lib/libacl.a
libacl.a	acl	minor-alternative	gcc-13-13.3.0	O2	acl-2.2.53-9	selected		gcc-13-13.3.0/acl-2.2.53-9/O2/install/lib/libacl.a
libacl.a	acl	minor-alternative	gcc-13-13.3.0	O3	acl-2.2.53-9	selected		gcc-13-13.3.0/acl-2.2.53-9/O3/install/lib/libacl.a
libacl.a	acl	minor-alternative	gcc-13-13.3.0	Os	acl-2.2.53-9	selected		gcc-13-13.3.0/acl-2.2.53-9/Os/install/lib/libacl.a
libacl.a	acl	minor-alternative	clang-18-18.1.3	O0	acl-2.2.53-9	selected		clang-18-18.1.3/acl-2.2.53-9/O0/install/lib/libacl.a
libacl.a	acl	minor-alternative	clang-18-18.1.3	O2	acl-2.2.53-9	selected		clang-18-18.1.3/acl-2.2.53-9/O2/install/lib/libacl.a
libacl.a	acl	minor-alternative	clang-18-18.1.3	O3	acl-2.2.53-9	selected		clang-18-18.1.3/acl-2.2.53-9/O3/install/lib/libacl.a
libacl.a	acl	minor-alternative	clang-18-18.1.3	Os	acl-2.2.53-9	selected		clang-18-18.1.3/acl-2.2.53-9/Os/install/lib/libacl.a
libacl.a	acl	major-alternative	gcc-13-13.3.0	O0	acl-2.0.8-1	selected		gcc-13-13.3.0/acl-2.0.8-1/O0/install/lib/libacl.a
libacl.a	acl	major-alternative	gcc-13-13.3.0	O2	acl-2.0.8-1	selected		gcc-13-13.3.0/acl-2.0.8-1/O2/install/lib/libacl.a
libacl.a	acl	major-alternative	gcc-13-13.3.0	O3	acl-2.0.8-1	selected		gcc-13-13.3.0/acl-2.0.8-1/O3/install/lib/libacl.a
libacl.a	acl	major-alternative	gcc-13-13.3.0	Os	acl-2.0.8-1	selected		gcc-13-13.3.0/acl-2.0.8-1/Os/install/lib/libacl.a
libacl.a	acl	major-alternative	clang-18-18.1.3	O0	acl-2.0.8-1	selected		clang-18-18.1.3/acl-2.0.8-1/O0/install/lib/libacl.a
libacl.a	acl	major-alternative	clang-18-18.1.3	O2	acl-2.0.8-1	selected		clang-18-18.1.3/acl-2.0.8-1/O2/install/lib/libacl.a
libacl.a	acl	major-alternative	clang-18-18.1.3	O3	acl-2.0.8-1	selected		clang-18-18.1.3/acl-2.0.8-1/O3/install/lib/libacl.a
libacl.a	acl	major-alternative	clang-18-18.1.3	Os	acl-2.0.8-1	selected		clang-18-18.1.3/acl-2.0.8-1/Os/install/lib/libacl.a
libanl.a	glibc	current	gcc-11-11.5.0	O0	glibc-2.41	missing	unsupported_optimization	
libanl.a	glibc	current	gcc-11-11.5.0	O2	glibc-2.41	selected		gcc-11-11.5.0/glibc-2.41/O2/install/lib/libanl.a
libanl.a	glibc	current	gcc-11-11.5.0	O3	glibc-2.41	selected		gcc-11-11.5.0/glibc-2.41/O3/install/lib/libanl.a
libanl.a	glibc	current	gcc-11-11.5.0	Os	glibc-2.41	selected		gcc-11-11.5.0/glibc-2.41/Os/install/lib/libanl.a
libanl.a	glibc	current	gcc-13-13.3.0	O0	glibc-2.41	missing	unsupported_optimization	
libanl.a	glibc	current	gcc-13-13.3.0	O2	glibc-2.41	selected		gcc-13-13.3.0/glibc-2.41/O2/install/lib/libanl.a
libanl.a	glibc	current	gcc-13-13.3.0	O3	glibc-2.41	selected		gcc-13-13.3.0/glibc-2.41/O3/install/lib/libanl.a
libanl.a	glibc	current	gcc-13-13.3.0	Os	glibc-2.41	selected		gcc-13-13.3.0/glibc-2.41/Os/install/lib/libanl.a
libanl.a	glibc	current	clang-14-14.0.6	O0	glibc-2.41	missing	unsupported_compiler	
libanl.a	glibc	current	clang-14-14.0.6	O2	glibc-2.41	missing	unsupported_compiler	
libanl.a	glibc	current	clang-14-14.0.6	O3	glibc-2.41	missing	unsupported_compiler	
libanl.a	glibc	current	clang-14-14.0.6	Os	glibc-2.41	missing	unsupported_compiler	
libanl.a	glibc	current	clang-18-18.1.3	O0	glibc-2.41	missing	unsupported_compiler	
libanl.a	glibc	current	clang-18-18.1.3	O2	glibc-2.41	missing	unsupported_compiler	
libanl.a	glibc	current	clang-18-18.1.3	O3	glibc-2.41	missing	unsupported_compiler	
libanl.a	glibc	current	clang-18-18.1.3	Os	glibc-2.41	missing	unsupported_compiler	
libanl.a	glibc	minor-alternative	gcc-13-13.3.0	O0	glibc-2.39	missing	unsupported_optimization	
libanl.a	glibc	minor-alternative	gcc-13-13.3.0	O2	glibc-2.39	missing	archive_not_produced_by_version	
libanl.a	glibc	minor-alternative	gcc-13-13.3.0	O3	glibc-2.39	missing	archive_not_produced_by_version	
libanl.a	glibc	minor-alternative	gcc-13-13.3.0	Os	glibc-2.39	missing	archive_not_produced_by_version	
libanl.a	glibc	minor-alternative	clang-18-18.1.3	O0	glibc-2.39	missing	unsupported_compiler	
libanl.a	glibc	minor-alternative	clang-18-18.1.3	O2	glibc-2.39	missing	unsupported_compiler	
libanl.a	glibc	minor-alternative	clang-18-18.1.3	O3	glibc-2.39	missing	unsupported_compiler	
libanl.a	glibc	minor-alternative	clang-18-18.1.3	Os	glibc-2.39	missing	unsupported_compiler	
libanl.a	glibc	major-alternative	gcc-13-13.3.0	O0	glibc-2.17	missing	unsupported_optimization	
libanl.a	glibc	major-alternative	gcc-13-13.3.0	O2	glibc-2.17	missing	archive_not_produced_by_version	
libanl.a	glibc	major-alternative	gcc-13-13.3.0	O3	glibc-2.17	missing	archive_not_produced_by_version	
libanl.a	glibc	major-alternative	gcc-13-13.3.0	Os	glibc-2.17	missing	archive_not_produced_by_version	
libanl.a	glibc	major-alternative	clang-18-18.1.3	O0	glibc-2.17	missing	unsupported_compiler	
libanl.a	glibc	major-alternative	clang-18-18.1.3	O2	glibc-2.17	missing	unsupported_compiler	
libanl.a	glibc	major-alternative	clang-18-18.1.3	O3	glibc-2.17	missing	unsupported_compiler	
libanl.a	glibc	major-alternative	clang-18-18.1.3	Os	glibc-2.17	missing	unsupported_compiler	
libapps.a	openssl	current	gcc-11-11.5.0	O0	openssl-3.5.0	missing	archive_not_produced_by_version	
libapps.a	openssl	current	gcc-11-11.5.0	O2	openssl-3.5.0	missing	archive_not_produced_by_version	
libapps.a	openssl	current	gcc-11-11.5.0	O3	openssl-3.5.0	missing	archive_not_produced_by_version	
libapps.a	openssl	current	gcc-11-11.5.0	Os	openssl-3.5.0	missing	archive_not_produced_by_version	
libapps.a	openssl	current	gcc-13-13.3.0	O0	openssl-3.5.0	missing	archive_not_produced_by_version	
libapps.a	openssl	current	gcc-13-13.3.0	O2	openssl-3.5.0	missing	archive_not_produced_by_version	
libapps.a	openssl	current	gcc-13-13.3.0	O3	openssl-3.5.0	missing	archive_not_produced_by_version	
libapps.a	openssl	current	gcc-13-13.3.0	Os	openssl-3.5.0	missing	archive_not_produced_by_version	
libapps.a	openssl	current	clang-14-14.0.6	O0	openssl-3.5.0	missing	archive_not_produced_by_version	
libapps.a	openssl	current	clang-14-14.0.6	O2	openssl-3.5.0	missing	archive_not_produced_by_version	
libapps.a	openssl	current	clang-14-14.0.6	O3	openssl-3.5.0	missing	archive_not_produced_by_version	
libapps.a	openssl	current	clang-14-14.0.6	Os	openssl-3.5.0	missing	archive_not_produced_by_version	
libapps.a	openssl	current	clang-18-18.1.3	O0	openssl-3.5.0	missing	archive_not_produced_by_version	
libapps.a	openssl	current	clang-18-18.1.3	O2	openssl-3.5.0	missing	archive_not_produced_by_version	
libapps.a	openssl	current	clang-18-18.1.3	O3	openssl-3.5.0	missing	archive_not_produced_by_version	
libapps.a	openssl	current	clang-18-18.1.3	Os	openssl-3.5.0	missing	archive_not_produced_by_version	
libapps.a	openssl	minor-alternative	gcc-13-13.3.0	O0	openssl-3.0.12	selected		gcc-13-13.3.0/openssl-3.0.12/O0/install/lib/libapps.a
libapps.a	openssl	minor-alternative	gcc-13-13.3.0	O2	openssl-3.0.12	selected		gcc-13-13.3.0/openssl-3.0.12/O2/install/lib/libapps.a
libapps.a	openssl	minor-alternative	gcc-13-13.3.0	O3	openssl-3.0.12	missing	archive_not_produced_by_version	
libapps.a	openssl	minor-alternative	gcc-13-13.3.0	Os	openssl-3.0.12	missing	archive_not_produced_by_version	
libapps.a	openssl	minor-alternative	clang-18-18.1.3	O0	openssl-3.0.12	missing	archive_not_produced_by_version	
libapps.a	openssl	minor-alternative	clang-18-18.1.3	O2	openssl-3.0.12	missing	archive_not_produced_by_version	
libapps.a	openssl	minor-alternative	clang-18-18.1.3	O3	openssl-3.0.12	missing	archive_not_produced_by_version	
libapps.a	openssl	minor-alternative	clang-18-18.1.3	Os	openssl-3.0.12	missing	archive_not_produced_by_version	
libapps.a	openssl	major-alternative	gcc-13-13.3.0	O0	openssl-1.1.1w	selected		gcc-13-13.3.0/openssl-1.1.1w/O0/install/lib/libapps.a
libapps.a	openssl	major-alternative	gcc-13-13.3.0	O2	openssl-1.1.1w	selected		gcc-13-13.3.0/openssl-1.1.1w/O2/install/lib/libapps.a
libapps.a	openssl	major-alternative	gcc-13-13.3.0	O3	openssl-1.1.1w	selected		gcc-13-13.3.0/openssl-1.1.1w/O3/install/lib/libapps.a
libapps.a	openssl	major-alternative	gcc-13-13.3.0	Os	openssl-1.1.1w	selected		gcc-13-13.3.0/openssl-1.1.1w/Os/install/lib/libapps.a
libapps.a	openssl	major-alternative	clang-18-18.1.3	O0	openssl-1.1.1w	selected		clang-18-18.1.3/openssl-1.1.1w/O0/install/lib/libapps.a
libapps.a	openssl	major-alternative	clang-18-18.1.3	O2	openssl-1.1.1w	selected		clang-18-18.1.3/openssl-1.1.1w/O2/install/lib/libapps.a
libapps.a	openssl	major-alternative	clang-18-18.1.3	O3	openssl-1.1.1w	selected		clang-18-18.1.3/openssl-1.1.1w/O3/install/lib/libapps.a
libapps.a	openssl	major-alternative	clang-18-18.1.3	Os	openssl-1.1.1w	selected		clang-18-18.1.3/openssl-1.1.1w/Os/install/lib/libapps.a
libatk-1.0.a	at-spi2-core	current	gcc-11-11.5.0	O0	at-spi2-core-2.52.0	selected		gcc-11-11.5.0/at-spi2-core-2.52.0/O0/install/lib/libatk-1.0.a
libatk-1.0.a	at-spi2-core	current	gcc-11-11.5.0	O2	at-spi2-core-2.52.0	selected		gcc-11-11.5.0/at-spi2-core-2.52.0/O2/install/lib/libatk-1.0.a
libatk-1.0.a	at-spi2-core	current	gcc-11-11.5.0	O3	at-spi2-core-2.52.0	selected		gcc-11-11.5.0/at-spi2-core-2.52.0/O3/install/lib/libatk-1.0.a
libatk-1.0.a	at-spi2-core	current	gcc-11-11.5.0	Os	at-spi2-core-2.52.0	selected		gcc-11-11.5.0/at-spi2-core-2.52.0/Os/install/lib/libatk-1.0.a
libatk-1.0.a	at-spi2-core	current	gcc-13-13.3.0	O0	at-spi2-core-2.52.0	selected		gcc-13-13.3.0/at-spi2-core-2.52.0/O0/install/lib/libatk-1.0.a
libatk-1.0.a	at-spi2-core	current	gcc-13-13.3.0	O2	at-spi2-core-2.52.0	selected		gcc-13-13.3.0/at-spi2-core-2.52.0/O2/install/lib/libatk-1.0.a
libatk-1.0.a	at-spi2-core	current	gcc-13-13.3.0	O3	at-spi2-core-2.52.0	selected		gcc-13-13.3.0/at-spi2-core-2.52.0/O3/install/lib/libatk-1.0.a
libatk-1.0.a	at-spi2-core	current	gcc-13-13.3.0	Os	at-spi2-core-2.52.0	selected		gcc-13-13.3.0/at-spi2-core-2.52.0/Os/install/lib/libatk-1.0.a
libatk-1.0.a	at-spi2-core	current	clang-14-14.0.6	O0	at-spi2-core-2.52.0	selected		clang-14-14.0.6/at-spi2-core-2.52.0/O0/install/lib/libatk-1.0.a
libatk-1.0.a	at-spi2-core	current	clang-14-14.0.6	O2	at-spi2-core-2.52.0	selected		clang-14-14.0.6/at-spi2-core-2.52.0/O2/install/lib/libatk-1.0.a
libatk-1.0.a	at-spi2-core	current	clang-14-14.0.6	O3	at-spi2-core-2.52.0	selected		clang-14-14.0.6/at-spi2-core-2.52.0/O3/install/lib/libatk-1.0.a
libatk-1.0.a	at-spi2-core	current	clang-14-14.0.6	Os	at-spi2-core-2.52.0	selected		clang-14-14.0.6/at-spi2-core-2.52.0/Os/install/lib/libatk-1.0.a
libatk-1.0.a	at-spi2-core	current	clang-18-18.1.3	O0	at-spi2-core-2.52.0	selected		clang-18-18.1.3/at-spi2-core-2.52.0/O0/install/lib/libatk-1.0.a
libatk-1.0.a	at-spi2-core	current	clang-18-18.1.3	O2	at-spi2-core-2.52.0	selected		clang-18-18.1.3/at-spi2-core-2.52.0/O2/install/lib/libatk-1.0.a
libatk-1.0.a	at-spi2-core	current	clang-18-18.1.3	O3	at-spi2-core-2.52.0	selected		clang-18-18.1.3/at-spi2-core-2.52.0/O3/install/lib/libatk-1.0.a
libatk-1.0.a	at-spi2-core	current	clang-18-18.1.3	Os	at-spi2-core-2.52.0	selected		clang-18-18.1.3/at-spi2-core-2.52.0/Os/install/lib/libatk-1.0.a
libatk-1.0.a	at-spi2-core	minor-alternative	gcc-13-13.3.0	O0	at-spi2-core-2.51.90	selected		gcc-13-13.3.0/at-spi2-core-2.51.90/O0/install/lib/libatk-1.0.a
libatk-1.0.a	at-spi2-core	minor-alternative	gcc-13-13.3.0	O2	at-spi2-core-2.51.90	selected		gcc-13-13.3.0/at-spi2-core-2.51.90/O2/install/lib/libatk-1.0.a
libatk-1.0.a	at-spi2-core	minor-alternative	gcc-13-13.3.0	O3	at-spi2-core-2.51.90	selected		gcc-13-13.3.0/at-spi2-core-2.51.90/O3/install/lib/libatk-1.0.a
libatk-1.0.a	at-spi2-core	minor-alternative	gcc-13-13.3.0	Os	at-spi2-core-2.51.90	selected		gcc-13-13.3.0/at-spi2-core-2.51.90/Os/install/lib/libatk-1.0.a
libatk-1.0.a	at-spi2-core	minor-alternative	clang-18-18.1.3	O0	at-spi2-core-2.51.90	selected		clang-18-18.1.3/at-spi2-core-2.51.90/O0/install/lib/libatk-1.0.a
libatk-1.0.a	at-spi2-core	minor-alternative	clang-18-18.1.3	O2	at-spi2-core-2.51.90	selected		clang-18-18.1.3/at-spi2-core-2.51.90/O2/install/lib/libatk-1.0.a
libatk-1.0.a	at-spi2-core	minor-alternative	clang-18-18.1.3	O3	at-spi2-core-2.51.90	selected		clang-18-18.1.3/at-spi2-core-2.51.90/O3/install/lib/libatk-1.0.a
libatk-1.0.a	at-spi2-core	minor-alternative	clang-18-18.1.3	Os	at-spi2-core-2.51.90	selected		clang-18-18.1.3/at-spi2-core-2.51.90/Os/install/lib/libatk-1.0.a
libatk-1.0.a	at-spi2-core	major-alternative	gcc-13-13.3.0	O0	at-spi2-core-2.50.0	selected		gcc-13-13.3.0/at-spi2-core-2.50.0/O0/install/lib/libatk-1.0.a
libatk-1.0.a	at-spi2-core	major-alternative	gcc-13-13.3.0	O2	at-spi2-core-2.50.0	selected		gcc-13-13.3.0/at-spi2-core-2.50.0/O2/install/lib/libatk-1.0.a
libatk-1.0.a	at-spi2-core	major-alternative	gcc-13-13.3.0	O3	at-spi2-core-2.50.0	selected		gcc-13-13.3.0/at-spi2-core-2.50.0/O3/install/lib/libatk-1.0.a
libatk-1.0.a	at-spi2-core	major-alternative	gcc-13-13.3.0	Os	at-spi2-core-2.50.0	selected		gcc-13-13.3.0/at-spi2-core-2.50.0/Os/install/lib/libatk-1.0.a
libatk-1.0.a	at-spi2-core	major-alternative	clang-18-18.1.3	O0	at-spi2-core-2.50.0	selected		clang-18-18.1.3/at-spi2-core-2.50.0/O0/install/lib/libatk-1.0.a
libatk-1.0.a	at-spi2-core	major-alternative	clang-18-18.1.3	O2	at-spi2-core-2.50.0	selected		clang-18-18.1.3/at-spi2-core-2.50.0/O2/install/lib/libatk-1.0.a
libatk-1.0.a	at-spi2-core	major-alternative	clang-18-18.1.3	O3	at-spi2-core-2.50.0	selected		clang-18-18.1.3/at-spi2-core-2.50.0/O3/install/lib/libatk-1.0.a
libatk-1.0.a	at-spi2-core	major-alternative	clang-18-18.1.3	Os	at-spi2-core-2.50.0	selected		clang-18-18.1.3/at-spi2-core-2.50.0/Os/install/lib/libatk-1.0.a
libatk-bridge-2.0.a	at-spi2-core	current	gcc-11-11.5.0	O0	at-spi2-core-2.52.0	selected		gcc-11-11.5.0/at-spi2-core-2.52.0/O0/install/lib/libatk-bridge-2.0.a
libatk-bridge-2.0.a	at-spi2-core	current	gcc-11-11.5.0	O2	at-spi2-core-2.52.0	selected		gcc-11-11.5.0/at-spi2-core-2.52.0/O2/install/lib/libatk-bridge-2.0.a
libatk-bridge-2.0.a	at-spi2-core	current	gcc-11-11.5.0	O3	at-spi2-core-2.52.0	selected		gcc-11-11.5.0/at-spi2-core-2.52.0/O3/install/lib/libatk-bridge-2.0.a
libatk-bridge-2.0.a	at-spi2-core	current	gcc-11-11.5.0	Os	at-spi2-core-2.52.0	selected		gcc-11-11.5.0/at-spi2-core-2.52.0/Os/install/lib/libatk-bridge-2.0.a
libatk-bridge-2.0.a	at-spi2-core	current	gcc-13-13.3.0	O0	at-spi2-core-2.52.0	selected		gcc-13-13.3.0/at-spi2-core-2.52.0/O0/install/lib/libatk-bridge-2.0.a
libatk-bridge-2.0.a	at-spi2-core	current	gcc-13-13.3.0	O2	at-spi2-core-2.52.0	selected		gcc-13-13.3.0/at-spi2-core-2.52.0/O2/install/lib/libatk-bridge-2.0.a
libatk-bridge-2.0.a	at-spi2-core	current	gcc-13-13.3.0	O3	at-spi2-core-2.52.0	selected		gcc-13-13.3.0/at-spi2-core-2.52.0/O3/install/lib/libatk-bridge-2.0.a
libatk-bridge-2.0.a	at-spi2-core	current	gcc-13-13.3.0	Os	at-spi2-core-2.52.0	selected		gcc-13-13.3.0/at-spi2-core-2.52.0/Os/install/lib/libatk-bridge-2.0.a
libatk-bridge-2.0.a	at-spi2-core	current	clang-14-14.0.6	O0	at-spi2-core-2.52.0	selected		clang-14-14.0.6/at-spi2-core-2.52.0/O0/install/lib/libatk-bridge-2.0.a
libatk-bridge-2.0.a	at-spi2-core	current	clang-14-14.0.6	O2	at-spi2-core-2.52.0	selected		clang-14-14.0.6/at-spi2-core-2.52.0/O2/install/lib/libatk-bridge-2.0.a
libatk-bridge-2.0.a	at-spi2-core	current	clang-14-14.0.6	O3	at-spi2-core-2.52.0	selected		clang-14-14.0.6/at-spi2-core-2.52.0/O3/install/lib/libatk-bridge-2.0.a
libatk-bridge-2.0.a	at-spi2-core	current	clang-14-14.0.6	Os	at-spi2-core-2.52.0	selected		clang-14-14.0.6/at-spi2-core-2.52.0/Os/install/lib/libatk-bridge-2.0.a
libatk-bridge-2.0.a	at-spi2-core	current	clang-18-18.1.3	O0	at-spi2-core-2.52.0	selected		clang-18-18.1.3/at-spi2-core-2.52.0/O0/install/lib/libatk-bridge-2.0.a
libatk-bridge-2.0.a	at-spi2-core	current	clang-18-18.1.3	O2	at-spi2-core-2.52.0	selected		clang-18-18.1.3/at-spi2-core-2.52.0/O2/install/lib/libatk-bridge-2.0.a
libatk-bridge-2.0.a	at-spi2-core	current	clang-18-18.1.3	O3	at-spi2-core-2.52.0	selected		clang-18-18.1.3/at-spi2-core-2.52.0/O3/install/lib/libatk-bridge-2.0.a
libatk-bridge-2.0.a	at-spi2-core	current	clang-18-18.1.3	Os	at-spi2-core-2.52.0	selected		clang-18-18.1.3/at-spi2-core-2.52.0/Os/install/lib/libatk-bridge-2.0.a
libatk-bridge-2.0.a	at-spi2-core	minor-alternative	gcc-13-13.3.0	O0	at-spi2-core-2.51.90	selected		gcc-13-13.3.0/at-spi2-core-2.51.90/O0/install/lib/libatk-bridge-2.0.a
libatk-bridge-2.0.a	at-spi2-core	minor-alternative	gcc-13-13.3.0	O2	at-spi2-core-2.51.90	selected		gcc-13-13.3.0/at-spi2-core-2.51.90/O2/install/lib/libatk-bridge-2.0.a
libatk-bridge-2.0.a	at-spi2-core	minor-alternative	gcc-13-13.3.0	O3	at-spi2-core-2.51.90	selected		gcc-13-13.3.0/at-spi2-core-2.51.90/O3/install/lib/libatk-bridge-2.0.a
libatk-bridge-2.0.a	at-spi2-core	minor-alternative	gcc-13-13.3.0	Os	at-spi2-core-2.51.90	selected		gcc-13-13.3.0/at-spi2-core-2.51.90/Os/install/lib/libatk-bridge-2.0.a
libatk-bridge-2.0.a	at-spi2-core	minor-alternative	clang-18-18.1.3	O0	at-spi2-core-2.51.90	selected		clang-18-18.1.3/at-spi2-core-2.51.90/O0/install/lib/libatk-bridge-2.0.a
libatk-bridge-2.0.a	at-spi2-core	minor-alternative	clang-18-18.1.3	O2	at-spi2-core-2.51.90	selected		clang-18-18.1.3/at-spi2-core-2.51.90/O2/install/lib/libatk-bridge-2.0.a
libatk-bridge-2.0.a	at-spi2-core	minor-alternative	clang-18-18.1.3	O3	at-spi2-core-2.51.90	selected		clang-18-18.1.3/at-spi2-core-2.51.90/O3/install/lib/libatk-bridge-2.0.a
libatk-bridge-2.0.a	at-spi2-core	minor-alternative	clang-18-18.1.3	Os	at-spi2-core-2.51.90	selected		clang-18-18.1.3/at-spi2-core-2.51.90/Os/install/lib/libatk-bridge-2.0.a
libatk-bridge-2.0.a	at-spi2-core	major-alternative	gcc-13-13.3.0	O0	at-spi2-core-2.50.0	selected		gcc-13-13.3.0/at-spi2-core-2.50.0/O0/install/lib/libatk-bridge-2.0.a
libatk-bridge-2.0.a	at-spi2-core	major-alternative	gcc-13-13.3.0	O2	at-spi2-core-2.50.0	selected		gcc-13-13.3.0/at-spi2-core-2.50.0/O2/install/lib/libatk-bridge-2.0.a
libatk-bridge-2.0.a	at-spi2-core	major-alternative	gcc-13-13.3.0	O3	at-spi2-core-2.50.0	selected		gcc-13-13.3.0/at-spi2-core-2.50.0/O3/install/lib/libatk-bridge-2.0.a
libatk-bridge-2.0.a	at-spi2-core	major-alternative	gcc-13-13.3.0	Os	at-spi2-core-2.50.0	selected		gcc-13-13.3.0/at-spi2-core-2.50.0/Os/install/lib/libatk-bridge-2.0.a
libatk-bridge-2.0.a	at-spi2-core	major-alternative	clang-18-18.1.3	O0	at-spi2-core-2.50.0	selected		clang-18-18.1.3/at-spi2-core-2.50.0/O0/install/lib/libatk-bridge-2.0.a
libatk-bridge-2.0.a	at-spi2-core	major-alternative	clang-18-18.1.3	O2	at-spi2-core-2.50.0	selected		clang-18-18.1.3/at-spi2-core-2.50.0/O2/install/lib/libatk-bridge-2.0.a
libatk-bridge-2.0.a	at-spi2-core	major-alternative	clang-18-18.1.3	O3	at-spi2-core-2.50.0	selected		clang-18-18.1.3/at-spi2-core-2.50.0/O3/install/lib/libatk-bridge-2.0.a
libatk-bridge-2.0.a	at-spi2-core	major-alternative	clang-18-18.1.3	Os	at-spi2-core-2.50.0	selected		clang-18-18.1.3/at-spi2-core-2.50.0/Os/install/lib/libatk-bridge-2.0.a
libatk-bridge-adaptors.a	at-spi2-core	current	gcc-11-11.5.0	O0	at-spi2-core-2.52.0	selected		gcc-11-11.5.0/at-spi2-core-2.52.0/O0/install/lib/libatk-bridge-adaptors.a
libatk-bridge-adaptors.a	at-spi2-core	current	gcc-11-11.5.0	O2	at-spi2-core-2.52.0	selected		gcc-11-11.5.0/at-spi2-core-2.52.0/O2/install/lib/libatk-bridge-adaptors.a
libatk-bridge-adaptors.a	at-spi2-core	current	gcc-11-11.5.0	O3	at-spi2-core-2.52.0	selected		gcc-11-11.5.0/at-spi2-core-2.52.0/O3/install/lib/libatk-bridge-adaptors.a
libatk-bridge-adaptors.a	at-spi2-core	current	gcc-11-11.5.0	Os	at-spi2-core-2.52.0	selected		gcc-11-11.5.0/at-spi2-core-2.52.0/Os/install/lib/libatk-bridge-adaptors.a
libatk-bridge-adaptors.a	at-spi2-core	current	gcc-13-13.3.0	O0	at-spi2-core-2.52.0	selected		gcc-13-13.3.0/at-spi2-core-2.52.0/O0/install/lib/libatk-bridge-adaptors.a
libatk-bridge-adaptors.a	at-spi2-core	current	gcc-13-13.3.0	O2	at-spi2-core-2.52.0	selected		gcc-13-13.3.0/at-spi2-core-2.52.0/O2/install/lib/libatk-bridge-adaptors.a
libatk-bridge-adaptors.a	at-spi2-core	current	gcc-13-13.3.0	O3	at-spi2-core-2.52.0	selected		gcc-13-13.3.0/at-spi2-core-2.52.0/O3/install/lib/libatk-bridge-adaptors.a
libatk-bridge-adaptors.a	at-spi2-core	current	gcc-13-13.3.0	Os	at-spi2-core-2.52.0	selected		gcc-13-13.3.0/at-spi2-core-2.52.0/Os/install/lib/libatk-bridge-adaptors.a
libatk-bridge-adaptors.a	at-spi2-core	current	clang-14-14.0.6	O0	at-spi2-core-2.52.0	selected		clang-14-14.0.6/at-spi2-core-2.52.0/O0/install/lib/libatk-bridge-adaptors.a
libatk-bridge-adaptors.a	at-spi2-core	current	clang-14-14.0.6	O2	at-spi2-core-2.52.0	selected		clang-14-14.0.6/at-spi2-core-2.52.0/O2/install/lib/libatk-bridge-adaptors.a
libatk-bridge-adaptors.a	at-spi2-core	current	clang-14-14.0.6	O3	at-spi2-core-2.52.0	selected		clang-14-14.0.6/at-spi2-core-2.52.0/O3/install/lib/libatk-bridge-adaptors.a
libatk-bridge-adaptors.a	at-spi2-core	current	clang-14-14.0.6	Os	at-spi2-core-2.52.0	selected		clang-14-14.0.6/at-spi2-core-2.52.0/Os/install/lib/libatk-bridge-adaptors.a
libatk-bridge-adaptors.a	at-spi2-core	current	clang-18-18.1.3	O0	at-spi2-core-2.52.0	selected		clang-18-18.1.3/at-spi2-core-2.52.0/O0/install/lib/libatk-bridge-adaptors.a
libatk-bridge-adaptors.a	at-spi2-core	current	clang-18-18.1.3	O2	at-spi2-core-2.52.0	selected		clang-18-18.1.3/at-spi2-core-2.52.0/O2/install/lib/libatk-bridge-adaptors.a
libatk-bridge-adaptors.a	at-spi2-core	current	clang-18-18.1.3	O3	at-spi2-core-2.52.0	selected		clang-18-18.1.3/at-spi2-core-2.52.0/O3/install/lib/libatk-bridge-adaptors.a
libatk-bridge-adaptors.a	at-spi2-core	current	clang-18-18.1.3	Os	at-spi2-core-2.52.0	selected		clang-18-18.1.3/at-spi2-core-2.52.0/Os/install/lib/libatk-bridge-adaptors.a
libatk-bridge-adaptors.a	at-spi2-core	minor-alternative	gcc-13-13.3.0	O0	at-spi2-core-2.51.90	selected		gcc-13-13.3.0/at-spi2-core-2.51.90/O0/install/lib/libatk-bridge-adaptors.a
libatk-bridge-adaptors.a	at-spi2-core	minor-alternative	gcc-13-13.3.0	O2	at-spi2-core-2.51.90	selected		gcc-13-13.3.0/at-spi2-core-2.51.90/O2/install/lib/libatk-bridge-adaptors.a
libatk-bridge-adaptors.a	at-spi2-core	minor-alternative	gcc-13-13.3.0	O3	at-spi2-core-2.51.90	selected		gcc-13-13.3.0/at-spi2-core-2.51.90/O3/install/lib/libatk-bridge-adaptors.a
libatk-bridge-adaptors.a	at-spi2-core	minor-alternative	gcc-13-13.3.0	Os	at-spi2-core-2.51.90	selected		gcc-13-13.3.0/at-spi2-core-2.51.90/Os/install/lib/libatk-bridge-adaptors.a
libatk-bridge-adaptors.a	at-spi2-core	minor-alternative	clang-18-18.1.3	O0	at-spi2-core-2.51.90	selected		clang-18-18.1.3/at-spi2-core-2.51.90/O0/install/lib/libatk-bridge-adaptors.a
libatk-bridge-adaptors.a	at-spi2-core	minor-alternative	clang-18-18.1.3	O2	at-spi2-core-2.51.90	selected		clang-18-18.1.3/at-spi2-core-2.51.90/O2/install/lib/libatk-bridge-adaptors.a
libatk-bridge-adaptors.a	at-spi2-core	minor-alternative	clang-18-18.1.3	O3	at-spi2-core-2.51.90	selected		clang-18-18.1.3/at-spi2-core-2.51.90/O3/install/lib/libatk-bridge-adaptors.a
libatk-bridge-adaptors.a	at-spi2-core	minor-alternative	clang-18-18.1.3	Os	at-spi2-core-2.51.90	selected		clang-18-18.1.3/at-spi2-core-2.51.90/Os/install/lib/libatk-bridge-adaptors.a
libatk-bridge-adaptors.a	at-spi2-core	major-alternative	gcc-13-13.3.0	O0	at-spi2-core-2.50.0	selected		gcc-13-13.3.0/at-spi2-core-2.50.0/O0/install/lib/libatk-bridge-adaptors.a
libatk-bridge-adaptors.a	at-spi2-core	major-alternative	gcc-13-13.3.0	O2	at-spi2-core-2.50.0	selected		gcc-13-13.3.0/at-spi2-core-2.50.0/O2/install/lib/libatk-bridge-adaptors.a
libatk-bridge-adaptors.a	at-spi2-core	major-alternative	gcc-13-13.3.0	O3	at-spi2-core-2.50.0	selected		gcc-13-13.3.0/at-spi2-core-2.50.0/O3/install/lib/libatk-bridge-adaptors.a
libatk-bridge-adaptors.a	at-spi2-core	major-alternative	gcc-13-13.3.0	Os	at-spi2-core-2.50.0	selected		gcc-13-13.3.0/at-spi2-core-2.50.0/Os/install/lib/libatk-bridge-adaptors.a
libatk-bridge-adaptors.a	at-spi2-core	major-alternative	clang-18-18.1.3	O0	at-spi2-core-2.50.0	selected		clang-18-18.1.3/at-spi2-core-2.50.0/O0/install/lib/libatk-bridge-adaptors.a
libatk-bridge-adaptors.a	at-spi2-core	major-alternative	clang-18-18.1.3	O2	at-spi2-core-2.50.0	selected		clang-18-18.1.3/at-spi2-core-2.50.0/O2/install/lib/libatk-bridge-adaptors.a
libatk-bridge-adaptors.a	at-spi2-core	major-alternative	clang-18-18.1.3	O3	at-spi2-core-2.50.0	selected		clang-18-18.1.3/at-spi2-core-2.50.0/O3/install/lib/libatk-bridge-adaptors.a
libatk-bridge-adaptors.a	at-spi2-core	major-alternative	clang-18-18.1.3	Os	at-spi2-core-2.50.0	selected		clang-18-18.1.3/at-spi2-core-2.50.0/Os/install/lib/libatk-bridge-adaptors.a
libatspi.a	at-spi2-core	current	gcc-11-11.5.0	O0	at-spi2-core-2.52.0	selected		gcc-11-11.5.0/at-spi2-core-2.52.0/O0/install/lib/libatspi.a
libatspi.a	at-spi2-core	current	gcc-11-11.5.0	O2	at-spi2-core-2.52.0	selected		gcc-11-11.5.0/at-spi2-core-2.52.0/O2/install/lib/libatspi.a
libatspi.a	at-spi2-core	current	gcc-11-11.5.0	O3	at-spi2-core-2.52.0	selected		gcc-11-11.5.0/at-spi2-core-2.52.0/O3/install/lib/libatspi.a
libatspi.a	at-spi2-core	current	gcc-11-11.5.0	Os	at-spi2-core-2.52.0	selected		gcc-11-11.5.0/at-spi2-core-2.52.0/Os/install/lib/libatspi.a
libatspi.a	at-spi2-core	current	gcc-13-13.3.0	O0	at-spi2-core-2.52.0	selected		gcc-13-13.3.0/at-spi2-core-2.52.0/O0/install/lib/libatspi.a
libatspi.a	at-spi2-core	current	gcc-13-13.3.0	O2	at-spi2-core-2.52.0	selected		gcc-13-13.3.0/at-spi2-core-2.52.0/O2/install/lib/libatspi.a
libatspi.a	at-spi2-core	current	gcc-13-13.3.0	O3	at-spi2-core-2.52.0	selected		gcc-13-13.3.0/at-spi2-core-2.52.0/O3/install/lib/libatspi.a
libatspi.a	at-spi2-core	current	gcc-13-13.3.0	Os	at-spi2-core-2.52.0	selected		gcc-13-13.3.0/at-spi2-core-2.52.0/Os/install/lib/libatspi.a
libatspi.a	at-spi2-core	current	clang-14-14.0.6	O0	at-spi2-core-2.52.0	selected		clang-14-14.0.6/at-spi2-core-2.52.0/O0/install/lib/libatspi.a
libatspi.a	at-spi2-core	current	clang-14-14.0.6	O2	at-spi2-core-2.52.0	selected		clang-14-14.0.6/at-spi2-core-2.52.0/O2/install/lib/libatspi.a
libatspi.a	at-spi2-core	current	clang-14-14.0.6	O3	at-spi2-core-2.52.0	selected		clang-14-14.0.6/at-spi2-core-2.52.0/O3/install/lib/libatspi.a
libatspi.a	at-spi2-core	current	clang-14-14.0.6	Os	at-spi2-core-2.52.0	selected		clang-14-14.0.6/at-spi2-core-2.52.0/Os/install/lib/libatspi.a
libatspi.a	at-spi2-core	current	clang-18-18.1.3	O0	at-spi2-core-2.52.0	selected		clang-18-18.1.3/at-spi2-core-2.52.0/O0/install/lib/libatspi.a
libatspi.a	at-spi2-core	current	clang-18-18.1.3	O2	at-spi2-core-2.52.0	selected		clang-18-18.1.3/at-spi2-core-2.52.0/O2/install/lib/libatspi.a
libatspi.a	at-spi2-core	current	clang-18-18.1.3	O3	at-spi2-core-2.52.0	selected		clang-18-18.1.3/at-spi2-core-2.52.0/O3/install/lib/libatspi.a
libatspi.a	at-spi2-core	current	clang-18-18.1.3	Os	at-spi2-core-2.52.0	selected		clang-18-18.1.3/at-spi2-core-2.52.0/Os/install/lib/libatspi.a
libatspi.a	at-spi2-core	minor-alternative	gcc-13-13.3.0	O0	at-spi2-core-2.51.90	selected		gcc-13-13.3.0/at-spi2-core-2.51.90/O0/install/lib/libatspi.a
libatspi.a	at-spi2-core	minor-alternative	gcc-13-13.3.0	O2	at-spi2-core-2.51.90	selected		gcc-13-13.3.0/at-spi2-core-2.51.90/O2/install/lib/libatspi.a
libatspi.a	at-spi2-core	minor-alternative	gcc-13-13.3.0	O3	at-spi2-core-2.51.90	selected		gcc-13-13.3.0/at-spi2-core-2.51.90/O3/install/lib/libatspi.a
libatspi.a	at-spi2-core	minor-alternative	gcc-13-13.3.0	Os	at-spi2-core-2.51.90	selected		gcc-13-13.3.0/at-spi2-core-2.51.90/Os/install/lib/libatspi.a
libatspi.a	at-spi2-core	minor-alternative	clang-18-18.1.3	O0	at-spi2-core-2.51.90	selected		clang-18-18.1.3/at-spi2-core-2.51.90/O0/install/lib/libatspi.a
libatspi.a	at-spi2-core	minor-alternative	clang-18-18.1.3	O2	at-spi2-core-2.51.90	selected		clang-18-18.1.3/at-spi2-core-2.51.90/O2/install/lib/libatspi.a
libatspi.a	at-spi2-core	minor-alternative	clang-18-18.1.3	O3	at-spi2-core-2.51.90	selected		clang-18-18.1.3/at-spi2-core-2.51.90/O3/install/lib/libatspi.a
libatspi.a	at-spi2-core	minor-alternative	clang-18-18.1.3	Os	at-spi2-core-2.51.90	selected		clang-18-18.1.3/at-spi2-core-2.51.90/Os/install/lib/libatspi.a
libatspi.a	at-spi2-core	major-alternative	gcc-13-13.3.0	O0	at-spi2-core-2.50.0	selected		gcc-13-13.3.0/at-spi2-core-2.50.0/O0/install/lib/libatspi.a
libatspi.a	at-spi2-core	major-alternative	gcc-13-13.3.0	O2	at-spi2-core-2.50.0	selected		gcc-13-13.3.0/at-spi2-core-2.50.0/O2/install/lib/libatspi.a
libatspi.a	at-spi2-core	major-alternative	gcc-13-13.3.0	O3	at-spi2-core-2.50.0	selected		gcc-13-13.3.0/at-spi2-core-2.50.0/O3/install/lib/libatspi.a
libatspi.a	at-spi2-core	major-alternative	gcc-13-13.3.0	Os	at-spi2-core-2.50.0	selected		gcc-13-13.3.0/at-spi2-core-2.50.0/Os/install/lib/libatspi.a
libatspi.a	at-spi2-core	major-alternative	clang-18-18.1.3	O0	at-spi2-core-2.50.0	selected		clang-18-18.1.3/at-spi2-core-2.50.0/O0/install/lib/libatspi.a
libatspi.a	at-spi2-core	major-alternative	clang-18-18.1.3	O2	at-spi2-core-2.50.0	selected		clang-18-18.1.3/at-spi2-core-2.50.0/O2/install/lib/libatspi.a
libatspi.a	at-spi2-core	major-alternative	clang-18-18.1.3	O3	at-spi2-core-2.50.0	selected		clang-18-18.1.3/at-spi2-core-2.50.0/O3/install/lib/libatspi.a
libatspi.a	at-spi2-core	major-alternative	clang-18-18.1.3	Os	at-spi2-core-2.50.0	selected		clang-18-18.1.3/at-spi2-core-2.50.0/Os/install/lib/libatspi.a
libattr.a	attr	current	gcc-11-11.5.0	O0	attr|attr-2.5.2-1	selected		gcc-11-11.5.0/attr/O0/install/lib/libattr.a
libattr.a	attr	current	gcc-11-11.5.0	O2	attr|attr-2.5.2-1	selected		gcc-11-11.5.0/attr/O2/install/lib/libattr.a
libattr.a	attr	current	gcc-11-11.5.0	O3	attr|attr-2.5.2-1	selected		gcc-11-11.5.0/attr/O3/install/lib/libattr.a
libattr.a	attr	current	gcc-11-11.5.0	Os	attr|attr-2.5.2-1	selected		gcc-11-11.5.0/attr/Os/install/lib/libattr.a
libattr.a	attr	current	gcc-13-13.3.0	O0	attr|attr-2.5.2-1	selected		gcc-13-13.3.0/attr/O0/install/lib/libattr.a
libattr.a	attr	current	gcc-13-13.3.0	O2	attr|attr-2.5.2-1	selected		gcc-13-13.3.0/attr/O2/install/lib/libattr.a
libattr.a	attr	current	gcc-13-13.3.0	O3	attr|attr-2.5.2-1	selected		gcc-13-13.3.0/attr/O3/install/lib/libattr.a
libattr.a	attr	current	gcc-13-13.3.0	Os	attr|attr-2.5.2-1	selected		gcc-13-13.3.0/attr/Os/install/lib/libattr.a
libattr.a	attr	current	clang-14-14.0.6	O0	attr|attr-2.5.2-1	selected		clang-14-14.0.6/attr/O0/install/lib/libattr.a
libattr.a	attr	current	clang-14-14.0.6	O2	attr|attr-2.5.2-1	selected		clang-14-14.0.6/attr/O2/install/lib/libattr.a
libattr.a	attr	current	clang-14-14.0.6	O3	attr|attr-2.5.2-1	selected		clang-14-14.0.6/attr/O3/install/lib/libattr.a
libattr.a	attr	current	clang-14-14.0.6	Os	attr|attr-2.5.2-1	selected		clang-14-14.0.6/attr/Os/install/lib/libattr.a
libattr.a	attr	current	clang-18-18.1.3	O0	attr|attr-2.5.2-1	selected		clang-18-18.1.3/attr/O0/install/lib/libattr.a
libattr.a	attr	current	clang-18-18.1.3	O2	attr|attr-2.5.2-1	selected		clang-18-18.1.3/attr/O2/install/lib/libattr.a
libattr.a	attr	current	clang-18-18.1.3	O3	attr|attr-2.5.2-1	selected		clang-18-18.1.3/attr/O3/install/lib/libattr.a
libattr.a	attr	current	clang-18-18.1.3	Os	attr|attr-2.5.2-1	selected		clang-18-18.1.3/attr/Os/install/lib/libattr.a
libattr.a	attr	minor-alternative	gcc-13-13.3.0	O0	attr-2.4.48-6	selected		gcc-13-13.3.0/attr-2.4.48-6/O0/install/lib/libattr.a
libattr.a	attr	minor-alternative	gcc-13-13.3.0	O2	attr-2.4.48-6	selected		gcc-13-13.3.0/attr-2.4.48-6/O2/install/lib/libattr.a
libattr.a	attr	minor-alternative	gcc-13-13.3.0	O3	attr-2.4.48-6	selected		gcc-13-13.3.0/attr-2.4.48-6/O3/install/lib/libattr.a
libattr.a	attr	minor-alternative	gcc-13-13.3.0	Os	attr-2.4.48-6	selected		gcc-13-13.3.0/attr-2.4.48-6/Os/install/lib/libattr.a
libattr.a	attr	minor-alternative	clang-18-18.1.3	O0	attr-2.4.48-6	selected		clang-18-18.1.3/attr-2.4.48-6/O0/install/lib/libattr.a
libattr.a	attr	minor-alternative	clang-18-18.1.3	O2	attr-2.4.48-6	selected		clang-18-18.1.3/attr-2.4.48-6/O2/install/lib/libattr.a
libattr.a	attr	minor-alternative	clang-18-18.1.3	O3	attr-2.4.48-6	selected		clang-18-18.1.3/attr-2.4.48-6/O3/install/lib/libattr.a
libattr.a	attr	minor-alternative	clang-18-18.1.3	Os	attr-2.4.48-6	selected		clang-18-18.1.3/attr-2.4.48-6/Os/install/lib/libattr.a
libattr.a	attr	major-alternative	gcc-13-13.3.0	O0	attr-2.0.7-1	selected		gcc-13-13.3.0/attr-2.0.7-1/O0/install/lib/libattr.a
libattr.a	attr	major-alternative	gcc-13-13.3.0	O2	attr-2.0.7-1	selected		gcc-13-13.3.0/attr-2.0.7-1/O2/install/lib/libattr.a
libattr.a	attr	major-alternative	gcc-13-13.3.0	O3	attr-2.0.7-1	selected		gcc-13-13.3.0/attr-2.0.7-1/O3/install/lib/libattr.a
libattr.a	attr	major-alternative	gcc-13-13.3.0	Os	attr-2.0.7-1	selected		gcc-13-13.3.0/attr-2.0.7-1/Os/install/lib/libattr.a
libattr.a	attr	major-alternative	clang-18-18.1.3	O0	attr-2.0.7-1	selected		clang-18-18.1.3/attr-2.0.7-1/O0/install/lib/libattr.a
libattr.a	attr	major-alternative	clang-18-18.1.3	O2	attr-2.0.7-1	selected		clang-18-18.1.3/attr-2.0.7-1/O2/install/lib/libattr.a
libattr.a	attr	major-alternative	clang-18-18.1.3	O3	attr-2.0.7-1	selected		clang-18-18.1.3/attr-2.0.7-1/O3/install/lib/libattr.a
libattr.a	attr	major-alternative	clang-18-18.1.3	Os	attr-2.0.7-1	selected		clang-18-18.1.3/attr-2.0.7-1/Os/install/lib/libattr.a
libblkid.a	util-linux	current	gcc-11-11.5.0	O0	util-linux-2.39.3	selected		gcc-11-11.5.0/util-linux-2.39.3/O0/install/lib/libblkid.a
libblkid.a	util-linux	current	gcc-11-11.5.0	O2	util-linux-2.39.3	selected		gcc-11-11.5.0/util-linux-2.39.3/O2/install/lib/libblkid.a
libblkid.a	util-linux	current	gcc-11-11.5.0	O3	util-linux-2.39.3	selected		gcc-11-11.5.0/util-linux-2.39.3/O3/install/lib/libblkid.a
libblkid.a	util-linux	current	gcc-11-11.5.0	Os	util-linux-2.39.3	selected		gcc-11-11.5.0/util-linux-2.39.3/Os/install/lib/libblkid.a
libblkid.a	util-linux	current	gcc-13-13.3.0	O0	util-linux-2.39.3	selected		gcc-13-13.3.0/util-linux-2.39.3/O0/install/lib/libblkid.a
libblkid.a	util-linux	current	gcc-13-13.3.0	O2	util-linux-2.39.3	selected		gcc-13-13.3.0/util-linux-2.39.3/O2/install/lib/libblkid.a
libblkid.a	util-linux	current	gcc-13-13.3.0	O3	util-linux-2.39.3	selected		gcc-13-13.3.0/util-linux-2.39.3/O3/install/lib/libblkid.a
libblkid.a	util-linux	current	gcc-13-13.3.0	Os	util-linux-2.39.3	selected		gcc-13-13.3.0/util-linux-2.39.3/Os/install/lib/libblkid.a
libblkid.a	util-linux	current	clang-14-14.0.6	O0	util-linux-2.39.3	selected		clang-14-14.0.6/util-linux-2.39.3/O0/install/lib/libblkid.a
libblkid.a	util-linux	current	clang-14-14.0.6	O2	util-linux-2.39.3	selected		clang-14-14.0.6/util-linux-2.39.3/O2/install/lib/libblkid.a
libblkid.a	util-linux	current	clang-14-14.0.6	O3	util-linux-2.39.3	selected		clang-14-14.0.6/util-linux-2.39.3/O3/install/lib/libblkid.a
libblkid.a	util-linux	current	clang-14-14.0.6	Os	util-linux-2.39.3	selected		clang-14-14.0.6/util-linux-2.39.3/Os/install/lib/libblkid.a
libblkid.a	util-linux	current	clang-18-18.1.3	O0	util-linux-2.39.3	selected		clang-18-18.1.3/util-linux-2.39.3/O0/install/lib/libblkid.a
libblkid.a	util-linux	current	clang-18-18.1.3	O2	util-linux-2.39.3	selected		clang-18-18.1.3/util-linux-2.39.3/O2/install/lib/libblkid.a
libblkid.a	util-linux	current	clang-18-18.1.3	O3	util-linux-2.39.3	selected		clang-18-18.1.3/util-linux-2.39.3/O3/install/lib/libblkid.a
libblkid.a	util-linux	current	clang-18-18.1.3	Os	util-linux-2.39.3	selected		clang-18-18.1.3/util-linux-2.39.3/Os/install/lib/libblkid.a
libblkid.a	util-linux	minor-alternative	gcc-13-13.3.0	O0	util-linux-2.39.2	selected		gcc-13-13.3.0/util-linux-2.39.2/O0/install/lib/libblkid.a
libblkid.a	util-linux	minor-alternative	gcc-13-13.3.0	O2	util-linux-2.39.2	selected		gcc-13-13.3.0/util-linux-2.39.2/O2/install/lib/libblkid.a
libblkid.a	util-linux	minor-alternative	gcc-13-13.3.0	O3	util-linux-2.39.2	selected		gcc-13-13.3.0/util-linux-2.39.2/O3/install/lib/libblkid.a
libblkid.a	util-linux	minor-alternative	gcc-13-13.3.0	Os	util-linux-2.39.2	selected		gcc-13-13.3.0/util-linux-2.39.2/Os/install/lib/libblkid.a
libblkid.a	util-linux	minor-alternative	clang-18-18.1.3	O0	util-linux-2.39.2	selected		clang-18-18.1.3/util-linux-2.39.2/O0/install/lib/libblkid.a
libblkid.a	util-linux	minor-alternative	clang-18-18.1.3	O2	util-linux-2.39.2	selected		clang-18-18.1.3/util-linux-2.39.2/O2/install/lib/libblkid.a
libblkid.a	util-linux	minor-alternative	clang-18-18.1.3	O3	util-linux-2.39.2	selected		clang-18-18.1.3/util-linux-2.39.2/O3/install/lib/libblkid.a
libblkid.a	util-linux	minor-alternative	clang-18-18.1.3	Os	util-linux-2.39.2	selected		clang-18-18.1.3/util-linux-2.39.2/Os/install/lib/libblkid.a
libblkid.a	util-linux	major-alternative	gcc-13-13.3.0	O0	util-linux-2.38.1	selected		gcc-13-13.3.0/util-linux-2.38.1/O0/install/lib/libblkid.a
libblkid.a	util-linux	major-alternative	gcc-13-13.3.0	O2	util-linux-2.38.1	selected		gcc-13-13.3.0/util-linux-2.38.1/O2/install/lib/libblkid.a
libblkid.a	util-linux	major-alternative	gcc-13-13.3.0	O3	util-linux-2.38.1	selected		gcc-13-13.3.0/util-linux-2.38.1/O3/install/lib/libblkid.a
libblkid.a	util-linux	major-alternative	gcc-13-13.3.0	Os	util-linux-2.38.1	selected		gcc-13-13.3.0/util-linux-2.38.1/Os/install/lib/libblkid.a
libblkid.a	util-linux	major-alternative	clang-18-18.1.3	O0	util-linux-2.38.1	selected		clang-18-18.1.3/util-linux-2.38.1/O0/install/lib/libblkid.a
libblkid.a	util-linux	major-alternative	clang-18-18.1.3	O2	util-linux-2.38.1	selected		clang-18-18.1.3/util-linux-2.38.1/O2/install/lib/libblkid.a
libblkid.a	util-linux	major-alternative	clang-18-18.1.3	O3	util-linux-2.38.1	selected		clang-18-18.1.3/util-linux-2.38.1/O3/install/lib/libblkid.a
libblkid.a	util-linux	major-alternative	clang-18-18.1.3	Os	util-linux-2.38.1	selected		clang-18-18.1.3/util-linux-2.38.1/Os/install/lib/libblkid.a
libbrotlicommon.a	brotli	current	gcc-11-11.5.0	O0	brotli|brotli-1.1.0	selected		gcc-11-11.5.0/brotli/O0/install/lib/libbrotlicommon.a
libbrotlicommon.a	brotli	current	gcc-11-11.5.0	O2	brotli|brotli-1.1.0	selected		gcc-11-11.5.0/brotli/O2/install/lib/libbrotlicommon.a
libbrotlicommon.a	brotli	current	gcc-11-11.5.0	O3	brotli|brotli-1.1.0	selected		gcc-11-11.5.0/brotli/O3/install/lib/libbrotlicommon.a
libbrotlicommon.a	brotli	current	gcc-11-11.5.0	Os	brotli|brotli-1.1.0	selected		gcc-11-11.5.0/brotli/Os/install/lib/libbrotlicommon.a
libbrotlicommon.a	brotli	current	gcc-13-13.3.0	O0	brotli|brotli-1.1.0	selected		gcc-13-13.3.0/brotli-1.1.0/O0/install/lib/libbrotlicommon.a
libbrotlicommon.a	brotli	current	gcc-13-13.3.0	O2	brotli|brotli-1.1.0	selected		gcc-13-13.3.0/brotli-1.1.0/O2/install/lib/libbrotlicommon.a
libbrotlicommon.a	brotli	current	gcc-13-13.3.0	O3	brotli|brotli-1.1.0	selected		gcc-13-13.3.0/brotli-1.1.0/O3/install/lib/libbrotlicommon.a
libbrotlicommon.a	brotli	current	gcc-13-13.3.0	Os	brotli|brotli-1.1.0	selected		gcc-13-13.3.0/brotli-1.1.0/Os/install/lib/libbrotlicommon.a
libbrotlicommon.a	brotli	current	clang-14-14.0.6	O0	brotli|brotli-1.1.0	selected		clang-14-14.0.6/brotli-1.1.0/O0/install/lib/libbrotlicommon.a
libbrotlicommon.a	brotli	current	clang-14-14.0.6	O2	brotli|brotli-1.1.0	selected		clang-14-14.0.6/brotli-1.1.0/O2/install/lib/libbrotlicommon.a
libbrotlicommon.a	brotli	current	clang-14-14.0.6	O3	brotli|brotli-1.1.0	selected		clang-14-14.0.6/brotli-1.1.0/O3/install/lib/libbrotlicommon.a
libbrotlicommon.a	brotli	current	clang-14-14.0.6	Os	brotli|brotli-1.1.0	selected		clang-14-14.0.6/brotli-1.1.0/Os/install/lib/libbrotlicommon.a
libbrotlicommon.a	brotli	current	clang-18-18.1.3	O0	brotli|brotli-1.1.0	selected		clang-18-18.1.3/brotli-1.1.0/O0/install/lib/libbrotlicommon.a
libbrotlicommon.a	brotli	current	clang-18-18.1.3	O2	brotli|brotli-1.1.0	selected		clang-18-18.1.3/brotli-1.1.0/O2/install/lib/libbrotlicommon.a
libbrotlicommon.a	brotli	current	clang-18-18.1.3	O3	brotli|brotli-1.1.0	selected		clang-18-18.1.3/brotli-1.1.0/O3/install/lib/libbrotlicommon.a
libbrotlicommon.a	brotli	current	clang-18-18.1.3	Os	brotli|brotli-1.1.0	selected		clang-18-18.1.3/brotli-1.1.0/Os/install/lib/libbrotlicommon.a
libbrotlicommon.a	brotli	minor-alternative	gcc-13-13.3.0	O0	brotli-1.0.9	missing	archive_not_produced_by_version	
libbrotlicommon.a	brotli	minor-alternative	gcc-13-13.3.0	O2	brotli-1.0.9	missing	archive_not_produced_by_version	
libbrotlicommon.a	brotli	minor-alternative	gcc-13-13.3.0	O3	brotli-1.0.9	missing	archive_not_produced_by_version	
libbrotlicommon.a	brotli	minor-alternative	gcc-13-13.3.0	Os	brotli-1.0.9	missing	archive_not_produced_by_version	
libbrotlicommon.a	brotli	minor-alternative	clang-18-18.1.3	O0	brotli-1.0.9	missing	archive_not_produced_by_version	
libbrotlicommon.a	brotli	minor-alternative	clang-18-18.1.3	O2	brotli-1.0.9	missing	archive_not_produced_by_version	
libbrotlicommon.a	brotli	minor-alternative	clang-18-18.1.3	O3	brotli-1.0.9	missing	archive_not_produced_by_version	
libbrotlicommon.a	brotli	minor-alternative	clang-18-18.1.3	Os	brotli-1.0.9	missing	archive_not_produced_by_version	
libbrotlicommon.a	brotli	major-alternative	gcc-13-13.3.0	O0	brotli-0.6.0	selected		gcc-13-13.3.0/brotli-0.6.0/O0/install/lib/libbrotlicommon.a
libbrotlicommon.a	brotli	major-alternative	gcc-13-13.3.0	O2	brotli-0.6.0	selected		gcc-13-13.3.0/brotli-0.6.0/O2/install/lib/libbrotlicommon.a
libbrotlicommon.a	brotli	major-alternative	gcc-13-13.3.0	O3	brotli-0.6.0	selected		gcc-13-13.3.0/brotli-0.6.0/O3/install/lib/libbrotlicommon.a
libbrotlicommon.a	brotli	major-alternative	gcc-13-13.3.0	Os	brotli-0.6.0	selected		gcc-13-13.3.0/brotli-0.6.0/Os/install/lib/libbrotlicommon.a
libbrotlicommon.a	brotli	major-alternative	clang-18-18.1.3	O0	brotli-0.6.0	selected		clang-18-18.1.3/brotli-0.6.0/O0/install/lib/libbrotlicommon.a
libbrotlicommon.a	brotli	major-alternative	clang-18-18.1.3	O2	brotli-0.6.0	selected		clang-18-18.1.3/brotli-0.6.0/O2/install/lib/libbrotlicommon.a
libbrotlicommon.a	brotli	major-alternative	clang-18-18.1.3	O3	brotli-0.6.0	selected		clang-18-18.1.3/brotli-0.6.0/O3/install/lib/libbrotlicommon.a
libbrotlicommon.a	brotli	major-alternative	clang-18-18.1.3	Os	brotli-0.6.0	selected		clang-18-18.1.3/brotli-0.6.0/Os/install/lib/libbrotlicommon.a
libbrotlidec.a	brotli	current	gcc-11-11.5.0	O0	brotli|brotli-1.1.0	selected		gcc-11-11.5.0/brotli/O0/install/lib/libbrotlidec.a
libbrotlidec.a	brotli	current	gcc-11-11.5.0	O2	brotli|brotli-1.1.0	selected		gcc-11-11.5.0/brotli/O2/install/lib/libbrotlidec.a
libbrotlidec.a	brotli	current	gcc-11-11.5.0	O3	brotli|brotli-1.1.0	selected		gcc-11-11.5.0/brotli/O3/install/lib/libbrotlidec.a
libbrotlidec.a	brotli	current	gcc-11-11.5.0	Os	brotli|brotli-1.1.0	selected		gcc-11-11.5.0/brotli/Os/install/lib/libbrotlidec.a
libbrotlidec.a	brotli	current	gcc-13-13.3.0	O0	brotli|brotli-1.1.0	selected		gcc-13-13.3.0/brotli-1.1.0/O0/install/lib/libbrotlidec.a
libbrotlidec.a	brotli	current	gcc-13-13.3.0	O2	brotli|brotli-1.1.0	selected		gcc-13-13.3.0/brotli-1.1.0/O2/install/lib/libbrotlidec.a
libbrotlidec.a	brotli	current	gcc-13-13.3.0	O3	brotli|brotli-1.1.0	selected		gcc-13-13.3.0/brotli-1.1.0/O3/install/lib/libbrotlidec.a
libbrotlidec.a	brotli	current	gcc-13-13.3.0	Os	brotli|brotli-1.1.0	selected		gcc-13-13.3.0/brotli-1.1.0/Os/install/lib/libbrotlidec.a
libbrotlidec.a	brotli	current	clang-14-14.0.6	O0	brotli|brotli-1.1.0	selected		clang-14-14.0.6/brotli-1.1.0/O0/install/lib/libbrotlidec.a
libbrotlidec.a	brotli	current	clang-14-14.0.6	O2	brotli|brotli-1.1.0	selected		clang-14-14.0.6/brotli-1.1.0/O2/install/lib/libbrotlidec.a
libbrotlidec.a	brotli	current	clang-14-14.0.6	O3	brotli|brotli-1.1.0	selected		clang-14-14.0.6/brotli-1.1.0/O3/install/lib/libbrotlidec.a
libbrotlidec.a	brotli	current	clang-14-14.0.6	Os	brotli|brotli-1.1.0	selected		clang-14-14.0.6/brotli-1.1.0/Os/install/lib/libbrotlidec.a
libbrotlidec.a	brotli	current	clang-18-18.1.3	O0	brotli|brotli-1.1.0	selected		clang-18-18.1.3/brotli-1.1.0/O0/install/lib/libbrotlidec.a
libbrotlidec.a	brotli	current	clang-18-18.1.3	O2	brotli|brotli-1.1.0	selected		clang-18-18.1.3/brotli-1.1.0/O2/install/lib/libbrotlidec.a
libbrotlidec.a	brotli	current	clang-18-18.1.3	O3	brotli|brotli-1.1.0	selected		clang-18-18.1.3/brotli-1.1.0/O3/install/lib/libbrotlidec.a
libbrotlidec.a	brotli	current	clang-18-18.1.3	Os	brotli|brotli-1.1.0	selected		clang-18-18.1.3/brotli-1.1.0/Os/install/lib/libbrotlidec.a
libbrotlidec.a	brotli	minor-alternative	gcc-13-13.3.0	O0	brotli-1.0.9	missing	archive_not_produced_by_version	
libbrotlidec.a	brotli	minor-alternative	gcc-13-13.3.0	O2	brotli-1.0.9	missing	archive_not_produced_by_version	
libbrotlidec.a	brotli	minor-alternative	gcc-13-13.3.0	O3	brotli-1.0.9	missing	archive_not_produced_by_version	
libbrotlidec.a	brotli	minor-alternative	gcc-13-13.3.0	Os	brotli-1.0.9	missing	archive_not_produced_by_version	
libbrotlidec.a	brotli	minor-alternative	clang-18-18.1.3	O0	brotli-1.0.9	missing	archive_not_produced_by_version	
libbrotlidec.a	brotli	minor-alternative	clang-18-18.1.3	O2	brotli-1.0.9	missing	archive_not_produced_by_version	
libbrotlidec.a	brotli	minor-alternative	clang-18-18.1.3	O3	brotli-1.0.9	missing	archive_not_produced_by_version	
libbrotlidec.a	brotli	minor-alternative	clang-18-18.1.3	Os	brotli-1.0.9	missing	archive_not_produced_by_version	
libbrotlidec.a	brotli	major-alternative	gcc-13-13.3.0	O0	brotli-0.6.0	selected		gcc-13-13.3.0/brotli-0.6.0/O0/install/lib/libbrotlidec.a
libbrotlidec.a	brotli	major-alternative	gcc-13-13.3.0	O2	brotli-0.6.0	selected		gcc-13-13.3.0/brotli-0.6.0/O2/install/lib/libbrotlidec.a
libbrotlidec.a	brotli	major-alternative	gcc-13-13.3.0	O3	brotli-0.6.0	selected		gcc-13-13.3.0/brotli-0.6.0/O3/install/lib/libbrotlidec.a
libbrotlidec.a	brotli	major-alternative	gcc-13-13.3.0	Os	brotli-0.6.0	selected		gcc-13-13.3.0/brotli-0.6.0/Os/install/lib/libbrotlidec.a
libbrotlidec.a	brotli	major-alternative	clang-18-18.1.3	O0	brotli-0.6.0	selected		clang-18-18.1.3/brotli-0.6.0/O0/install/lib/libbrotlidec.a
libbrotlidec.a	brotli	major-alternative	clang-18-18.1.3	O2	brotli-0.6.0	selected		clang-18-18.1.3/brotli-0.6.0/O2/install/lib/libbrotlidec.a
libbrotlidec.a	brotli	major-alternative	clang-18-18.1.3	O3	brotli-0.6.0	selected		clang-18-18.1.3/brotli-0.6.0/O3/install/lib/libbrotlidec.a
libbrotlidec.a	brotli	major-alternative	clang-18-18.1.3	Os	brotli-0.6.0	selected		clang-18-18.1.3/brotli-0.6.0/Os/install/lib/libbrotlidec.a
libbrotlienc.a	brotli	current	gcc-11-11.5.0	O0	brotli|brotli-1.1.0	selected		gcc-11-11.5.0/brotli/O0/install/lib/libbrotlienc.a
libbrotlienc.a	brotli	current	gcc-11-11.5.0	O2	brotli|brotli-1.1.0	selected		gcc-11-11.5.0/brotli/O2/install/lib/libbrotlienc.a
libbrotlienc.a	brotli	current	gcc-11-11.5.0	O3	brotli|brotli-1.1.0	selected		gcc-11-11.5.0/brotli/O3/install/lib/libbrotlienc.a
libbrotlienc.a	brotli	current	gcc-11-11.5.0	Os	brotli|brotli-1.1.0	selected		gcc-11-11.5.0/brotli/Os/install/lib/libbrotlienc.a
libbrotlienc.a	brotli	current	gcc-13-13.3.0	O0	brotli|brotli-1.1.0	selected		gcc-13-13.3.0/brotli-1.1.0/O0/install/lib/libbrotlienc.a
libbrotlienc.a	brotli	current	gcc-13-13.3.0	O2	brotli|brotli-1.1.0	selected		gcc-13-13.3.0/brotli-1.1.0/O2/install/lib/libbrotlienc.a
libbrotlienc.a	brotli	current	gcc-13-13.3.0	O3	brotli|brotli-1.1.0	selected		gcc-13-13.3.0/brotli-1.1.0/O3/install/lib/libbrotlienc.a
libbrotlienc.a	brotli	current	gcc-13-13.3.0	Os	brotli|brotli-1.1.0	selected		gcc-13-13.3.0/brotli-1.1.0/Os/install/lib/libbrotlienc.a
libbrotlienc.a	brotli	current	clang-14-14.0.6	O0	brotli|brotli-1.1.0	selected		clang-14-14.0.6/brotli-1.1.0/O0/install/lib/libbrotlienc.a
libbrotlienc.a	brotli	current	clang-14-14.0.6	O2	brotli|brotli-1.1.0	selected		clang-14-14.0.6/brotli-1.1.0/O2/install/lib/libbrotlienc.a
libbrotlienc.a	brotli	current	clang-14-14.0.6	O3	brotli|brotli-1.1.0	selected		clang-14-14.0.6/brotli-1.1.0/O3/install/lib/libbrotlienc.a
libbrotlienc.a	brotli	current	clang-14-14.0.6	Os	brotli|brotli-1.1.0	selected		clang-14-14.0.6/brotli-1.1.0/Os/install/lib/libbrotlienc.a
libbrotlienc.a	brotli	current	clang-18-18.1.3	O0	brotli|brotli-1.1.0	selected		clang-18-18.1.3/brotli-1.1.0/O0/install/lib/libbrotlienc.a
libbrotlienc.a	brotli	current	clang-18-18.1.3	O2	brotli|brotli-1.1.0	selected		clang-18-18.1.3/brotli-1.1.0/O2/install/lib/libbrotlienc.a
libbrotlienc.a	brotli	current	clang-18-18.1.3	O3	brotli|brotli-1.1.0	selected		clang-18-18.1.3/brotli-1.1.0/O3/install/lib/libbrotlienc.a
libbrotlienc.a	brotli	current	clang-18-18.1.3	Os	brotli|brotli-1.1.0	selected		clang-18-18.1.3/brotli-1.1.0/Os/install/lib/libbrotlienc.a
libbrotlienc.a	brotli	minor-alternative	gcc-13-13.3.0	O0	brotli-1.0.9	missing	archive_not_produced_by_version	
libbrotlienc.a	brotli	minor-alternative	gcc-13-13.3.0	O2	brotli-1.0.9	missing	archive_not_produced_by_version	
libbrotlienc.a	brotli	minor-alternative	gcc-13-13.3.0	O3	brotli-1.0.9	missing	archive_not_produced_by_version	
libbrotlienc.a	brotli	minor-alternative	gcc-13-13.3.0	Os	brotli-1.0.9	missing	archive_not_produced_by_version	
libbrotlienc.a	brotli	minor-alternative	clang-18-18.1.3	O0	brotli-1.0.9	missing	archive_not_produced_by_version	
libbrotlienc.a	brotli	minor-alternative	clang-18-18.1.3	O2	brotli-1.0.9	missing	archive_not_produced_by_version	
libbrotlienc.a	brotli	minor-alternative	clang-18-18.1.3	O3	brotli-1.0.9	missing	archive_not_produced_by_version	
libbrotlienc.a	brotli	minor-alternative	clang-18-18.1.3	Os	brotli-1.0.9	missing	archive_not_produced_by_version	
libbrotlienc.a	brotli	major-alternative	gcc-13-13.3.0	O0	brotli-0.6.0	selected		gcc-13-13.3.0/brotli-0.6.0/O0/install/lib/libbrotlienc.a
libbrotlienc.a	brotli	major-alternative	gcc-13-13.3.0	O2	brotli-0.6.0	selected		gcc-13-13.3.0/brotli-0.6.0/O2/install/lib/libbrotlienc.a
libbrotlienc.a	brotli	major-alternative	gcc-13-13.3.0	O3	brotli-0.6.0	selected		gcc-13-13.3.0/brotli-0.6.0/O3/install/lib/libbrotlienc.a
libbrotlienc.a	brotli	major-alternative	gcc-13-13.3.0	Os	brotli-0.6.0	selected		gcc-13-13.3.0/brotli-0.6.0/Os/install/lib/libbrotlienc.a
libbrotlienc.a	brotli	major-alternative	clang-18-18.1.3	O0	brotli-0.6.0	selected		clang-18-18.1.3/brotli-0.6.0/O0/install/lib/libbrotlienc.a
libbrotlienc.a	brotli	major-alternative	clang-18-18.1.3	O2	brotli-0.6.0	selected		clang-18-18.1.3/brotli-0.6.0/O2/install/lib/libbrotlienc.a
libbrotlienc.a	brotli	major-alternative	clang-18-18.1.3	O3	brotli-0.6.0	selected		clang-18-18.1.3/brotli-0.6.0/O3/install/lib/libbrotlienc.a
libbrotlienc.a	brotli	major-alternative	clang-18-18.1.3	Os	brotli-0.6.0	selected		clang-18-18.1.3/brotli-0.6.0/Os/install/lib/libbrotlienc.a
libbsd-ctor.a	libbsd	current	gcc-11-11.5.0	O0	libbsd-0.12.1	selected		gcc-11-11.5.0/libbsd-0.12.1/O0/install/lib/libbsd-ctor.a
libbsd-ctor.a	libbsd	current	gcc-11-11.5.0	O2	libbsd-0.12.1	selected		gcc-11-11.5.0/libbsd-0.12.1/O2/install/lib/libbsd-ctor.a
libbsd-ctor.a	libbsd	current	gcc-11-11.5.0	O3	libbsd-0.12.1	selected		gcc-11-11.5.0/libbsd-0.12.1/O3/install/lib/libbsd-ctor.a
libbsd-ctor.a	libbsd	current	gcc-11-11.5.0	Os	libbsd-0.12.1	selected		gcc-11-11.5.0/libbsd-0.12.1/Os/install/lib/libbsd-ctor.a
libbsd-ctor.a	libbsd	current	gcc-13-13.3.0	O0	libbsd-0.12.1	selected		gcc-13-13.3.0/libbsd-0.12.1/O0/install/lib/libbsd-ctor.a
libbsd-ctor.a	libbsd	current	gcc-13-13.3.0	O2	libbsd-0.12.1	selected		gcc-13-13.3.0/libbsd-0.12.1/O2/install/lib/libbsd-ctor.a
libbsd-ctor.a	libbsd	current	gcc-13-13.3.0	O3	libbsd-0.12.1	selected		gcc-13-13.3.0/libbsd-0.12.1/O3/install/lib/libbsd-ctor.a
libbsd-ctor.a	libbsd	current	gcc-13-13.3.0	Os	libbsd-0.12.1	selected		gcc-13-13.3.0/libbsd-0.12.1/Os/install/lib/libbsd-ctor.a
libbsd-ctor.a	libbsd	current	clang-14-14.0.6	O0	libbsd-0.12.1	selected		clang-14-14.0.6/libbsd-0.12.1/O0/install/lib/libbsd-ctor.a
libbsd-ctor.a	libbsd	current	clang-14-14.0.6	O2	libbsd-0.12.1	selected		clang-14-14.0.6/libbsd-0.12.1/O2/install/lib/libbsd-ctor.a
libbsd-ctor.a	libbsd	current	clang-14-14.0.6	O3	libbsd-0.12.1	selected		clang-14-14.0.6/libbsd-0.12.1/O3/install/lib/libbsd-ctor.a
libbsd-ctor.a	libbsd	current	clang-14-14.0.6	Os	libbsd-0.12.1	selected		clang-14-14.0.6/libbsd-0.12.1/Os/install/lib/libbsd-ctor.a
libbsd-ctor.a	libbsd	current	clang-18-18.1.3	O0	libbsd-0.12.1	selected		clang-18-18.1.3/libbsd-0.12.1/O0/install/lib/libbsd-ctor.a
libbsd-ctor.a	libbsd	current	clang-18-18.1.3	O2	libbsd-0.12.1	selected		clang-18-18.1.3/libbsd-0.12.1/O2/install/lib/libbsd-ctor.a
libbsd-ctor.a	libbsd	current	clang-18-18.1.3	O3	libbsd-0.12.1	selected		clang-18-18.1.3/libbsd-0.12.1/O3/install/lib/libbsd-ctor.a
libbsd-ctor.a	libbsd	current	clang-18-18.1.3	Os	libbsd-0.12.1	selected		clang-18-18.1.3/libbsd-0.12.1/Os/install/lib/libbsd-ctor.a
libbsd-ctor.a	libbsd	minor-alternative	gcc-13-13.3.0	O0	libbsd-0.12.0	selected		gcc-13-13.3.0/libbsd-0.12.0/O0/install/lib/libbsd-ctor.a
libbsd-ctor.a	libbsd	minor-alternative	gcc-13-13.3.0	O2	libbsd-0.12.0	selected		gcc-13-13.3.0/libbsd-0.12.0/O2/install/lib/libbsd-ctor.a
libbsd-ctor.a	libbsd	minor-alternative	gcc-13-13.3.0	O3	libbsd-0.12.0	selected		gcc-13-13.3.0/libbsd-0.12.0/O3/install/lib/libbsd-ctor.a
libbsd-ctor.a	libbsd	minor-alternative	gcc-13-13.3.0	Os	libbsd-0.12.0	selected		gcc-13-13.3.0/libbsd-0.12.0/Os/install/lib/libbsd-ctor.a
libbsd-ctor.a	libbsd	minor-alternative	clang-18-18.1.3	O0	libbsd-0.12.0	selected		clang-18-18.1.3/libbsd-0.12.0/O0/install/lib/libbsd-ctor.a
libbsd-ctor.a	libbsd	minor-alternative	clang-18-18.1.3	O2	libbsd-0.12.0	selected		clang-18-18.1.3/libbsd-0.12.0/O2/install/lib/libbsd-ctor.a
libbsd-ctor.a	libbsd	minor-alternative	clang-18-18.1.3	O3	libbsd-0.12.0	selected		clang-18-18.1.3/libbsd-0.12.0/O3/install/lib/libbsd-ctor.a
libbsd-ctor.a	libbsd	minor-alternative	clang-18-18.1.3	Os	libbsd-0.12.0	selected		clang-18-18.1.3/libbsd-0.12.0/Os/install/lib/libbsd-ctor.a
libbsd-ctor.a	libbsd	major-alternative	gcc-13-13.3.0	O0	libbsd-0.11.8	selected		gcc-13-13.3.0/libbsd-0.11.8/O0/install/lib/libbsd-ctor.a
libbsd-ctor.a	libbsd	major-alternative	gcc-13-13.3.0	O2	libbsd-0.11.8	selected		gcc-13-13.3.0/libbsd-0.11.8/O2/install/lib/libbsd-ctor.a
libbsd-ctor.a	libbsd	major-alternative	gcc-13-13.3.0	O3	libbsd-0.11.8	selected		gcc-13-13.3.0/libbsd-0.11.8/O3/install/lib/libbsd-ctor.a
libbsd-ctor.a	libbsd	major-alternative	gcc-13-13.3.0	Os	libbsd-0.11.8	selected		gcc-13-13.3.0/libbsd-0.11.8/Os/install/lib/libbsd-ctor.a
libbsd-ctor.a	libbsd	major-alternative	clang-18-18.1.3	O0	libbsd-0.11.8	selected		clang-18-18.1.3/libbsd-0.11.8/O0/install/lib/libbsd-ctor.a
libbsd-ctor.a	libbsd	major-alternative	clang-18-18.1.3	O2	libbsd-0.11.8	selected		clang-18-18.1.3/libbsd-0.11.8/O2/install/lib/libbsd-ctor.a
libbsd-ctor.a	libbsd	major-alternative	clang-18-18.1.3	O3	libbsd-0.11.8	selected		clang-18-18.1.3/libbsd-0.11.8/O3/install/lib/libbsd-ctor.a
libbsd-ctor.a	libbsd	major-alternative	clang-18-18.1.3	Os	libbsd-0.11.8	selected		clang-18-18.1.3/libbsd-0.11.8/Os/install/lib/libbsd-ctor.a
libbsd.a	libbsd	current	gcc-11-11.5.0	O0	libbsd-0.12.1	selected		gcc-11-11.5.0/libbsd-0.12.1/O0/install/lib/libbsd.a
libbsd.a	libbsd	current	gcc-11-11.5.0	O2	libbsd-0.12.1	selected		gcc-11-11.5.0/libbsd-0.12.1/O2/install/lib/libbsd.a
libbsd.a	libbsd	current	gcc-11-11.5.0	O3	libbsd-0.12.1	selected		gcc-11-11.5.0/libbsd-0.12.1/O3/install/lib/libbsd.a
libbsd.a	libbsd	current	gcc-11-11.5.0	Os	libbsd-0.12.1	selected		gcc-11-11.5.0/libbsd-0.12.1/Os/install/lib/libbsd.a
libbsd.a	libbsd	current	gcc-13-13.3.0	O0	libbsd-0.12.1	selected		gcc-13-13.3.0/libbsd-0.12.1/O0/install/lib/libbsd.a
libbsd.a	libbsd	current	gcc-13-13.3.0	O2	libbsd-0.12.1	selected		gcc-13-13.3.0/libbsd-0.12.1/O2/install/lib/libbsd.a
libbsd.a	libbsd	current	gcc-13-13.3.0	O3	libbsd-0.12.1	selected		gcc-13-13.3.0/libbsd-0.12.1/O3/install/lib/libbsd.a
libbsd.a	libbsd	current	gcc-13-13.3.0	Os	libbsd-0.12.1	selected		gcc-13-13.3.0/libbsd-0.12.1/Os/install/lib/libbsd.a
libbsd.a	libbsd	current	clang-14-14.0.6	O0	libbsd-0.12.1	selected		clang-14-14.0.6/libbsd-0.12.1/O0/install/lib/libbsd.a
libbsd.a	libbsd	current	clang-14-14.0.6	O2	libbsd-0.12.1	selected		clang-14-14.0.6/libbsd-0.12.1/O2/install/lib/libbsd.a
libbsd.a	libbsd	current	clang-14-14.0.6	O3	libbsd-0.12.1	selected		clang-14-14.0.6/libbsd-0.12.1/O3/install/lib/libbsd.a
libbsd.a	libbsd	current	clang-14-14.0.6	Os	libbsd-0.12.1	selected		clang-14-14.0.6/libbsd-0.12.1/Os/install/lib/libbsd.a
libbsd.a	libbsd	current	clang-18-18.1.3	O0	libbsd-0.12.1	selected		clang-18-18.1.3/libbsd-0.12.1/O0/install/lib/libbsd.a
libbsd.a	libbsd	current	clang-18-18.1.3	O2	libbsd-0.12.1	selected		clang-18-18.1.3/libbsd-0.12.1/O2/install/lib/libbsd.a
libbsd.a	libbsd	current	clang-18-18.1.3	O3	libbsd-0.12.1	selected		clang-18-18.1.3/libbsd-0.12.1/O3/install/lib/libbsd.a
libbsd.a	libbsd	current	clang-18-18.1.3	Os	libbsd-0.12.1	selected		clang-18-18.1.3/libbsd-0.12.1/Os/install/lib/libbsd.a
libbsd.a	libbsd	minor-alternative	gcc-13-13.3.0	O0	libbsd-0.12.0	selected		gcc-13-13.3.0/libbsd-0.12.0/O0/install/lib/libbsd.a
libbsd.a	libbsd	minor-alternative	gcc-13-13.3.0	O2	libbsd-0.12.0	selected		gcc-13-13.3.0/libbsd-0.12.0/O2/install/lib/libbsd.a
libbsd.a	libbsd	minor-alternative	gcc-13-13.3.0	O3	libbsd-0.12.0	selected		gcc-13-13.3.0/libbsd-0.12.0/O3/install/lib/libbsd.a
libbsd.a	libbsd	minor-alternative	gcc-13-13.3.0	Os	libbsd-0.12.0	selected		gcc-13-13.3.0/libbsd-0.12.0/Os/install/lib/libbsd.a
libbsd.a	libbsd	minor-alternative	clang-18-18.1.3	O0	libbsd-0.12.0	selected		clang-18-18.1.3/libbsd-0.12.0/O0/install/lib/libbsd.a
libbsd.a	libbsd	minor-alternative	clang-18-18.1.3	O2	libbsd-0.12.0	selected		clang-18-18.1.3/libbsd-0.12.0/O2/install/lib/libbsd.a
libbsd.a	libbsd	minor-alternative	clang-18-18.1.3	O3	libbsd-0.12.0	selected		clang-18-18.1.3/libbsd-0.12.0/O3/install/lib/libbsd.a
libbsd.a	libbsd	minor-alternative	clang-18-18.1.3	Os	libbsd-0.12.0	selected		clang-18-18.1.3/libbsd-0.12.0/Os/install/lib/libbsd.a
libbsd.a	libbsd	major-alternative	gcc-13-13.3.0	O0	libbsd-0.11.8	selected		gcc-13-13.3.0/libbsd-0.11.8/O0/install/lib/libbsd.a
libbsd.a	libbsd	major-alternative	gcc-13-13.3.0	O2	libbsd-0.11.8	selected		gcc-13-13.3.0/libbsd-0.11.8/O2/install/lib/libbsd.a
libbsd.a	libbsd	major-alternative	gcc-13-13.3.0	O3	libbsd-0.11.8	selected		gcc-13-13.3.0/libbsd-0.11.8/O3/install/lib/libbsd.a
libbsd.a	libbsd	major-alternative	gcc-13-13.3.0	Os	libbsd-0.11.8	selected		gcc-13-13.3.0/libbsd-0.11.8/Os/install/lib/libbsd.a
libbsd.a	libbsd	major-alternative	clang-18-18.1.3	O0	libbsd-0.11.8	selected		clang-18-18.1.3/libbsd-0.11.8/O0/install/lib/libbsd.a
libbsd.a	libbsd	major-alternative	clang-18-18.1.3	O2	libbsd-0.11.8	selected		clang-18-18.1.3/libbsd-0.11.8/O2/install/lib/libbsd.a
libbsd.a	libbsd	major-alternative	clang-18-18.1.3	O3	libbsd-0.11.8	selected		clang-18-18.1.3/libbsd-0.11.8/O3/install/lib/libbsd.a
libbsd.a	libbsd	major-alternative	clang-18-18.1.3	Os	libbsd-0.11.8	selected		clang-18-18.1.3/libbsd-0.11.8/Os/install/lib/libbsd.a
libbz2.a	bzip2	current	gcc-11-11.5.0	O0	bzip2|bzip2-1.0.8|bzip2-2-1.0.8	selected		gcc-11-11.5.0/bzip2/O0/install/lib/libbz2.a
libbz2.a	bzip2	current	gcc-11-11.5.0	O2	bzip2|bzip2-1.0.8|bzip2-2-1.0.8	selected		gcc-11-11.5.0/bzip2/O2/install/lib/libbz2.a
libbz2.a	bzip2	current	gcc-11-11.5.0	O3	bzip2|bzip2-1.0.8|bzip2-2-1.0.8	selected		gcc-11-11.5.0/bzip2/O3/install/lib/libbz2.a
libbz2.a	bzip2	current	gcc-11-11.5.0	Os	bzip2|bzip2-1.0.8|bzip2-2-1.0.8	selected		gcc-11-11.5.0/bzip2/Os/install/lib/libbz2.a
libbz2.a	bzip2	current	gcc-13-13.3.0	O0	bzip2|bzip2-1.0.8|bzip2-2-1.0.8	selected		gcc-13-13.3.0/bzip2/O0/install/lib/libbz2.a
libbz2.a	bzip2	current	gcc-13-13.3.0	O2	bzip2|bzip2-1.0.8|bzip2-2-1.0.8	selected		gcc-13-13.3.0/bzip2/O2/install/lib/libbz2.a
libbz2.a	bzip2	current	gcc-13-13.3.0	O3	bzip2|bzip2-1.0.8|bzip2-2-1.0.8	selected		gcc-13-13.3.0/bzip2/O3/install/lib/libbz2.a
libbz2.a	bzip2	current	gcc-13-13.3.0	Os	bzip2|bzip2-1.0.8|bzip2-2-1.0.8	selected		gcc-13-13.3.0/bzip2/Os/install/lib/libbz2.a
libbz2.a	bzip2	current	clang-14-14.0.6	O0	bzip2|bzip2-1.0.8|bzip2-2-1.0.8	selected		clang-14-14.0.6/bzip2/O0/install/lib/libbz2.a
libbz2.a	bzip2	current	clang-14-14.0.6	O2	bzip2|bzip2-1.0.8|bzip2-2-1.0.8	selected		clang-14-14.0.6/bzip2/O2/install/lib/libbz2.a
libbz2.a	bzip2	current	clang-14-14.0.6	O3	bzip2|bzip2-1.0.8|bzip2-2-1.0.8	selected		clang-14-14.0.6/bzip2/O3/install/lib/libbz2.a
libbz2.a	bzip2	current	clang-14-14.0.6	Os	bzip2|bzip2-1.0.8|bzip2-2-1.0.8	selected		clang-14-14.0.6/bzip2/Os/install/lib/libbz2.a
libbz2.a	bzip2	current	clang-18-18.1.3	O0	bzip2|bzip2-1.0.8|bzip2-2-1.0.8	selected		clang-18-18.1.3/bzip2/O0/install/lib/libbz2.a
libbz2.a	bzip2	current	clang-18-18.1.3	O2	bzip2|bzip2-1.0.8|bzip2-2-1.0.8	selected		clang-18-18.1.3/bzip2/O2/install/lib/libbz2.a
libbz2.a	bzip2	current	clang-18-18.1.3	O3	bzip2|bzip2-1.0.8|bzip2-2-1.0.8	selected		clang-18-18.1.3/bzip2/O3/install/lib/libbz2.a
libbz2.a	bzip2	current	clang-18-18.1.3	Os	bzip2|bzip2-1.0.8|bzip2-2-1.0.8	selected		clang-18-18.1.3/bzip2/Os/install/lib/libbz2.a
libbz2.a	bzip2	minor-alternative	gcc-13-13.3.0	O0	bzip2-1.0.6|bzip2-2-1.0.6	selected		gcc-13-13.3.0/bzip2-1.0.6/O0/install/lib/libbz2.a
libbz2.a	bzip2	minor-alternative	gcc-13-13.3.0	O2	bzip2-1.0.6|bzip2-2-1.0.6	selected		gcc-13-13.3.0/bzip2-1.0.6/O2/install/lib/libbz2.a
libbz2.a	bzip2	minor-alternative	gcc-13-13.3.0	O3	bzip2-1.0.6|bzip2-2-1.0.6	selected		gcc-13-13.3.0/bzip2-1.0.6/O3/install/lib/libbz2.a
libbz2.a	bzip2	minor-alternative	gcc-13-13.3.0	Os	bzip2-1.0.6|bzip2-2-1.0.6	selected		gcc-13-13.3.0/bzip2-1.0.6/Os/install/lib/libbz2.a
libbz2.a	bzip2	minor-alternative	clang-18-18.1.3	O0	bzip2-1.0.6|bzip2-2-1.0.6	selected		clang-18-18.1.3/bzip2-1.0.6/O0/install/lib/libbz2.a
libbz2.a	bzip2	minor-alternative	clang-18-18.1.3	O2	bzip2-1.0.6|bzip2-2-1.0.6	selected		clang-18-18.1.3/bzip2-1.0.6/O2/install/lib/libbz2.a
libbz2.a	bzip2	minor-alternative	clang-18-18.1.3	O3	bzip2-1.0.6|bzip2-2-1.0.6	selected		clang-18-18.1.3/bzip2-1.0.6/O3/install/lib/libbz2.a
libbz2.a	bzip2	minor-alternative	clang-18-18.1.3	Os	bzip2-1.0.6|bzip2-2-1.0.6	selected		clang-18-18.1.3/bzip2-1.0.6/Os/install/lib/libbz2.a
libbz2.a	bzip2	major-alternative	gcc-13-13.3.0	O0	bzip2-0.9.5d-2	selected		gcc-13-13.3.0/bzip2-0.9.5d-2/O0/install/lib/libbz2.a
libbz2.a	bzip2	major-alternative	gcc-13-13.3.0	O2	bzip2-0.9.5d-2	selected		gcc-13-13.3.0/bzip2-0.9.5d-2/O2/install/lib/libbz2.a
libbz2.a	bzip2	major-alternative	gcc-13-13.3.0	O3	bzip2-0.9.5d-2	selected		gcc-13-13.3.0/bzip2-0.9.5d-2/O3/install/lib/libbz2.a
libbz2.a	bzip2	major-alternative	gcc-13-13.3.0	Os	bzip2-0.9.5d-2	selected		gcc-13-13.3.0/bzip2-0.9.5d-2/Os/install/lib/libbz2.a
libbz2.a	bzip2	major-alternative	clang-18-18.1.3	O0	bzip2-0.9.5d-2	selected		clang-18-18.1.3/bzip2-0.9.5d-2/O0/install/lib/libbz2.a
libbz2.a	bzip2	major-alternative	clang-18-18.1.3	O2	bzip2-0.9.5d-2	selected		clang-18-18.1.3/bzip2-0.9.5d-2/O2/install/lib/libbz2.a
libbz2.a	bzip2	major-alternative	clang-18-18.1.3	O3	bzip2-0.9.5d-2	selected		clang-18-18.1.3/bzip2-0.9.5d-2/O3/install/lib/libbz2.a
libbz2.a	bzip2	major-alternative	clang-18-18.1.3	Os	bzip2-0.9.5d-2	selected		clang-18-18.1.3/bzip2-0.9.5d-2/Os/install/lib/libbz2.a
libc.a	glibc	current	gcc-11-11.5.0	O0	glibc-2.41	missing	unsupported_optimization	
libc.a	glibc	current	gcc-11-11.5.0	O2	glibc-2.41	selected		gcc-11-11.5.0/glibc-2.41/O2/install/lib/libc.a
libc.a	glibc	current	gcc-11-11.5.0	O3	glibc-2.41	selected		gcc-11-11.5.0/glibc-2.41/O3/install/lib/libc.a
libc.a	glibc	current	gcc-11-11.5.0	Os	glibc-2.41	selected		gcc-11-11.5.0/glibc-2.41/Os/install/lib/libc.a
libc.a	glibc	current	gcc-13-13.3.0	O0	glibc-2.41	missing	unsupported_optimization	
libc.a	glibc	current	gcc-13-13.3.0	O2	glibc-2.41	selected		gcc-13-13.3.0/glibc-2.41/O2/install/lib/libc.a
libc.a	glibc	current	gcc-13-13.3.0	O3	glibc-2.41	selected		gcc-13-13.3.0/glibc-2.41/O3/install/lib/libc.a
libc.a	glibc	current	gcc-13-13.3.0	Os	glibc-2.41	selected		gcc-13-13.3.0/glibc-2.41/Os/install/lib/libc.a
libc.a	glibc	current	clang-14-14.0.6	O0	glibc-2.41	missing	unsupported_compiler	
libc.a	glibc	current	clang-14-14.0.6	O2	glibc-2.41	missing	unsupported_compiler	
libc.a	glibc	current	clang-14-14.0.6	O3	glibc-2.41	missing	unsupported_compiler	
libc.a	glibc	current	clang-14-14.0.6	Os	glibc-2.41	missing	unsupported_compiler	
libc.a	glibc	current	clang-18-18.1.3	O0	glibc-2.41	missing	unsupported_compiler	
libc.a	glibc	current	clang-18-18.1.3	O2	glibc-2.41	missing	unsupported_compiler	
libc.a	glibc	current	clang-18-18.1.3	O3	glibc-2.41	missing	unsupported_compiler	
libc.a	glibc	current	clang-18-18.1.3	Os	glibc-2.41	missing	unsupported_compiler	
libc.a	glibc	minor-alternative	gcc-13-13.3.0	O0	glibc-2.39	missing	unsupported_optimization	
libc.a	glibc	minor-alternative	gcc-13-13.3.0	O2	glibc-2.39	selected		gcc-13-13.3.0/glibc-2.39/O2/install/lib/libc.a
libc.a	glibc	minor-alternative	gcc-13-13.3.0	O3	glibc-2.39	selected		gcc-13-13.3.0/glibc-2.39/O3/install/lib/libc.a
libc.a	glibc	minor-alternative	gcc-13-13.3.0	Os	glibc-2.39	selected		gcc-13-13.3.0/glibc-2.39/Os/install/lib/libc.a
libc.a	glibc	minor-alternative	clang-18-18.1.3	O0	glibc-2.39	missing	unsupported_compiler	
libc.a	glibc	minor-alternative	clang-18-18.1.3	O2	glibc-2.39	missing	unsupported_compiler	
libc.a	glibc	minor-alternative	clang-18-18.1.3	O3	glibc-2.39	missing	unsupported_compiler	
libc.a	glibc	minor-alternative	clang-18-18.1.3	Os	glibc-2.39	missing	unsupported_compiler	
libc.a	glibc	major-alternative	gcc-13-13.3.0	O0	glibc-2.17	missing	unsupported_optimization	
libc.a	glibc	major-alternative	gcc-13-13.3.0	O2	glibc-2.17	selected		gcc-13-13.3.0/glibc-2.17/O2/install/lib/libc.a
libc.a	glibc	major-alternative	gcc-13-13.3.0	O3	glibc-2.17	selected		gcc-13-13.3.0/glibc-2.17/O3/install/lib/libc.a
libc.a	glibc	major-alternative	gcc-13-13.3.0	Os	glibc-2.17	selected		gcc-13-13.3.0/glibc-2.17/Os/install/lib/libc.a
libc.a	glibc	major-alternative	clang-18-18.1.3	O0	glibc-2.17	missing	unsupported_compiler	
libc.a	glibc	major-alternative	clang-18-18.1.3	O2	glibc-2.17	missing	unsupported_compiler	
libc.a	glibc	major-alternative	clang-18-18.1.3	O3	glibc-2.17	missing	unsupported_compiler	
libc.a	glibc	major-alternative	clang-18-18.1.3	Os	glibc-2.17	missing	unsupported_compiler	
libc_nonshared.a	glibc	current	gcc-11-11.5.0	O0	glibc-2.41	missing	unsupported_optimization	
libc_nonshared.a	glibc	current	gcc-11-11.5.0	O2	glibc-2.41	selected		gcc-11-11.5.0/glibc-2.41/O2/install/lib/libc_nonshared.a
libc_nonshared.a	glibc	current	gcc-11-11.5.0	O3	glibc-2.41	selected		gcc-11-11.5.0/glibc-2.41/O3/install/lib/libc_nonshared.a
libc_nonshared.a	glibc	current	gcc-11-11.5.0	Os	glibc-2.41	selected		gcc-11-11.5.0/glibc-2.41/Os/install/lib/libc_nonshared.a
libc_nonshared.a	glibc	current	gcc-13-13.3.0	O0	glibc-2.41	missing	unsupported_optimization	
libc_nonshared.a	glibc	current	gcc-13-13.3.0	O2	glibc-2.41	selected		gcc-13-13.3.0/glibc-2.41/O2/install/lib/libc_nonshared.a
libc_nonshared.a	glibc	current	gcc-13-13.3.0	O3	glibc-2.41	selected		gcc-13-13.3.0/glibc-2.41/O3/install/lib/libc_nonshared.a
libc_nonshared.a	glibc	current	gcc-13-13.3.0	Os	glibc-2.41	selected		gcc-13-13.3.0/glibc-2.41/Os/install/lib/libc_nonshared.a
libc_nonshared.a	glibc	current	clang-14-14.0.6	O0	glibc-2.41	missing	unsupported_compiler	
libc_nonshared.a	glibc	current	clang-14-14.0.6	O2	glibc-2.41	missing	unsupported_compiler	
libc_nonshared.a	glibc	current	clang-14-14.0.6	O3	glibc-2.41	missing	unsupported_compiler	
libc_nonshared.a	glibc	current	clang-14-14.0.6	Os	glibc-2.41	missing	unsupported_compiler	
libc_nonshared.a	glibc	current	clang-18-18.1.3	O0	glibc-2.41	missing	unsupported_compiler	
libc_nonshared.a	glibc	current	clang-18-18.1.3	O2	glibc-2.41	missing	unsupported_compiler	
libc_nonshared.a	glibc	current	clang-18-18.1.3	O3	glibc-2.41	missing	unsupported_compiler	
libc_nonshared.a	glibc	current	clang-18-18.1.3	Os	glibc-2.41	missing	unsupported_compiler	
libc_nonshared.a	glibc	minor-alternative	gcc-13-13.3.0	O0	glibc-2.39	missing	unsupported_optimization	
libc_nonshared.a	glibc	minor-alternative	gcc-13-13.3.0	O2	glibc-2.39	selected		gcc-13-13.3.0/glibc-2.39/O2/install/lib/libc_nonshared.a
libc_nonshared.a	glibc	minor-alternative	gcc-13-13.3.0	O3	glibc-2.39	selected		gcc-13-13.3.0/glibc-2.39/O3/install/lib/libc_nonshared.a
libc_nonshared.a	glibc	minor-alternative	gcc-13-13.3.0	Os	glibc-2.39	selected		gcc-13-13.3.0/glibc-2.39/Os/install/lib/libc_nonshared.a
libc_nonshared.a	glibc	minor-alternative	clang-18-18.1.3	O0	glibc-2.39	missing	unsupported_compiler	
libc_nonshared.a	glibc	minor-alternative	clang-18-18.1.3	O2	glibc-2.39	missing	unsupported_compiler	
libc_nonshared.a	glibc	minor-alternative	clang-18-18.1.3	O3	glibc-2.39	missing	unsupported_compiler	
libc_nonshared.a	glibc	minor-alternative	clang-18-18.1.3	Os	glibc-2.39	missing	unsupported_compiler	
libc_nonshared.a	glibc	major-alternative	gcc-13-13.3.0	O0	glibc-2.17	missing	unsupported_optimization	
libc_nonshared.a	glibc	major-alternative	gcc-13-13.3.0	O2	glibc-2.17	selected		gcc-13-13.3.0/glibc-2.17/O2/install/lib/libc_nonshared.a
libc_nonshared.a	glibc	major-alternative	gcc-13-13.3.0	O3	glibc-2.17	selected		gcc-13-13.3.0/glibc-2.17/O3/install/lib/libc_nonshared.a
libc_nonshared.a	glibc	major-alternative	gcc-13-13.3.0	Os	glibc-2.17	selected		gcc-13-13.3.0/glibc-2.17/Os/install/lib/libc_nonshared.a
libc_nonshared.a	glibc	major-alternative	clang-18-18.1.3	O0	glibc-2.17	missing	unsupported_compiler	
libc_nonshared.a	glibc	major-alternative	clang-18-18.1.3	O2	glibc-2.17	missing	unsupported_compiler	
libc_nonshared.a	glibc	major-alternative	clang-18-18.1.3	O3	glibc-2.17	missing	unsupported_compiler	
libc_nonshared.a	glibc	major-alternative	clang-18-18.1.3	Os	glibc-2.17	missing	unsupported_compiler	
libcap.a	libcap	current	gcc-11-11.5.0	O0	libcap|libcap-2.75	selected		gcc-11-11.5.0/libcap/O0/install/lib/libcap.a
libcap.a	libcap	current	gcc-11-11.5.0	O2	libcap|libcap-2.75	selected		gcc-11-11.5.0/libcap/O2/install/lib/libcap.a
libcap.a	libcap	current	gcc-11-11.5.0	O3	libcap|libcap-2.75	selected		gcc-11-11.5.0/libcap/O3/install/lib/libcap.a
libcap.a	libcap	current	gcc-11-11.5.0	Os	libcap|libcap-2.75	selected		gcc-11-11.5.0/libcap/Os/install/lib/libcap.a
libcap.a	libcap	current	gcc-13-13.3.0	O0	libcap|libcap-2.75	selected		gcc-13-13.3.0/libcap-2.75/O0/install/lib/libcap.a
libcap.a	libcap	current	gcc-13-13.3.0	O2	libcap|libcap-2.75	selected		gcc-13-13.3.0/libcap-2.75/O2/install/lib/libcap.a
libcap.a	libcap	current	gcc-13-13.3.0	O3	libcap|libcap-2.75	selected		gcc-13-13.3.0/libcap-2.75/O3/install/lib/libcap.a
libcap.a	libcap	current	gcc-13-13.3.0	Os	libcap|libcap-2.75	selected		gcc-13-13.3.0/libcap-2.75/Os/install/lib/libcap.a
libcap.a	libcap	current	clang-14-14.0.6	O0	libcap|libcap-2.75	selected		clang-14-14.0.6/libcap-2.75/O0/install/lib/libcap.a
libcap.a	libcap	current	clang-14-14.0.6	O2	libcap|libcap-2.75	selected		clang-14-14.0.6/libcap-2.75/O2/install/lib/libcap.a
libcap.a	libcap	current	clang-14-14.0.6	O3	libcap|libcap-2.75	selected		clang-14-14.0.6/libcap-2.75/O3/install/lib/libcap.a
libcap.a	libcap	current	clang-14-14.0.6	Os	libcap|libcap-2.75	selected		clang-14-14.0.6/libcap-2.75/Os/install/lib/libcap.a
libcap.a	libcap	current	clang-18-18.1.3	O0	libcap|libcap-2.75	selected		clang-18-18.1.3/libcap-2.75/O0/install/lib/libcap.a
libcap.a	libcap	current	clang-18-18.1.3	O2	libcap|libcap-2.75	selected		clang-18-18.1.3/libcap-2.75/O2/install/lib/libcap.a
libcap.a	libcap	current	clang-18-18.1.3	O3	libcap|libcap-2.75	selected		clang-18-18.1.3/libcap-2.75/O3/install/lib/libcap.a
libcap.a	libcap	current	clang-18-18.1.3	Os	libcap|libcap-2.75	selected		clang-18-18.1.3/libcap-2.75/Os/install/lib/libcap.a
libcap.a	libcap	minor-alternative	gcc-13-13.3.0	O0	libcap-2.65	selected		gcc-13-13.3.0/libcap-2.65/O0/install/lib/libcap.a
libcap.a	libcap	minor-alternative	gcc-13-13.3.0	O2	libcap-2.65	selected		gcc-13-13.3.0/libcap-2.65/O2/install/lib/libcap.a
libcap.a	libcap	minor-alternative	gcc-13-13.3.0	O3	libcap-2.65	selected		gcc-13-13.3.0/libcap-2.65/O3/install/lib/libcap.a
libcap.a	libcap	minor-alternative	gcc-13-13.3.0	Os	libcap-2.65	selected		gcc-13-13.3.0/libcap-2.65/Os/install/lib/libcap.a
libcap.a	libcap	minor-alternative	clang-18-18.1.3	O0	libcap-2.65	selected		clang-18-18.1.3/libcap-2.65/O0/install/lib/libcap.a
libcap.a	libcap	minor-alternative	clang-18-18.1.3	O2	libcap-2.65	selected		clang-18-18.1.3/libcap-2.65/O2/install/lib/libcap.a
libcap.a	libcap	minor-alternative	clang-18-18.1.3	O3	libcap-2.65	selected		clang-18-18.1.3/libcap-2.65/O3/install/lib/libcap.a
libcap.a	libcap	minor-alternative	clang-18-18.1.3	Os	libcap-2.65	selected		clang-18-18.1.3/libcap-2.65/Os/install/lib/libcap.a
libcap.a	libcap	major-alternative	gcc-13-13.3.0	O0	libcap-1.10	selected		gcc-13-13.3.0/libcap-1.10/O0/install/lib/libcap.a
libcap.a	libcap	major-alternative	gcc-13-13.3.0	O2	libcap-1.10	selected		gcc-13-13.3.0/libcap-1.10/O2/install/lib/libcap.a
libcap.a	libcap	major-alternative	gcc-13-13.3.0	O3	libcap-1.10	selected		gcc-13-13.3.0/libcap-1.10/O3/install/lib/libcap.a
libcap.a	libcap	major-alternative	gcc-13-13.3.0	Os	libcap-1.10	selected		gcc-13-13.3.0/libcap-1.10/Os/install/lib/libcap.a
libcap.a	libcap	major-alternative	clang-18-18.1.3	O0	libcap-1.10	selected		clang-18-18.1.3/libcap-1.10/O0/install/lib/libcap.a
libcap.a	libcap	major-alternative	clang-18-18.1.3	O2	libcap-1.10	selected		clang-18-18.1.3/libcap-1.10/O2/install/lib/libcap.a
libcap.a	libcap	major-alternative	clang-18-18.1.3	O3	libcap-1.10	selected		clang-18-18.1.3/libcap-1.10/O3/install/lib/libcap.a
libcap.a	libcap	major-alternative	clang-18-18.1.3	Os	libcap-1.10	selected		clang-18-18.1.3/libcap-1.10/Os/install/lib/libcap.a
libcharset.a	libiconv	current	gcc-11-11.5.0	O0	libiconv-1.18	selected		gcc-11-11.5.0/libiconv-1.18/O0/install/lib/libcharset.a
libcharset.a	libiconv	current	gcc-11-11.5.0	O2	libiconv-1.18	selected		gcc-11-11.5.0/libiconv-1.18/O2/install/lib/libcharset.a
libcharset.a	libiconv	current	gcc-11-11.5.0	O3	libiconv-1.18	selected		gcc-11-11.5.0/libiconv-1.18/O3/install/lib/libcharset.a
libcharset.a	libiconv	current	gcc-11-11.5.0	Os	libiconv-1.18	selected		gcc-11-11.5.0/libiconv-1.18/Os/install/lib/libcharset.a
libcharset.a	libiconv	current	gcc-13-13.3.0	O0	libiconv-1.18	selected		gcc-13-13.3.0/libiconv-1.18/O0/install/lib/libcharset.a
libcharset.a	libiconv	current	gcc-13-13.3.0	O2	libiconv-1.18	selected		gcc-13-13.3.0/libiconv-1.18/O2/install/lib/libcharset.a
libcharset.a	libiconv	current	gcc-13-13.3.0	O3	libiconv-1.18	selected		gcc-13-13.3.0/libiconv-1.18/O3/install/lib/libcharset.a
libcharset.a	libiconv	current	gcc-13-13.3.0	Os	libiconv-1.18	selected		gcc-13-13.3.0/libiconv-1.18/Os/install/lib/libcharset.a
libcharset.a	libiconv	current	clang-14-14.0.6	O0	libiconv-1.18	selected		clang-14-14.0.6/libiconv-1.18/O0/install/lib/libcharset.a
libcharset.a	libiconv	current	clang-14-14.0.6	O2	libiconv-1.18	selected		clang-14-14.0.6/libiconv-1.18/O2/install/lib/libcharset.a
libcharset.a	libiconv	current	clang-14-14.0.6	O3	libiconv-1.18	selected		clang-14-14.0.6/libiconv-1.18/O3/install/lib/libcharset.a
libcharset.a	libiconv	current	clang-14-14.0.6	Os	libiconv-1.18	selected		clang-14-14.0.6/libiconv-1.18/Os/install/lib/libcharset.a
libcharset.a	libiconv	current	clang-18-18.1.3	O0	libiconv-1.18	selected		clang-18-18.1.3/libiconv-1.18/O0/install/lib/libcharset.a
libcharset.a	libiconv	current	clang-18-18.1.3	O2	libiconv-1.18	selected		clang-18-18.1.3/libiconv-1.18/O2/install/lib/libcharset.a
libcharset.a	libiconv	current	clang-18-18.1.3	O3	libiconv-1.18	selected		clang-18-18.1.3/libiconv-1.18/O3/install/lib/libcharset.a
libcharset.a	libiconv	current	clang-18-18.1.3	Os	libiconv-1.18	selected		clang-18-18.1.3/libiconv-1.18/Os/install/lib/libcharset.a
libcharset.a	libiconv	minor-alternative	gcc-13-13.3.0	O0	libiconv-1.17	selected		gcc-13-13.3.0/libiconv-1.17/O0/install/lib/libcharset.a
libcharset.a	libiconv	minor-alternative	gcc-13-13.3.0	O2	libiconv-1.17	selected		gcc-13-13.3.0/libiconv-1.17/O2/install/lib/libcharset.a
libcharset.a	libiconv	minor-alternative	gcc-13-13.3.0	O3	libiconv-1.17	selected		gcc-13-13.3.0/libiconv-1.17/O3/install/lib/libcharset.a
libcharset.a	libiconv	minor-alternative	gcc-13-13.3.0	Os	libiconv-1.17	selected		gcc-13-13.3.0/libiconv-1.17/Os/install/lib/libcharset.a
libcharset.a	libiconv	minor-alternative	clang-18-18.1.3	O0	libiconv-1.17	selected		clang-18-18.1.3/libiconv-1.17/O0/install/lib/libcharset.a
libcharset.a	libiconv	minor-alternative	clang-18-18.1.3	O2	libiconv-1.17	selected		clang-18-18.1.3/libiconv-1.17/O2/install/lib/libcharset.a
libcharset.a	libiconv	minor-alternative	clang-18-18.1.3	O3	libiconv-1.17	selected		clang-18-18.1.3/libiconv-1.17/O3/install/lib/libcharset.a
libcharset.a	libiconv	minor-alternative	clang-18-18.1.3	Os	libiconv-1.17	selected		clang-18-18.1.3/libiconv-1.17/Os/install/lib/libcharset.a
libcharset.a	libiconv	major-alternative	gcc-13-13.3.0	O0	libiconv-1.9.2	selected		gcc-13-13.3.0/libiconv-1.9.2/O0/install/lib/libcharset.a
libcharset.a	libiconv	major-alternative	gcc-13-13.3.0	O2	libiconv-1.9.2	selected		gcc-13-13.3.0/libiconv-1.9.2/O2/install/lib/libcharset.a
libcharset.a	libiconv	major-alternative	gcc-13-13.3.0	O3	libiconv-1.9.2	selected		gcc-13-13.3.0/libiconv-1.9.2/O3/install/lib/libcharset.a
libcharset.a	libiconv	major-alternative	gcc-13-13.3.0	Os	libiconv-1.9.2	selected		gcc-13-13.3.0/libiconv-1.9.2/Os/install/lib/libcharset.a
libcharset.a	libiconv	major-alternative	clang-18-18.1.3	O0	libiconv-1.9.2	selected		clang-18-18.1.3/libiconv-1.9.2/O0/install/lib/libcharset.a
libcharset.a	libiconv	major-alternative	clang-18-18.1.3	O2	libiconv-1.9.2	selected		clang-18-18.1.3/libiconv-1.9.2/O2/install/lib/libcharset.a
libcharset.a	libiconv	major-alternative	clang-18-18.1.3	O3	libiconv-1.9.2	selected		clang-18-18.1.3/libiconv-1.9.2/O3/install/lib/libcharset.a
libcharset.a	libiconv	major-alternative	clang-18-18.1.3	Os	libiconv-1.9.2	selected		clang-18-18.1.3/libiconv-1.9.2/Os/install/lib/libcharset.a
libcmph.a	glib	current	gcc-11-11.5.0	O0	glib-2.81.0	selected		gcc-11-11.5.0/glib-2.81.0/O0/install/lib/libcmph.a
libcmph.a	glib	current	gcc-11-11.5.0	O2	glib-2.81.0	selected		gcc-11-11.5.0/glib-2.81.0/O2/install/lib/libcmph.a
libcmph.a	glib	current	gcc-11-11.5.0	O3	glib-2.81.0	selected		gcc-11-11.5.0/glib-2.81.0/O3/install/lib/libcmph.a
libcmph.a	glib	current	gcc-11-11.5.0	Os	glib-2.81.0	selected		gcc-11-11.5.0/glib-2.81.0/Os/install/lib/libcmph.a
libcmph.a	glib	current	gcc-13-13.3.0	O0	glib-2.81.0	selected		gcc-13-13.3.0/glib-2.81.0/O0/install/lib/libcmph.a
libcmph.a	glib	current	gcc-13-13.3.0	O2	glib-2.81.0	selected		gcc-13-13.3.0/glib-2.81.0/O2/install/lib/libcmph.a
libcmph.a	glib	current	gcc-13-13.3.0	O3	glib-2.81.0	selected		gcc-13-13.3.0/glib-2.81.0/O3/install/lib/libcmph.a
libcmph.a	glib	current	gcc-13-13.3.0	Os	glib-2.81.0	selected		gcc-13-13.3.0/glib-2.81.0/Os/install/lib/libcmph.a
libcmph.a	glib	current	clang-14-14.0.6	O0	glib-2.81.0	selected		clang-14-14.0.6/glib-2.81.0/O0/install/lib/libcmph.a
libcmph.a	glib	current	clang-14-14.0.6	O2	glib-2.81.0	selected		clang-14-14.0.6/glib-2.81.0/O2/install/lib/libcmph.a
libcmph.a	glib	current	clang-14-14.0.6	O3	glib-2.81.0	selected		clang-14-14.0.6/glib-2.81.0/O3/install/lib/libcmph.a
libcmph.a	glib	current	clang-14-14.0.6	Os	glib-2.81.0	selected		clang-14-14.0.6/glib-2.81.0/Os/install/lib/libcmph.a
libcmph.a	glib	current	clang-18-18.1.3	O0	glib-2.81.0	selected		clang-18-18.1.3/glib-2.81.0/O0/install/lib/libcmph.a
libcmph.a	glib	current	clang-18-18.1.3	O2	glib-2.81.0	selected		clang-18-18.1.3/glib-2.81.0/O2/install/lib/libcmph.a
libcmph.a	glib	current	clang-18-18.1.3	O3	glib-2.81.0	selected		clang-18-18.1.3/glib-2.81.0/O3/install/lib/libcmph.a
libcmph.a	glib	current	clang-18-18.1.3	Os	glib-2.81.0	selected		clang-18-18.1.3/glib-2.81.0/Os/install/lib/libcmph.a
libcmph.a	glib	minor-alternative	gcc-13-13.3.0	O0	glib-2.80.1	selected		gcc-13-13.3.0/glib-2.80.1/O0/install/lib/libcmph.a
libcmph.a	glib	minor-alternative	gcc-13-13.3.0	O2	glib-2.80.1	selected		gcc-13-13.3.0/glib-2.80.1/O2/install/lib/libcmph.a
libcmph.a	glib	minor-alternative	gcc-13-13.3.0	O3	glib-2.80.1	selected		gcc-13-13.3.0/glib-2.80.1/O3/install/lib/libcmph.a
libcmph.a	glib	minor-alternative	gcc-13-13.3.0	Os	glib-2.80.1	selected		gcc-13-13.3.0/glib-2.80.1/Os/install/lib/libcmph.a
libcmph.a	glib	minor-alternative	clang-18-18.1.3	O0	glib-2.80.1	selected		clang-18-18.1.3/glib-2.80.1/O0/install/lib/libcmph.a
libcmph.a	glib	minor-alternative	clang-18-18.1.3	O2	glib-2.80.1	selected		clang-18-18.1.3/glib-2.80.1/O2/install/lib/libcmph.a
libcmph.a	glib	minor-alternative	clang-18-18.1.3	O3	glib-2.80.1	selected		clang-18-18.1.3/glib-2.80.1/O3/install/lib/libcmph.a
libcmph.a	glib	minor-alternative	clang-18-18.1.3	Os	glib-2.80.1	selected		clang-18-18.1.3/glib-2.80.1/Os/install/lib/libcmph.a
libcmph.a	glib	major-alternative	gcc-13-13.3.0	O0	glib-1.2.10-20	missing	archive_not_produced_by_version	
libcmph.a	glib	major-alternative	gcc-13-13.3.0	O2	glib-1.2.10-20	missing	archive_not_produced_by_version	
libcmph.a	glib	major-alternative	gcc-13-13.3.0	O3	glib-1.2.10-20	missing	archive_not_produced_by_version	
libcmph.a	glib	major-alternative	gcc-13-13.3.0	Os	glib-1.2.10-20	missing	archive_not_produced_by_version	
libcmph.a	glib	major-alternative	clang-18-18.1.3	O0	glib-1.2.10-20	missing	archive_not_produced_by_version	
libcmph.a	glib	major-alternative	clang-18-18.1.3	O2	glib-1.2.10-20	missing	archive_not_produced_by_version	
libcmph.a	glib	major-alternative	clang-18-18.1.3	O3	glib-1.2.10-20	missing	archive_not_produced_by_version	
libcmph.a	glib	major-alternative	clang-18-18.1.3	Os	glib-1.2.10-20	missing	archive_not_produced_by_version	
libcommon.a	util-linux	current	gcc-11-11.5.0	O0	util-linux-2.39.3	selected		gcc-11-11.5.0/util-linux-2.39.3/O0/install/lib/libcommon.a
libcommon.a	util-linux	current	gcc-11-11.5.0	O2	util-linux-2.39.3	selected		gcc-11-11.5.0/util-linux-2.39.3/O2/install/lib/libcommon.a
libcommon.a	util-linux	current	gcc-11-11.5.0	O3	util-linux-2.39.3	selected		gcc-11-11.5.0/util-linux-2.39.3/O3/install/lib/libcommon.a
libcommon.a	util-linux	current	gcc-11-11.5.0	Os	util-linux-2.39.3	selected		gcc-11-11.5.0/util-linux-2.39.3/Os/install/lib/libcommon.a
libcommon.a	util-linux	current	gcc-13-13.3.0	O0	util-linux-2.39.3	selected		gcc-13-13.3.0/util-linux-2.39.3/O0/install/lib/libcommon.a
libcommon.a	util-linux	current	gcc-13-13.3.0	O2	util-linux-2.39.3	selected		gcc-13-13.3.0/util-linux-2.39.3/O2/install/lib/libcommon.a
libcommon.a	util-linux	current	gcc-13-13.3.0	O3	util-linux-2.39.3	selected		gcc-13-13.3.0/util-linux-2.39.3/O3/install/lib/libcommon.a
libcommon.a	util-linux	current	gcc-13-13.3.0	Os	util-linux-2.39.3	selected		gcc-13-13.3.0/util-linux-2.39.3/Os/install/lib/libcommon.a
libcommon.a	util-linux	current	clang-14-14.0.6	O0	util-linux-2.39.3	selected		clang-14-14.0.6/util-linux-2.39.3/O0/install/lib/libcommon.a
libcommon.a	util-linux	current	clang-14-14.0.6	O2	util-linux-2.39.3	selected		clang-14-14.0.6/util-linux-2.39.3/O2/install/lib/libcommon.a
libcommon.a	util-linux	current	clang-14-14.0.6	O3	util-linux-2.39.3	selected		clang-14-14.0.6/util-linux-2.39.3/O3/install/lib/libcommon.a
libcommon.a	util-linux	current	clang-14-14.0.6	Os	util-linux-2.39.3	selected		clang-14-14.0.6/util-linux-2.39.3/Os/install/lib/libcommon.a
libcommon.a	util-linux	current	clang-18-18.1.3	O0	util-linux-2.39.3	selected		clang-18-18.1.3/util-linux-2.39.3/O0/install/lib/libcommon.a
libcommon.a	util-linux	current	clang-18-18.1.3	O2	util-linux-2.39.3	selected		clang-18-18.1.3/util-linux-2.39.3/O2/install/lib/libcommon.a
libcommon.a	util-linux	current	clang-18-18.1.3	O3	util-linux-2.39.3	selected		clang-18-18.1.3/util-linux-2.39.3/O3/install/lib/libcommon.a
libcommon.a	util-linux	current	clang-18-18.1.3	Os	util-linux-2.39.3	selected		clang-18-18.1.3/util-linux-2.39.3/Os/install/lib/libcommon.a
libcommon.a	util-linux	minor-alternative	gcc-13-13.3.0	O0	util-linux-2.39.2	selected		gcc-13-13.3.0/util-linux-2.39.2/O0/install/lib/libcommon.a
libcommon.a	util-linux	minor-alternative	gcc-13-13.3.0	O2	util-linux-2.39.2	selected		gcc-13-13.3.0/util-linux-2.39.2/O2/install/lib/libcommon.a
libcommon.a	util-linux	minor-alternative	gcc-13-13.3.0	O3	util-linux-2.39.2	selected		gcc-13-13.3.0/util-linux-2.39.2/O3/install/lib/libcommon.a
libcommon.a	util-linux	minor-alternative	gcc-13-13.3.0	Os	util-linux-2.39.2	selected		gcc-13-13.3.0/util-linux-2.39.2/Os/install/lib/libcommon.a
libcommon.a	util-linux	minor-alternative	clang-18-18.1.3	O0	util-linux-2.39.2	selected		clang-18-18.1.3/util-linux-2.39.2/O0/install/lib/libcommon.a
libcommon.a	util-linux	minor-alternative	clang-18-18.1.3	O2	util-linux-2.39.2	selected		clang-18-18.1.3/util-linux-2.39.2/O2/install/lib/libcommon.a
libcommon.a	util-linux	minor-alternative	clang-18-18.1.3	O3	util-linux-2.39.2	selected		clang-18-18.1.3/util-linux-2.39.2/O3/install/lib/libcommon.a
libcommon.a	util-linux	minor-alternative	clang-18-18.1.3	Os	util-linux-2.39.2	selected		clang-18-18.1.3/util-linux-2.39.2/Os/install/lib/libcommon.a
libcommon.a	util-linux	major-alternative	gcc-13-13.3.0	O0	util-linux-2.38.1	selected		gcc-13-13.3.0/util-linux-2.38.1/O0/install/lib/libcommon.a
libcommon.a	util-linux	major-alternative	gcc-13-13.3.0	O2	util-linux-2.38.1	selected		gcc-13-13.3.0/util-linux-2.38.1/O2/install/lib/libcommon.a
libcommon.a	util-linux	major-alternative	gcc-13-13.3.0	O3	util-linux-2.38.1	selected		gcc-13-13.3.0/util-linux-2.38.1/O3/install/lib/libcommon.a
libcommon.a	util-linux	major-alternative	gcc-13-13.3.0	Os	util-linux-2.38.1	selected		gcc-13-13.3.0/util-linux-2.38.1/Os/install/lib/libcommon.a
libcommon.a	util-linux	major-alternative	clang-18-18.1.3	O0	util-linux-2.38.1	selected		clang-18-18.1.3/util-linux-2.38.1/O0/install/lib/libcommon.a
libcommon.a	util-linux	major-alternative	clang-18-18.1.3	O2	util-linux-2.38.1	selected		clang-18-18.1.3/util-linux-2.38.1/O2/install/lib/libcommon.a
libcommon.a	util-linux	major-alternative	clang-18-18.1.3	O3	util-linux-2.38.1	selected		clang-18-18.1.3/util-linux-2.38.1/O3/install/lib/libcommon.a
libcommon.a	util-linux	major-alternative	clang-18-18.1.3	Os	util-linux-2.38.1	selected		clang-18-18.1.3/util-linux-2.38.1/Os/install/lib/libcommon.a
libcrypt.a	libxcrypt	current	gcc-11-11.5.0	O0	libxcrypt-4.4.36	selected		gcc-11-11.5.0/libxcrypt-4.4.36/O0/install/lib/libcrypt.a
libcrypt.a	libxcrypt	current	gcc-11-11.5.0	O2	libxcrypt-4.4.36	selected		gcc-11-11.5.0/libxcrypt-4.4.36/O2/install/lib/libcrypt.a
libcrypt.a	libxcrypt	current	gcc-11-11.5.0	O3	libxcrypt-4.4.36	selected		gcc-11-11.5.0/libxcrypt-4.4.36/O3/install/lib/libcrypt.a
libcrypt.a	libxcrypt	current	gcc-11-11.5.0	Os	libxcrypt-4.4.36	selected		gcc-11-11.5.0/libxcrypt-4.4.36/Os/install/lib/libcrypt.a
libcrypt.a	libxcrypt	current	gcc-13-13.3.0	O0	libxcrypt-4.4.36	selected		gcc-13-13.3.0/libxcrypt-4.4.36/O0/install/lib/libcrypt.a
libcrypt.a	libxcrypt	current	gcc-13-13.3.0	O2	libxcrypt-4.4.36	selected		gcc-13-13.3.0/libxcrypt-4.4.36/O2/install/lib/libcrypt.a
libcrypt.a	libxcrypt	current	gcc-13-13.3.0	O3	libxcrypt-4.4.36	selected		gcc-13-13.3.0/libxcrypt-4.4.36/O3/install/lib/libcrypt.a
libcrypt.a	libxcrypt	current	gcc-13-13.3.0	Os	libxcrypt-4.4.36	selected		gcc-13-13.3.0/libxcrypt-4.4.36/Os/install/lib/libcrypt.a
libcrypt.a	libxcrypt	current	clang-14-14.0.6	O0	libxcrypt-4.4.36	selected		clang-14-14.0.6/libxcrypt-4.4.36/O0/install/lib/libcrypt.a
libcrypt.a	libxcrypt	current	clang-14-14.0.6	O2	libxcrypt-4.4.36	selected		clang-14-14.0.6/libxcrypt-4.4.36/O2/install/lib/libcrypt.a
libcrypt.a	libxcrypt	current	clang-14-14.0.6	O3	libxcrypt-4.4.36	selected		clang-14-14.0.6/libxcrypt-4.4.36/O3/install/lib/libcrypt.a
libcrypt.a	libxcrypt	current	clang-14-14.0.6	Os	libxcrypt-4.4.36	selected		clang-14-14.0.6/libxcrypt-4.4.36/Os/install/lib/libcrypt.a
libcrypt.a	libxcrypt	current	clang-18-18.1.3	O0	libxcrypt-4.4.36	selected		clang-18-18.1.3/libxcrypt-4.4.36/O0/install/lib/libcrypt.a
libcrypt.a	libxcrypt	current	clang-18-18.1.3	O2	libxcrypt-4.4.36	selected		clang-18-18.1.3/libxcrypt-4.4.36/O2/install/lib/libcrypt.a
libcrypt.a	libxcrypt	current	clang-18-18.1.3	O3	libxcrypt-4.4.36	selected		clang-18-18.1.3/libxcrypt-4.4.36/O3/install/lib/libcrypt.a
libcrypt.a	libxcrypt	current	clang-18-18.1.3	Os	libxcrypt-4.4.36	selected		clang-18-18.1.3/libxcrypt-4.4.36/Os/install/lib/libcrypt.a
libcrypt.a	libxcrypt	minor-alternative	gcc-13-13.3.0	O0	libxcrypt-4.4.35	selected		gcc-13-13.3.0/libxcrypt-4.4.35/O0/install/lib/libcrypt.a
libcrypt.a	libxcrypt	minor-alternative	gcc-13-13.3.0	O2	libxcrypt-4.4.35	selected		gcc-13-13.3.0/libxcrypt-4.4.35/O2/install/lib/libcrypt.a
libcrypt.a	libxcrypt	minor-alternative	gcc-13-13.3.0	O3	libxcrypt-4.4.35	selected		gcc-13-13.3.0/libxcrypt-4.4.35/O3/install/lib/libcrypt.a
libcrypt.a	libxcrypt	minor-alternative	gcc-13-13.3.0	Os	libxcrypt-4.4.35	selected		gcc-13-13.3.0/libxcrypt-4.4.35/Os/install/lib/libcrypt.a
libcrypt.a	libxcrypt	minor-alternative	clang-18-18.1.3	O0	libxcrypt-4.4.35	selected		clang-18-18.1.3/libxcrypt-4.4.35/O0/install/lib/libcrypt.a
libcrypt.a	libxcrypt	minor-alternative	clang-18-18.1.3	O2	libxcrypt-4.4.35	selected		clang-18-18.1.3/libxcrypt-4.4.35/O2/install/lib/libcrypt.a
libcrypt.a	libxcrypt	minor-alternative	clang-18-18.1.3	O3	libxcrypt-4.4.35	selected		clang-18-18.1.3/libxcrypt-4.4.35/O3/install/lib/libcrypt.a
libcrypt.a	libxcrypt	minor-alternative	clang-18-18.1.3	Os	libxcrypt-4.4.35	selected		clang-18-18.1.3/libxcrypt-4.4.35/Os/install/lib/libcrypt.a
libcrypt.a	libxcrypt	major-alternative	gcc-13-13.3.0	O0	libxcrypt-3.0-2	missing	archive_not_produced_by_version	
libcrypt.a	libxcrypt	major-alternative	gcc-13-13.3.0	O2	libxcrypt-3.0-2	missing	archive_not_produced_by_version	
libcrypt.a	libxcrypt	major-alternative	gcc-13-13.3.0	O3	libxcrypt-3.0-2	missing	archive_not_produced_by_version	
libcrypt.a	libxcrypt	major-alternative	gcc-13-13.3.0	Os	libxcrypt-3.0-2	missing	archive_not_produced_by_version	
libcrypt.a	libxcrypt	major-alternative	clang-18-18.1.3	O0	libxcrypt-3.0-2	missing	archive_not_produced_by_version	
libcrypt.a	libxcrypt	major-alternative	clang-18-18.1.3	O2	libxcrypt-3.0-2	missing	archive_not_produced_by_version	
libcrypt.a	libxcrypt	major-alternative	clang-18-18.1.3	O3	libxcrypt-3.0-2	missing	archive_not_produced_by_version	
libcrypt.a	libxcrypt	major-alternative	clang-18-18.1.3	Os	libxcrypt-3.0-2	missing	archive_not_produced_by_version	
libcrypto.a	openssl	current	gcc-11-11.5.0	O0	openssl-3.5.0	selected		gcc-11-11.5.0/openssl-3.5.0/O0/install/lib/libcrypto.a
libcrypto.a	openssl	current	gcc-11-11.5.0	O2	openssl-3.5.0	selected		gcc-11-11.5.0/openssl-3.5.0/O2/install/lib/libcrypto.a
libcrypto.a	openssl	current	gcc-11-11.5.0	O3	openssl-3.5.0	selected		gcc-11-11.5.0/openssl-3.5.0/O3/install/lib/libcrypto.a
libcrypto.a	openssl	current	gcc-11-11.5.0	Os	openssl-3.5.0	selected		gcc-11-11.5.0/openssl-3.5.0/Os/install/lib/libcrypto.a
libcrypto.a	openssl	current	gcc-13-13.3.0	O0	openssl-3.5.0	selected		gcc-13-13.3.0/openssl-3.5.0/O0/install/lib/libcrypto.a
libcrypto.a	openssl	current	gcc-13-13.3.0	O2	openssl-3.5.0	selected		gcc-13-13.3.0/openssl-3.5.0/O2/install/lib/libcrypto.a
libcrypto.a	openssl	current	gcc-13-13.3.0	O3	openssl-3.5.0	selected		gcc-13-13.3.0/openssl-3.5.0/O3/install/lib/libcrypto.a
libcrypto.a	openssl	current	gcc-13-13.3.0	Os	openssl-3.5.0	selected		gcc-13-13.3.0/openssl-3.5.0/Os/install/lib/libcrypto.a
libcrypto.a	openssl	current	clang-14-14.0.6	O0	openssl-3.5.0	selected		clang-14-14.0.6/openssl-3.5.0/O0/install/lib/libcrypto.a
libcrypto.a	openssl	current	clang-14-14.0.6	O2	openssl-3.5.0	selected		clang-14-14.0.6/openssl-3.5.0/O2/install/lib/libcrypto.a
libcrypto.a	openssl	current	clang-14-14.0.6	O3	openssl-3.5.0	selected		clang-14-14.0.6/openssl-3.5.0/O3/install/lib/libcrypto.a
libcrypto.a	openssl	current	clang-14-14.0.6	Os	openssl-3.5.0	selected		clang-14-14.0.6/openssl-3.5.0/Os/install/lib/libcrypto.a
libcrypto.a	openssl	current	clang-18-18.1.3	O0	openssl-3.5.0	selected		clang-18-18.1.3/openssl-3.5.0/O0/install/lib/libcrypto.a
libcrypto.a	openssl	current	clang-18-18.1.3	O2	openssl-3.5.0	selected		clang-18-18.1.3/openssl-3.5.0/O2/install/lib/libcrypto.a
libcrypto.a	openssl	current	clang-18-18.1.3	O3	openssl-3.5.0	selected		clang-18-18.1.3/openssl-3.5.0/O3/install/lib/libcrypto.a
libcrypto.a	openssl	current	clang-18-18.1.3	Os	openssl-3.5.0	selected		clang-18-18.1.3/openssl-3.5.0/Os/install/lib/libcrypto.a
libcrypto.a	openssl	minor-alternative	gcc-13-13.3.0	O0	openssl-3.0.12	selected		gcc-13-13.3.0/openssl-3.0.12/O0/install/lib/libcrypto.a
libcrypto.a	openssl	minor-alternative	gcc-13-13.3.0	O2	openssl-3.0.12	selected		gcc-13-13.3.0/openssl-3.0.12/O2/install/lib/libcrypto.a
libcrypto.a	openssl	minor-alternative	gcc-13-13.3.0	O3	openssl-3.0.12	selected		gcc-13-13.3.0/openssl-3.0.12/O3/install/lib/libcrypto.a
libcrypto.a	openssl	minor-alternative	gcc-13-13.3.0	Os	openssl-3.0.12	selected		gcc-13-13.3.0/openssl-3.0.12/Os/install/lib/libcrypto.a
libcrypto.a	openssl	minor-alternative	clang-18-18.1.3	O0	openssl-3.0.12	selected		clang-18-18.1.3/openssl-3.0.12/O0/install/lib/libcrypto.a
libcrypto.a	openssl	minor-alternative	clang-18-18.1.3	O2	openssl-3.0.12	selected		clang-18-18.1.3/openssl-3.0.12/O2/install/lib/libcrypto.a
libcrypto.a	openssl	minor-alternative	clang-18-18.1.3	O3	openssl-3.0.12	selected		clang-18-18.1.3/openssl-3.0.12/O3/install/lib/libcrypto.a
libcrypto.a	openssl	minor-alternative	clang-18-18.1.3	Os	openssl-3.0.12	selected		clang-18-18.1.3/openssl-3.0.12/Os/install/lib/libcrypto.a
libcrypto.a	openssl	major-alternative	gcc-13-13.3.0	O0	openssl-1.1.1w	selected		gcc-13-13.3.0/openssl-1.1.1w/O0/install/lib/libcrypto.a
libcrypto.a	openssl	major-alternative	gcc-13-13.3.0	O2	openssl-1.1.1w	selected		gcc-13-13.3.0/openssl-1.1.1w/O2/install/lib/libcrypto.a
libcrypto.a	openssl	major-alternative	gcc-13-13.3.0	O3	openssl-1.1.1w	selected		gcc-13-13.3.0/openssl-1.1.1w/O3/install/lib/libcrypto.a
libcrypto.a	openssl	major-alternative	gcc-13-13.3.0	Os	openssl-1.1.1w	selected		gcc-13-13.3.0/openssl-1.1.1w/Os/install/lib/libcrypto.a
libcrypto.a	openssl	major-alternative	clang-18-18.1.3	O0	openssl-1.1.1w	selected		clang-18-18.1.3/openssl-1.1.1w/O0/install/lib/libcrypto.a
libcrypto.a	openssl	major-alternative	clang-18-18.1.3	O2	openssl-1.1.1w	selected		clang-18-18.1.3/openssl-1.1.1w/O2/install/lib/libcrypto.a
libcrypto.a	openssl	major-alternative	clang-18-18.1.3	O3	openssl-1.1.1w	selected		clang-18-18.1.3/openssl-1.1.1w/O3/install/lib/libcrypto.a
libcrypto.a	openssl	major-alternative	clang-18-18.1.3	Os	openssl-1.1.1w	selected		clang-18-18.1.3/openssl-1.1.1w/Os/install/lib/libcrypto.a
libdatrie.a	libdatrie	current	gcc-11-11.5.0	O0	libdatrie-0.2.13	selected		gcc-11-11.5.0/libdatrie-0.2.13/O0/install/lib/libdatrie.a
libdatrie.a	libdatrie	current	gcc-11-11.5.0	O2	libdatrie-0.2.13	selected		gcc-11-11.5.0/libdatrie-0.2.13/O2/install/lib/libdatrie.a
libdatrie.a	libdatrie	current	gcc-11-11.5.0	O3	libdatrie-0.2.13	selected		gcc-11-11.5.0/libdatrie-0.2.13/O3/install/lib/libdatrie.a
libdatrie.a	libdatrie	current	gcc-11-11.5.0	Os	libdatrie-0.2.13	selected		gcc-11-11.5.0/libdatrie-0.2.13/Os/install/lib/libdatrie.a
libdatrie.a	libdatrie	current	gcc-13-13.3.0	O0	libdatrie-0.2.13	selected		gcc-13-13.3.0/libdatrie-0.2.13/O0/install/lib/libdatrie.a
libdatrie.a	libdatrie	current	gcc-13-13.3.0	O2	libdatrie-0.2.13	selected		gcc-13-13.3.0/libdatrie-0.2.13/O2/install/lib/libdatrie.a
libdatrie.a	libdatrie	current	gcc-13-13.3.0	O3	libdatrie-0.2.13	selected		gcc-13-13.3.0/libdatrie-0.2.13/O3/install/lib/libdatrie.a
libdatrie.a	libdatrie	current	gcc-13-13.3.0	Os	libdatrie-0.2.13	selected		gcc-13-13.3.0/libdatrie-0.2.13/Os/install/lib/libdatrie.a
libdatrie.a	libdatrie	current	clang-14-14.0.6	O0	libdatrie-0.2.13	selected		clang-14-14.0.6/libdatrie-0.2.13/O0/install/lib/libdatrie.a
libdatrie.a	libdatrie	current	clang-14-14.0.6	O2	libdatrie-0.2.13	selected		clang-14-14.0.6/libdatrie-0.2.13/O2/install/lib/libdatrie.a
libdatrie.a	libdatrie	current	clang-14-14.0.6	O3	libdatrie-0.2.13	selected		clang-14-14.0.6/libdatrie-0.2.13/O3/install/lib/libdatrie.a
libdatrie.a	libdatrie	current	clang-14-14.0.6	Os	libdatrie-0.2.13	selected		clang-14-14.0.6/libdatrie-0.2.13/Os/install/lib/libdatrie.a
libdatrie.a	libdatrie	current	clang-18-18.1.3	O0	libdatrie-0.2.13	selected		clang-18-18.1.3/libdatrie-0.2.13/O0/install/lib/libdatrie.a
libdatrie.a	libdatrie	current	clang-18-18.1.3	O2	libdatrie-0.2.13	selected		clang-18-18.1.3/libdatrie-0.2.13/O2/install/lib/libdatrie.a
libdatrie.a	libdatrie	current	clang-18-18.1.3	O3	libdatrie-0.2.13	selected		clang-18-18.1.3/libdatrie-0.2.13/O3/install/lib/libdatrie.a
libdatrie.a	libdatrie	current	clang-18-18.1.3	Os	libdatrie-0.2.13	selected		clang-18-18.1.3/libdatrie-0.2.13/Os/install/lib/libdatrie.a
libdatrie.a	libdatrie	minor-alternative	gcc-13-13.3.0	O0	libdatrie-0.2.12	selected		gcc-13-13.3.0/libdatrie-0.2.12/O0/install/lib/libdatrie.a
libdatrie.a	libdatrie	minor-alternative	gcc-13-13.3.0	O2	libdatrie-0.2.12	selected		gcc-13-13.3.0/libdatrie-0.2.12/O2/install/lib/libdatrie.a
libdatrie.a	libdatrie	minor-alternative	gcc-13-13.3.0	O3	libdatrie-0.2.12	selected		gcc-13-13.3.0/libdatrie-0.2.12/O3/install/lib/libdatrie.a
libdatrie.a	libdatrie	minor-alternative	gcc-13-13.3.0	Os	libdatrie-0.2.12	selected		gcc-13-13.3.0/libdatrie-0.2.12/Os/install/lib/libdatrie.a
libdatrie.a	libdatrie	minor-alternative	clang-18-18.1.3	O0	libdatrie-0.2.12	selected		clang-18-18.1.3/libdatrie-0.2.12/O0/install/lib/libdatrie.a
libdatrie.a	libdatrie	minor-alternative	clang-18-18.1.3	O2	libdatrie-0.2.12	selected		clang-18-18.1.3/libdatrie-0.2.12/O2/install/lib/libdatrie.a
libdatrie.a	libdatrie	minor-alternative	clang-18-18.1.3	O3	libdatrie-0.2.12	selected		clang-18-18.1.3/libdatrie-0.2.12/O3/install/lib/libdatrie.a
libdatrie.a	libdatrie	minor-alternative	clang-18-18.1.3	Os	libdatrie-0.2.12	selected		clang-18-18.1.3/libdatrie-0.2.12/Os/install/lib/libdatrie.a
libdatrie.a	libdatrie	major-alternative	gcc-13-13.3.0	O0	libdatrie-0.2.10	selected		gcc-13-13.3.0/libdatrie-0.2.10/O0/install/lib/libdatrie.a
libdatrie.a	libdatrie	major-alternative	gcc-13-13.3.0	O2	libdatrie-0.2.10	selected		gcc-13-13.3.0/libdatrie-0.2.10/O2/install/lib/libdatrie.a
libdatrie.a	libdatrie	major-alternative	gcc-13-13.3.0	O3	libdatrie-0.2.10	selected		gcc-13-13.3.0/libdatrie-0.2.10/O3/install/lib/libdatrie.a
libdatrie.a	libdatrie	major-alternative	gcc-13-13.3.0	Os	libdatrie-0.2.10	selected		gcc-13-13.3.0/libdatrie-0.2.10/Os/install/lib/libdatrie.a
libdatrie.a	libdatrie	major-alternative	clang-18-18.1.3	O0	libdatrie-0.2.10	selected		clang-18-18.1.3/libdatrie-0.2.10/O0/install/lib/libdatrie.a
libdatrie.a	libdatrie	major-alternative	clang-18-18.1.3	O2	libdatrie-0.2.10	selected		clang-18-18.1.3/libdatrie-0.2.10/O2/install/lib/libdatrie.a
libdatrie.a	libdatrie	major-alternative	clang-18-18.1.3	O3	libdatrie-0.2.10	selected		clang-18-18.1.3/libdatrie-0.2.10/O3/install/lib/libdatrie.a
libdatrie.a	libdatrie	major-alternative	clang-18-18.1.3	Os	libdatrie-0.2.10	selected		clang-18-18.1.3/libdatrie-0.2.10/Os/install/lib/libdatrie.a
libdefault.a	openssl	current	gcc-11-11.5.0	O0	openssl-3.5.0	missing	archive_not_produced_by_version	
libdefault.a	openssl	current	gcc-11-11.5.0	O2	openssl-3.5.0	missing	archive_not_produced_by_version	
libdefault.a	openssl	current	gcc-11-11.5.0	O3	openssl-3.5.0	missing	archive_not_produced_by_version	
libdefault.a	openssl	current	gcc-11-11.5.0	Os	openssl-3.5.0	missing	archive_not_produced_by_version	
libdefault.a	openssl	current	gcc-13-13.3.0	O0	openssl-3.5.0	missing	archive_not_produced_by_version	
libdefault.a	openssl	current	gcc-13-13.3.0	O2	openssl-3.5.0	missing	archive_not_produced_by_version	
libdefault.a	openssl	current	gcc-13-13.3.0	O3	openssl-3.5.0	missing	archive_not_produced_by_version	
libdefault.a	openssl	current	gcc-13-13.3.0	Os	openssl-3.5.0	missing	archive_not_produced_by_version	
libdefault.a	openssl	current	clang-14-14.0.6	O0	openssl-3.5.0	missing	archive_not_produced_by_version	
libdefault.a	openssl	current	clang-14-14.0.6	O2	openssl-3.5.0	missing	archive_not_produced_by_version	
libdefault.a	openssl	current	clang-14-14.0.6	O3	openssl-3.5.0	missing	archive_not_produced_by_version	
libdefault.a	openssl	current	clang-14-14.0.6	Os	openssl-3.5.0	missing	archive_not_produced_by_version	
libdefault.a	openssl	current	clang-18-18.1.3	O0	openssl-3.5.0	missing	archive_not_produced_by_version	
libdefault.a	openssl	current	clang-18-18.1.3	O2	openssl-3.5.0	missing	archive_not_produced_by_version	
libdefault.a	openssl	current	clang-18-18.1.3	O3	openssl-3.5.0	missing	archive_not_produced_by_version	
libdefault.a	openssl	current	clang-18-18.1.3	Os	openssl-3.5.0	missing	archive_not_produced_by_version	
libdefault.a	openssl	minor-alternative	gcc-13-13.3.0	O0	openssl-3.0.12	selected		gcc-13-13.3.0/openssl-3.0.12/O0/install/lib/libdefault.a
libdefault.a	openssl	minor-alternative	gcc-13-13.3.0	O2	openssl-3.0.12	selected		gcc-13-13.3.0/openssl-3.0.12/O2/install/lib/libdefault.a
libdefault.a	openssl	minor-alternative	gcc-13-13.3.0	O3	openssl-3.0.12	missing	archive_not_produced_by_version	
libdefault.a	openssl	minor-alternative	gcc-13-13.3.0	Os	openssl-3.0.12	missing	archive_not_produced_by_version	
libdefault.a	openssl	minor-alternative	clang-18-18.1.3	O0	openssl-3.0.12	missing	archive_not_produced_by_version	
libdefault.a	openssl	minor-alternative	clang-18-18.1.3	O2	openssl-3.0.12	missing	archive_not_produced_by_version	
libdefault.a	openssl	minor-alternative	clang-18-18.1.3	O3	openssl-3.0.12	missing	archive_not_produced_by_version	
libdefault.a	openssl	minor-alternative	clang-18-18.1.3	Os	openssl-3.0.12	missing	archive_not_produced_by_version	
libdefault.a	openssl	major-alternative	gcc-13-13.3.0	O0	openssl-1.1.1w	missing	archive_not_produced_by_version	
libdefault.a	openssl	major-alternative	gcc-13-13.3.0	O2	openssl-1.1.1w	missing	archive_not_produced_by_version	
libdefault.a	openssl	major-alternative	gcc-13-13.3.0	O3	openssl-1.1.1w	missing	archive_not_produced_by_version	
libdefault.a	openssl	major-alternative	gcc-13-13.3.0	Os	openssl-1.1.1w	missing	archive_not_produced_by_version	
libdefault.a	openssl	major-alternative	clang-18-18.1.3	O0	openssl-1.1.1w	missing	archive_not_produced_by_version	
libdefault.a	openssl	major-alternative	clang-18-18.1.3	O2	openssl-1.1.1w	missing	archive_not_produced_by_version	
libdefault.a	openssl	major-alternative	clang-18-18.1.3	O3	openssl-1.1.1w	missing	archive_not_produced_by_version	
libdefault.a	openssl	major-alternative	clang-18-18.1.3	Os	openssl-1.1.1w	missing	archive_not_produced_by_version	
libdl.a	glibc	current	gcc-11-11.5.0	O0	glibc-2.41	missing	unsupported_optimization	
libdl.a	glibc	current	gcc-11-11.5.0	O2	glibc-2.41	selected		gcc-11-11.5.0/glibc-2.41/O2/install/lib/libdl.a
libdl.a	glibc	current	gcc-11-11.5.0	O3	glibc-2.41	selected		gcc-11-11.5.0/glibc-2.41/O3/install/lib/libdl.a
libdl.a	glibc	current	gcc-11-11.5.0	Os	glibc-2.41	selected		gcc-11-11.5.0/glibc-2.41/Os/install/lib/libdl.a
libdl.a	glibc	current	gcc-13-13.3.0	O0	glibc-2.41	missing	unsupported_optimization	
libdl.a	glibc	current	gcc-13-13.3.0	O2	glibc-2.41	selected		gcc-13-13.3.0/glibc-2.41/O2/install/lib/libdl.a
libdl.a	glibc	current	gcc-13-13.3.0	O3	glibc-2.41	selected		gcc-13-13.3.0/glibc-2.41/O3/install/lib/libdl.a
libdl.a	glibc	current	gcc-13-13.3.0	Os	glibc-2.41	selected		gcc-13-13.3.0/glibc-2.41/Os/install/lib/libdl.a
libdl.a	glibc	current	clang-14-14.0.6	O0	glibc-2.41	missing	unsupported_compiler	
libdl.a	glibc	current	clang-14-14.0.6	O2	glibc-2.41	missing	unsupported_compiler	
libdl.a	glibc	current	clang-14-14.0.6	O3	glibc-2.41	missing	unsupported_compiler	
libdl.a	glibc	current	clang-14-14.0.6	Os	glibc-2.41	missing	unsupported_compiler	
libdl.a	glibc	current	clang-18-18.1.3	O0	glibc-2.41	missing	unsupported_compiler	
libdl.a	glibc	current	clang-18-18.1.3	O2	glibc-2.41	missing	unsupported_compiler	
libdl.a	glibc	current	clang-18-18.1.3	O3	glibc-2.41	missing	unsupported_compiler	
libdl.a	glibc	current	clang-18-18.1.3	Os	glibc-2.41	missing	unsupported_compiler	
libdl.a	glibc	minor-alternative	gcc-13-13.3.0	O0	glibc-2.39	missing	unsupported_optimization	
libdl.a	glibc	minor-alternative	gcc-13-13.3.0	O2	glibc-2.39	missing	archive_not_produced_by_version	
libdl.a	glibc	minor-alternative	gcc-13-13.3.0	O3	glibc-2.39	missing	archive_not_produced_by_version	
libdl.a	glibc	minor-alternative	gcc-13-13.3.0	Os	glibc-2.39	missing	archive_not_produced_by_version	
libdl.a	glibc	minor-alternative	clang-18-18.1.3	O0	glibc-2.39	missing	unsupported_compiler	
libdl.a	glibc	minor-alternative	clang-18-18.1.3	O2	glibc-2.39	missing	unsupported_compiler	
libdl.a	glibc	minor-alternative	clang-18-18.1.3	O3	glibc-2.39	missing	unsupported_compiler	
libdl.a	glibc	minor-alternative	clang-18-18.1.3	Os	glibc-2.39	missing	unsupported_compiler	
libdl.a	glibc	major-alternative	gcc-13-13.3.0	O0	glibc-2.17	missing	unsupported_optimization	
libdl.a	glibc	major-alternative	gcc-13-13.3.0	O2	glibc-2.17	missing	archive_not_produced_by_version	
libdl.a	glibc	major-alternative	gcc-13-13.3.0	O3	glibc-2.17	missing	archive_not_produced_by_version	
libdl.a	glibc	major-alternative	gcc-13-13.3.0	Os	glibc-2.17	missing	archive_not_produced_by_version	
libdl.a	glibc	major-alternative	clang-18-18.1.3	O0	glibc-2.17	missing	unsupported_compiler	
libdl.a	glibc	major-alternative	clang-18-18.1.3	O2	glibc-2.17	missing	unsupported_compiler	
libdl.a	glibc	major-alternative	clang-18-18.1.3	O3	glibc-2.17	missing	unsupported_compiler	
libdl.a	glibc	major-alternative	clang-18-18.1.3	Os	glibc-2.17	missing	unsupported_compiler	
libdroute.a	at-spi2-core	current	gcc-11-11.5.0	O0	at-spi2-core-2.52.0	selected		gcc-11-11.5.0/at-spi2-core-2.52.0/O0/install/lib/libdroute.a
libdroute.a	at-spi2-core	current	gcc-11-11.5.0	O2	at-spi2-core-2.52.0	selected		gcc-11-11.5.0/at-spi2-core-2.52.0/O2/install/lib/libdroute.a
libdroute.a	at-spi2-core	current	gcc-11-11.5.0	O3	at-spi2-core-2.52.0	selected		gcc-11-11.5.0/at-spi2-core-2.52.0/O3/install/lib/libdroute.a
libdroute.a	at-spi2-core	current	gcc-11-11.5.0	Os	at-spi2-core-2.52.0	selected		gcc-11-11.5.0/at-spi2-core-2.52.0/Os/install/lib/libdroute.a
libdroute.a	at-spi2-core	current	gcc-13-13.3.0	O0	at-spi2-core-2.52.0	selected		gcc-13-13.3.0/at-spi2-core-2.52.0/O0/install/lib/libdroute.a
libdroute.a	at-spi2-core	current	gcc-13-13.3.0	O2	at-spi2-core-2.52.0	selected		gcc-13-13.3.0/at-spi2-core-2.52.0/O2/install/lib/libdroute.a
libdroute.a	at-spi2-core	current	gcc-13-13.3.0	O3	at-spi2-core-2.52.0	selected		gcc-13-13.3.0/at-spi2-core-2.52.0/O3/install/lib/libdroute.a
libdroute.a	at-spi2-core	current	gcc-13-13.3.0	Os	at-spi2-core-2.52.0	selected		gcc-13-13.3.0/at-spi2-core-2.52.0/Os/install/lib/libdroute.a
libdroute.a	at-spi2-core	current	clang-14-14.0.6	O0	at-spi2-core-2.52.0	selected		clang-14-14.0.6/at-spi2-core-2.52.0/O0/install/lib/libdroute.a
libdroute.a	at-spi2-core	current	clang-14-14.0.6	O2	at-spi2-core-2.52.0	selected		clang-14-14.0.6/at-spi2-core-2.52.0/O2/install/lib/libdroute.a
libdroute.a	at-spi2-core	current	clang-14-14.0.6	O3	at-spi2-core-2.52.0	selected		clang-14-14.0.6/at-spi2-core-2.52.0/O3/install/lib/libdroute.a
libdroute.a	at-spi2-core	current	clang-14-14.0.6	Os	at-spi2-core-2.52.0	selected		clang-14-14.0.6/at-spi2-core-2.52.0/Os/install/lib/libdroute.a
libdroute.a	at-spi2-core	current	clang-18-18.1.3	O0	at-spi2-core-2.52.0	selected		clang-18-18.1.3/at-spi2-core-2.52.0/O0/install/lib/libdroute.a
libdroute.a	at-spi2-core	current	clang-18-18.1.3	O2	at-spi2-core-2.52.0	selected		clang-18-18.1.3/at-spi2-core-2.52.0/O2/install/lib/libdroute.a
libdroute.a	at-spi2-core	current	clang-18-18.1.3	O3	at-spi2-core-2.52.0	selected		clang-18-18.1.3/at-spi2-core-2.52.0/O3/install/lib/libdroute.a
libdroute.a	at-spi2-core	current	clang-18-18.1.3	Os	at-spi2-core-2.52.0	selected		clang-18-18.1.3/at-spi2-core-2.52.0/Os/install/lib/libdroute.a
libdroute.a	at-spi2-core	minor-alternative	gcc-13-13.3.0	O0	at-spi2-core-2.51.90	selected		gcc-13-13.3.0/at-spi2-core-2.51.90/O0/install/lib/libdroute.a
libdroute.a	at-spi2-core	minor-alternative	gcc-13-13.3.0	O2	at-spi2-core-2.51.90	selected		gcc-13-13.3.0/at-spi2-core-2.51.90/O2/install/lib/libdroute.a
libdroute.a	at-spi2-core	minor-alternative	gcc-13-13.3.0	O3	at-spi2-core-2.51.90	selected		gcc-13-13.3.0/at-spi2-core-2.51.90/O3/install/lib/libdroute.a
libdroute.a	at-spi2-core	minor-alternative	gcc-13-13.3.0	Os	at-spi2-core-2.51.90	selected		gcc-13-13.3.0/at-spi2-core-2.51.90/Os/install/lib/libdroute.a
libdroute.a	at-spi2-core	minor-alternative	clang-18-18.1.3	O0	at-spi2-core-2.51.90	selected		clang-18-18.1.3/at-spi2-core-2.51.90/O0/install/lib/libdroute.a
libdroute.a	at-spi2-core	minor-alternative	clang-18-18.1.3	O2	at-spi2-core-2.51.90	selected		clang-18-18.1.3/at-spi2-core-2.51.90/O2/install/lib/libdroute.a
libdroute.a	at-spi2-core	minor-alternative	clang-18-18.1.3	O3	at-spi2-core-2.51.90	selected		clang-18-18.1.3/at-spi2-core-2.51.90/O3/install/lib/libdroute.a
libdroute.a	at-spi2-core	minor-alternative	clang-18-18.1.3	Os	at-spi2-core-2.51.90	selected		clang-18-18.1.3/at-spi2-core-2.51.90/Os/install/lib/libdroute.a
libdroute.a	at-spi2-core	major-alternative	gcc-13-13.3.0	O0	at-spi2-core-2.50.0	selected		gcc-13-13.3.0/at-spi2-core-2.50.0/O0/install/lib/libdroute.a
libdroute.a	at-spi2-core	major-alternative	gcc-13-13.3.0	O2	at-spi2-core-2.50.0	selected		gcc-13-13.3.0/at-spi2-core-2.50.0/O2/install/lib/libdroute.a
libdroute.a	at-spi2-core	major-alternative	gcc-13-13.3.0	O3	at-spi2-core-2.50.0	selected		gcc-13-13.3.0/at-spi2-core-2.50.0/O3/install/lib/libdroute.a
libdroute.a	at-spi2-core	major-alternative	gcc-13-13.3.0	Os	at-spi2-core-2.50.0	selected		gcc-13-13.3.0/at-spi2-core-2.50.0/Os/install/lib/libdroute.a
libdroute.a	at-spi2-core	major-alternative	clang-18-18.1.3	O0	at-spi2-core-2.50.0	selected		clang-18-18.1.3/at-spi2-core-2.50.0/O0/install/lib/libdroute.a
libdroute.a	at-spi2-core	major-alternative	clang-18-18.1.3	O2	at-spi2-core-2.50.0	selected		clang-18-18.1.3/at-spi2-core-2.50.0/O2/install/lib/libdroute.a
libdroute.a	at-spi2-core	major-alternative	clang-18-18.1.3	O3	at-spi2-core-2.50.0	selected		clang-18-18.1.3/at-spi2-core-2.50.0/O3/install/lib/libdroute.a
libdroute.a	at-spi2-core	major-alternative	clang-18-18.1.3	Os	at-spi2-core-2.50.0	selected		clang-18-18.1.3/at-spi2-core-2.50.0/Os/install/lib/libdroute.a
libdummyatk.a	at-spi2-core	current	gcc-11-11.5.0	O0	at-spi2-core-2.52.0	selected		gcc-11-11.5.0/at-spi2-core-2.52.0/O0/install/lib/libdummyatk.a
libdummyatk.a	at-spi2-core	current	gcc-11-11.5.0	O2	at-spi2-core-2.52.0	selected		gcc-11-11.5.0/at-spi2-core-2.52.0/O2/install/lib/libdummyatk.a
libdummyatk.a	at-spi2-core	current	gcc-11-11.5.0	O3	at-spi2-core-2.52.0	selected		gcc-11-11.5.0/at-spi2-core-2.52.0/O3/install/lib/libdummyatk.a
libdummyatk.a	at-spi2-core	current	gcc-11-11.5.0	Os	at-spi2-core-2.52.0	selected		gcc-11-11.5.0/at-spi2-core-2.52.0/Os/install/lib/libdummyatk.a
libdummyatk.a	at-spi2-core	current	gcc-13-13.3.0	O0	at-spi2-core-2.52.0	selected		gcc-13-13.3.0/at-spi2-core-2.52.0/O0/install/lib/libdummyatk.a
libdummyatk.a	at-spi2-core	current	gcc-13-13.3.0	O2	at-spi2-core-2.52.0	selected		gcc-13-13.3.0/at-spi2-core-2.52.0/O2/install/lib/libdummyatk.a
libdummyatk.a	at-spi2-core	current	gcc-13-13.3.0	O3	at-spi2-core-2.52.0	selected		gcc-13-13.3.0/at-spi2-core-2.52.0/O3/install/lib/libdummyatk.a
libdummyatk.a	at-spi2-core	current	gcc-13-13.3.0	Os	at-spi2-core-2.52.0	selected		gcc-13-13.3.0/at-spi2-core-2.52.0/Os/install/lib/libdummyatk.a
libdummyatk.a	at-spi2-core	current	clang-14-14.0.6	O0	at-spi2-core-2.52.0	selected		clang-14-14.0.6/at-spi2-core-2.52.0/O0/install/lib/libdummyatk.a
libdummyatk.a	at-spi2-core	current	clang-14-14.0.6	O2	at-spi2-core-2.52.0	selected		clang-14-14.0.6/at-spi2-core-2.52.0/O2/install/lib/libdummyatk.a
libdummyatk.a	at-spi2-core	current	clang-14-14.0.6	O3	at-spi2-core-2.52.0	selected		clang-14-14.0.6/at-spi2-core-2.52.0/O3/install/lib/libdummyatk.a
libdummyatk.a	at-spi2-core	current	clang-14-14.0.6	Os	at-spi2-core-2.52.0	selected		clang-14-14.0.6/at-spi2-core-2.52.0/Os/install/lib/libdummyatk.a
libdummyatk.a	at-spi2-core	current	clang-18-18.1.3	O0	at-spi2-core-2.52.0	selected		clang-18-18.1.3/at-spi2-core-2.52.0/O0/install/lib/libdummyatk.a
libdummyatk.a	at-spi2-core	current	clang-18-18.1.3	O2	at-spi2-core-2.52.0	selected		clang-18-18.1.3/at-spi2-core-2.52.0/O2/install/lib/libdummyatk.a
libdummyatk.a	at-spi2-core	current	clang-18-18.1.3	O3	at-spi2-core-2.52.0	selected		clang-18-18.1.3/at-spi2-core-2.52.0/O3/install/lib/libdummyatk.a
libdummyatk.a	at-spi2-core	current	clang-18-18.1.3	Os	at-spi2-core-2.52.0	selected		clang-18-18.1.3/at-spi2-core-2.52.0/Os/install/lib/libdummyatk.a
libdummyatk.a	at-spi2-core	minor-alternative	gcc-13-13.3.0	O0	at-spi2-core-2.51.90	selected		gcc-13-13.3.0/at-spi2-core-2.51.90/O0/install/lib/libdummyatk.a
libdummyatk.a	at-spi2-core	minor-alternative	gcc-13-13.3.0	O2	at-spi2-core-2.51.90	selected		gcc-13-13.3.0/at-spi2-core-2.51.90/O2/install/lib/libdummyatk.a
libdummyatk.a	at-spi2-core	minor-alternative	gcc-13-13.3.0	O3	at-spi2-core-2.51.90	selected		gcc-13-13.3.0/at-spi2-core-2.51.90/O3/install/lib/libdummyatk.a
libdummyatk.a	at-spi2-core	minor-alternative	gcc-13-13.3.0	Os	at-spi2-core-2.51.90	selected		gcc-13-13.3.0/at-spi2-core-2.51.90/Os/install/lib/libdummyatk.a
libdummyatk.a	at-spi2-core	minor-alternative	clang-18-18.1.3	O0	at-spi2-core-2.51.90	selected		clang-18-18.1.3/at-spi2-core-2.51.90/O0/install/lib/libdummyatk.a
libdummyatk.a	at-spi2-core	minor-alternative	clang-18-18.1.3	O2	at-spi2-core-2.51.90	selected		clang-18-18.1.3/at-spi2-core-2.51.90/O2/install/lib/libdummyatk.a
libdummyatk.a	at-spi2-core	minor-alternative	clang-18-18.1.3	O3	at-spi2-core-2.51.90	selected		clang-18-18.1.3/at-spi2-core-2.51.90/O3/install/lib/libdummyatk.a
libdummyatk.a	at-spi2-core	minor-alternative	clang-18-18.1.3	Os	at-spi2-core-2.51.90	selected		clang-18-18.1.3/at-spi2-core-2.51.90/Os/install/lib/libdummyatk.a
libdummyatk.a	at-spi2-core	major-alternative	gcc-13-13.3.0	O0	at-spi2-core-2.50.0	selected		gcc-13-13.3.0/at-spi2-core-2.50.0/O0/install/lib/libdummyatk.a
libdummyatk.a	at-spi2-core	major-alternative	gcc-13-13.3.0	O2	at-spi2-core-2.50.0	selected		gcc-13-13.3.0/at-spi2-core-2.50.0/O2/install/lib/libdummyatk.a
libdummyatk.a	at-spi2-core	major-alternative	gcc-13-13.3.0	O3	at-spi2-core-2.50.0	selected		gcc-13-13.3.0/at-spi2-core-2.50.0/O3/install/lib/libdummyatk.a
libdummyatk.a	at-spi2-core	major-alternative	gcc-13-13.3.0	Os	at-spi2-core-2.50.0	selected		gcc-13-13.3.0/at-spi2-core-2.50.0/Os/install/lib/libdummyatk.a
libdummyatk.a	at-spi2-core	major-alternative	clang-18-18.1.3	O0	at-spi2-core-2.50.0	selected		clang-18-18.1.3/at-spi2-core-2.50.0/O0/install/lib/libdummyatk.a
libdummyatk.a	at-spi2-core	major-alternative	clang-18-18.1.3	O2	at-spi2-core-2.50.0	selected		clang-18-18.1.3/at-spi2-core-2.50.0/O2/install/lib/libdummyatk.a
libdummyatk.a	at-spi2-core	major-alternative	clang-18-18.1.3	O3	at-spi2-core-2.50.0	selected		clang-18-18.1.3/at-spi2-core-2.50.0/O3/install/lib/libdummyatk.a
libdummyatk.a	at-spi2-core	major-alternative	clang-18-18.1.3	Os	at-spi2-core-2.50.0	selected		clang-18-18.1.3/at-spi2-core-2.50.0/Os/install/lib/libdummyatk.a
libexpat.a	libexpat	current	gcc-11-11.5.0	O0	libexpat-2.6.1|libexpat-2_6_1	selected		gcc-11-11.5.0/libexpat-2.6.1/O0/install/lib/libexpat.a
libexpat.a	libexpat	current	gcc-11-11.5.0	O2	libexpat-2.6.1|libexpat-2_6_1	selected		gcc-11-11.5.0/libexpat-2.6.1/O2/install/lib/libexpat.a
libexpat.a	libexpat	current	gcc-11-11.5.0	O3	libexpat-2.6.1|libexpat-2_6_1	selected		gcc-11-11.5.0/libexpat-2.6.1/O3/install/lib/libexpat.a
libexpat.a	libexpat	current	gcc-11-11.5.0	Os	libexpat-2.6.1|libexpat-2_6_1	selected		gcc-11-11.5.0/libexpat-2.6.1/Os/install/lib/libexpat.a
libexpat.a	libexpat	current	gcc-13-13.3.0	O0	libexpat-2.6.1|libexpat-2_6_1	selected		gcc-13-13.3.0/libexpat-2.6.1/O0/install/lib/libexpat.a
libexpat.a	libexpat	current	gcc-13-13.3.0	O2	libexpat-2.6.1|libexpat-2_6_1	selected		gcc-13-13.3.0/libexpat-2.6.1/O2/install/lib/libexpat.a
libexpat.a	libexpat	current	gcc-13-13.3.0	O3	libexpat-2.6.1|libexpat-2_6_1	selected		gcc-13-13.3.0/libexpat-2.6.1/O3/install/lib/libexpat.a
libexpat.a	libexpat	current	gcc-13-13.3.0	Os	libexpat-2.6.1|libexpat-2_6_1	selected		gcc-13-13.3.0/libexpat-2.6.1/Os/install/lib/libexpat.a
libexpat.a	libexpat	current	clang-14-14.0.6	O0	libexpat-2.6.1|libexpat-2_6_1	selected		clang-14-14.0.6/libexpat-2.6.1/O0/install/lib/libexpat.a
libexpat.a	libexpat	current	clang-14-14.0.6	O2	libexpat-2.6.1|libexpat-2_6_1	selected		clang-14-14.0.6/libexpat-2.6.1/O2/install/lib/libexpat.a
libexpat.a	libexpat	current	clang-14-14.0.6	O3	libexpat-2.6.1|libexpat-2_6_1	selected		clang-14-14.0.6/libexpat-2.6.1/O3/install/lib/libexpat.a
libexpat.a	libexpat	current	clang-14-14.0.6	Os	libexpat-2.6.1|libexpat-2_6_1	selected		clang-14-14.0.6/libexpat-2.6.1/Os/install/lib/libexpat.a
libexpat.a	libexpat	current	clang-18-18.1.3	O0	libexpat-2.6.1|libexpat-2_6_1	selected		clang-18-18.1.3/libexpat-2.6.1/O0/install/lib/libexpat.a
libexpat.a	libexpat	current	clang-18-18.1.3	O2	libexpat-2.6.1|libexpat-2_6_1	selected		clang-18-18.1.3/libexpat-2.6.1/O2/install/lib/libexpat.a
libexpat.a	libexpat	current	clang-18-18.1.3	O3	libexpat-2.6.1|libexpat-2_6_1	selected		clang-18-18.1.3/libexpat-2.6.1/O3/install/lib/libexpat.a
libexpat.a	libexpat	current	clang-18-18.1.3	Os	libexpat-2.6.1|libexpat-2_6_1	selected		clang-18-18.1.3/libexpat-2.6.1/Os/install/lib/libexpat.a
libexpat.a	libexpat	minor-alternative	gcc-13-13.3.0	O0	libexpat-2.6.0|libexpat-2_6_0	selected		gcc-13-13.3.0/libexpat-2.6.0/O0/install/lib/libexpat.a
libexpat.a	libexpat	minor-alternative	gcc-13-13.3.0	O2	libexpat-2.6.0|libexpat-2_6_0	selected		gcc-13-13.3.0/libexpat-2.6.0/O2/install/lib/libexpat.a
libexpat.a	libexpat	minor-alternative	gcc-13-13.3.0	O3	libexpat-2.6.0|libexpat-2_6_0	selected		gcc-13-13.3.0/libexpat-2.6.0/O3/install/lib/libexpat.a
libexpat.a	libexpat	minor-alternative	gcc-13-13.3.0	Os	libexpat-2.6.0|libexpat-2_6_0	selected		gcc-13-13.3.0/libexpat-2.6.0/Os/install/lib/libexpat.a
libexpat.a	libexpat	minor-alternative	clang-18-18.1.3	O0	libexpat-2.6.0|libexpat-2_6_0	selected		clang-18-18.1.3/libexpat-2.6.0/O0/install/lib/libexpat.a
libexpat.a	libexpat	minor-alternative	clang-18-18.1.3	O2	libexpat-2.6.0|libexpat-2_6_0	selected		clang-18-18.1.3/libexpat-2.6.0/O2/install/lib/libexpat.a
libexpat.a	libexpat	minor-alternative	clang-18-18.1.3	O3	libexpat-2.6.0|libexpat-2_6_0	selected		clang-18-18.1.3/libexpat-2.6.0/O3/install/lib/libexpat.a
libexpat.a	libexpat	minor-alternative	clang-18-18.1.3	Os	libexpat-2.6.0|libexpat-2_6_0	selected		clang-18-18.1.3/libexpat-2.6.0/Os/install/lib/libexpat.a
libexpat.a	libexpat	major-alternative	gcc-13-13.3.0	O0	libexpat-1.95.8-4	selected		gcc-13-13.3.0/libexpat-1.95.8-4/O0/install/lib/libexpat.a
libexpat.a	libexpat	major-alternative	gcc-13-13.3.0	O2	libexpat-1.95.8-4	selected		gcc-13-13.3.0/libexpat-1.95.8-4/O2/install/lib/libexpat.a
libexpat.a	libexpat	major-alternative	gcc-13-13.3.0	O3	libexpat-1.95.8-4	selected		gcc-13-13.3.0/libexpat-1.95.8-4/O3/install/lib/libexpat.a
libexpat.a	libexpat	major-alternative	gcc-13-13.3.0	Os	libexpat-1.95.8-4	selected		gcc-13-13.3.0/libexpat-1.95.8-4/Os/install/lib/libexpat.a
libexpat.a	libexpat	major-alternative	clang-18-18.1.3	O0	libexpat-1.95.8-4	selected		clang-18-18.1.3/libexpat-1.95.8-4/O0/install/lib/libexpat.a
libexpat.a	libexpat	major-alternative	clang-18-18.1.3	O2	libexpat-1.95.8-4	selected		clang-18-18.1.3/libexpat-1.95.8-4/O2/install/lib/libexpat.a
libexpat.a	libexpat	major-alternative	clang-18-18.1.3	O3	libexpat-1.95.8-4	selected		clang-18-18.1.3/libexpat-1.95.8-4/O3/install/lib/libexpat.a
libexpat.a	libexpat	major-alternative	clang-18-18.1.3	Os	libexpat-1.95.8-4	selected		clang-18-18.1.3/libexpat-1.95.8-4/Os/install/lib/libexpat.a
libfdisk.a	util-linux	current	gcc-11-11.5.0	O0	util-linux-2.39.3	selected		gcc-11-11.5.0/util-linux-2.39.3/O0/install/lib/libfdisk.a
libfdisk.a	util-linux	current	gcc-11-11.5.0	O2	util-linux-2.39.3	selected		gcc-11-11.5.0/util-linux-2.39.3/O2/install/lib/libfdisk.a
libfdisk.a	util-linux	current	gcc-11-11.5.0	O3	util-linux-2.39.3	selected		gcc-11-11.5.0/util-linux-2.39.3/O3/install/lib/libfdisk.a
libfdisk.a	util-linux	current	gcc-11-11.5.0	Os	util-linux-2.39.3	selected		gcc-11-11.5.0/util-linux-2.39.3/Os/install/lib/libfdisk.a
libfdisk.a	util-linux	current	gcc-13-13.3.0	O0	util-linux-2.39.3	selected		gcc-13-13.3.0/util-linux-2.39.3/O0/install/lib/libfdisk.a
libfdisk.a	util-linux	current	gcc-13-13.3.0	O2	util-linux-2.39.3	selected		gcc-13-13.3.0/util-linux-2.39.3/O2/install/lib/libfdisk.a
libfdisk.a	util-linux	current	gcc-13-13.3.0	O3	util-linux-2.39.3	selected		gcc-13-13.3.0/util-linux-2.39.3/O3/install/lib/libfdisk.a
libfdisk.a	util-linux	current	gcc-13-13.3.0	Os	util-linux-2.39.3	selected		gcc-13-13.3.0/util-linux-2.39.3/Os/install/lib/libfdisk.a
libfdisk.a	util-linux	current	clang-14-14.0.6	O0	util-linux-2.39.3	selected		clang-14-14.0.6/util-linux-2.39.3/O0/install/lib/libfdisk.a
libfdisk.a	util-linux	current	clang-14-14.0.6	O2	util-linux-2.39.3	selected		clang-14-14.0.6/util-linux-2.39.3/O2/install/lib/libfdisk.a
libfdisk.a	util-linux	current	clang-14-14.0.6	O3	util-linux-2.39.3	selected		clang-14-14.0.6/util-linux-2.39.3/O3/install/lib/libfdisk.a
libfdisk.a	util-linux	current	clang-14-14.0.6	Os	util-linux-2.39.3	selected		clang-14-14.0.6/util-linux-2.39.3/Os/install/lib/libfdisk.a
libfdisk.a	util-linux	current	clang-18-18.1.3	O0	util-linux-2.39.3	selected		clang-18-18.1.3/util-linux-2.39.3/O0/install/lib/libfdisk.a
libfdisk.a	util-linux	current	clang-18-18.1.3	O2	util-linux-2.39.3	selected		clang-18-18.1.3/util-linux-2.39.3/O2/install/lib/libfdisk.a
libfdisk.a	util-linux	current	clang-18-18.1.3	O3	util-linux-2.39.3	selected		clang-18-18.1.3/util-linux-2.39.3/O3/install/lib/libfdisk.a
libfdisk.a	util-linux	current	clang-18-18.1.3	Os	util-linux-2.39.3	selected		clang-18-18.1.3/util-linux-2.39.3/Os/install/lib/libfdisk.a
libfdisk.a	util-linux	minor-alternative	gcc-13-13.3.0	O0	util-linux-2.39.2	selected		gcc-13-13.3.0/util-linux-2.39.2/O0/install/lib/libfdisk.a
libfdisk.a	util-linux	minor-alternative	gcc-13-13.3.0	O2	util-linux-2.39.2	selected		gcc-13-13.3.0/util-linux-2.39.2/O2/install/lib/libfdisk.a
libfdisk.a	util-linux	minor-alternative	gcc-13-13.3.0	O3	util-linux-2.39.2	selected		gcc-13-13.3.0/util-linux-2.39.2/O3/install/lib/libfdisk.a
libfdisk.a	util-linux	minor-alternative	gcc-13-13.3.0	Os	util-linux-2.39.2	selected		gcc-13-13.3.0/util-linux-2.39.2/Os/install/lib/libfdisk.a
libfdisk.a	util-linux	minor-alternative	clang-18-18.1.3	O0	util-linux-2.39.2	selected		clang-18-18.1.3/util-linux-2.39.2/O0/install/lib/libfdisk.a
libfdisk.a	util-linux	minor-alternative	clang-18-18.1.3	O2	util-linux-2.39.2	selected		clang-18-18.1.3/util-linux-2.39.2/O2/install/lib/libfdisk.a
libfdisk.a	util-linux	minor-alternative	clang-18-18.1.3	O3	util-linux-2.39.2	selected		clang-18-18.1.3/util-linux-2.39.2/O3/install/lib/libfdisk.a
libfdisk.a	util-linux	minor-alternative	clang-18-18.1.3	Os	util-linux-2.39.2	selected		clang-18-18.1.3/util-linux-2.39.2/Os/install/lib/libfdisk.a
libfdisk.a	util-linux	major-alternative	gcc-13-13.3.0	O0	util-linux-2.38.1	selected		gcc-13-13.3.0/util-linux-2.38.1/O0/install/lib/libfdisk.a
libfdisk.a	util-linux	major-alternative	gcc-13-13.3.0	O2	util-linux-2.38.1	selected		gcc-13-13.3.0/util-linux-2.38.1/O2/install/lib/libfdisk.a
libfdisk.a	util-linux	major-alternative	gcc-13-13.3.0	O3	util-linux-2.38.1	selected		gcc-13-13.3.0/util-linux-2.38.1/O3/install/lib/libfdisk.a
libfdisk.a	util-linux	major-alternative	gcc-13-13.3.0	Os	util-linux-2.38.1	selected		gcc-13-13.3.0/util-linux-2.38.1/Os/install/lib/libfdisk.a
libfdisk.a	util-linux	major-alternative	clang-18-18.1.3	O0	util-linux-2.38.1	selected		clang-18-18.1.3/util-linux-2.38.1/O0/install/lib/libfdisk.a
libfdisk.a	util-linux	major-alternative	clang-18-18.1.3	O2	util-linux-2.38.1	selected		clang-18-18.1.3/util-linux-2.38.1/O2/install/lib/libfdisk.a
libfdisk.a	util-linux	major-alternative	clang-18-18.1.3	O3	util-linux-2.38.1	selected		clang-18-18.1.3/util-linux-2.38.1/O3/install/lib/libfdisk.a
libfdisk.a	util-linux	major-alternative	clang-18-18.1.3	Os	util-linux-2.38.1	selected		clang-18-18.1.3/util-linux-2.38.1/Os/install/lib/libfdisk.a
libffi.a	libffi	current	gcc-11-11.5.0	O0	libffi-3.4.6	selected		gcc-11-11.5.0/libffi-3.4.6/O0/install/lib/libffi.a
libffi.a	libffi	current	gcc-11-11.5.0	O2	libffi-3.4.6	selected		gcc-11-11.5.0/libffi-3.4.6/O2/install/lib/libffi.a
libffi.a	libffi	current	gcc-11-11.5.0	O3	libffi-3.4.6	selected		gcc-11-11.5.0/libffi-3.4.6/O3/install/lib/libffi.a
libffi.a	libffi	current	gcc-11-11.5.0	Os	libffi-3.4.6	selected		gcc-11-11.5.0/libffi-3.4.6/Os/install/lib/libffi.a
libffi.a	libffi	current	gcc-13-13.3.0	O0	libffi-3.4.6	selected		gcc-13-13.3.0/libffi-3.4.6/O0/install/lib/libffi.a
libffi.a	libffi	current	gcc-13-13.3.0	O2	libffi-3.4.6	selected		gcc-13-13.3.0/libffi-3.4.6/O2/install/lib/libffi.a
libffi.a	libffi	current	gcc-13-13.3.0	O3	libffi-3.4.6	selected		gcc-13-13.3.0/libffi-3.4.6/O3/install/lib/libffi.a
libffi.a	libffi	current	gcc-13-13.3.0	Os	libffi-3.4.6	selected		gcc-13-13.3.0/libffi-3.4.6/Os/install/lib/libffi.a
libffi.a	libffi	current	clang-14-14.0.6	O0	libffi-3.4.6	selected		clang-14-14.0.6/libffi-3.4.6/O0/install/lib/libffi.a
libffi.a	libffi	current	clang-14-14.0.6	O2	libffi-3.4.6	selected		clang-14-14.0.6/libffi-3.4.6/O2/install/lib/libffi.a
libffi.a	libffi	current	clang-14-14.0.6	O3	libffi-3.4.6	selected		clang-14-14.0.6/libffi-3.4.6/O3/install/lib/libffi.a
libffi.a	libffi	current	clang-14-14.0.6	Os	libffi-3.4.6	selected		clang-14-14.0.6/libffi-3.4.6/Os/install/lib/libffi.a
libffi.a	libffi	current	clang-18-18.1.3	O0	libffi-3.4.6	selected		clang-18-18.1.3/libffi-3.4.6/O0/install/lib/libffi.a
libffi.a	libffi	current	clang-18-18.1.3	O2	libffi-3.4.6	selected		clang-18-18.1.3/libffi-3.4.6/O2/install/lib/libffi.a
libffi.a	libffi	current	clang-18-18.1.3	O3	libffi-3.4.6	selected		clang-18-18.1.3/libffi-3.4.6/O3/install/lib/libffi.a
libffi.a	libffi	current	clang-18-18.1.3	Os	libffi-3.4.6	selected		clang-18-18.1.3/libffi-3.4.6/Os/install/lib/libffi.a
libffi.a	libffi	minor-alternative	gcc-13-13.3.0	O0	libffi-3.4.5	selected		gcc-13-13.3.0/libffi-3.4.5/O0/install/lib/libffi.a
libffi.a	libffi	minor-alternative	gcc-13-13.3.0	O2	libffi-3.4.5	selected		gcc-13-13.3.0/libffi-3.4.5/O2/install/lib/libffi.a
libffi.a	libffi	minor-alternative	gcc-13-13.3.0	O3	libffi-3.4.5	selected		gcc-13-13.3.0/libffi-3.4.5/O3/install/lib/libffi.a
libffi.a	libffi	minor-alternative	gcc-13-13.3.0	Os	libffi-3.4.5	selected		gcc-13-13.3.0/libffi-3.4.5/Os/install/lib/libffi.a
libffi.a	libffi	minor-alternative	clang-18-18.1.3	O0	libffi-3.4.5	selected		clang-18-18.1.3/libffi-3.4.5/O0/install/lib/libffi.a
libffi.a	libffi	minor-alternative	clang-18-18.1.3	O2	libffi-3.4.5	selected		clang-18-18.1.3/libffi-3.4.5/O2/install/lib/libffi.a
libffi.a	libffi	minor-alternative	clang-18-18.1.3	O3	libffi-3.4.5	selected		clang-18-18.1.3/libffi-3.4.5/O3/install/lib/libffi.a
libffi.a	libffi	minor-alternative	clang-18-18.1.3	Os	libffi-3.4.5	selected		clang-18-18.1.3/libffi-3.4.5/Os/install/lib/libffi.a
libffi.a	libffi	major-alternative	gcc-13-13.3.0	O0	libffi-2.99.9	selected		gcc-13-13.3.0/libffi-2.99.9/O0/install/lib/libffi.a
libffi.a	libffi	major-alternative	gcc-13-13.3.0	O2	libffi-2.99.9	selected		gcc-13-13.3.0/libffi-2.99.9/O2/install/lib/libffi.a
libffi.a	libffi	major-alternative	gcc-13-13.3.0	O3	libffi-2.99.9	selected		gcc-13-13.3.0/libffi-2.99.9/O3/install/lib/libffi.a
libffi.a	libffi	major-alternative	gcc-13-13.3.0	Os	libffi-2.99.9	selected		gcc-13-13.3.0/libffi-2.99.9/Os/install/lib/libffi.a
libffi.a	libffi	major-alternative	clang-18-18.1.3	O0	libffi-2.99.9	selected		clang-18-18.1.3/libffi-2.99.9/O0/install/lib/libffi.a
libffi.a	libffi	major-alternative	clang-18-18.1.3	O2	libffi-2.99.9	selected		clang-18-18.1.3/libffi-2.99.9/O2/install/lib/libffi.a
libffi.a	libffi	major-alternative	clang-18-18.1.3	O3	libffi-2.99.9	selected		clang-18-18.1.3/libffi-2.99.9/O3/install/lib/libffi.a
libffi.a	libffi	major-alternative	clang-18-18.1.3	Os	libffi-2.99.9	selected		clang-18-18.1.3/libffi-2.99.9/Os/install/lib/libffi.a
libfontconfig.a	fontconfig	current	gcc-11-11.5.0	O0	fontconfig-2.16.0	selected		gcc-11-11.5.0/fontconfig-2.16.0/O0/install/lib/libfontconfig.a
libfontconfig.a	fontconfig	current	gcc-11-11.5.0	O2	fontconfig-2.16.0	selected		gcc-11-11.5.0/fontconfig-2.16.0/O2/install/lib/libfontconfig.a
libfontconfig.a	fontconfig	current	gcc-11-11.5.0	O3	fontconfig-2.16.0	selected		gcc-11-11.5.0/fontconfig-2.16.0/O3/install/lib/libfontconfig.a
libfontconfig.a	fontconfig	current	gcc-11-11.5.0	Os	fontconfig-2.16.0	selected		gcc-11-11.5.0/fontconfig-2.16.0/Os/install/lib/libfontconfig.a
libfontconfig.a	fontconfig	current	gcc-13-13.3.0	O0	fontconfig-2.16.0	selected		gcc-13-13.3.0/fontconfig-2.16.0/O0/install/lib/libfontconfig.a
libfontconfig.a	fontconfig	current	gcc-13-13.3.0	O2	fontconfig-2.16.0	selected		gcc-13-13.3.0/fontconfig-2.16.0/O2/install/lib/libfontconfig.a
libfontconfig.a	fontconfig	current	gcc-13-13.3.0	O3	fontconfig-2.16.0	selected		gcc-13-13.3.0/fontconfig-2.16.0/O3/install/lib/libfontconfig.a
libfontconfig.a	fontconfig	current	gcc-13-13.3.0	Os	fontconfig-2.16.0	selected		gcc-13-13.3.0/fontconfig-2.16.0/Os/install/lib/libfontconfig.a
libfontconfig.a	fontconfig	current	clang-14-14.0.6	O0	fontconfig-2.16.0	selected		clang-14-14.0.6/fontconfig-2.16.0/O0/install/lib/libfontconfig.a
libfontconfig.a	fontconfig	current	clang-14-14.0.6	O2	fontconfig-2.16.0	selected		clang-14-14.0.6/fontconfig-2.16.0/O2/install/lib/libfontconfig.a
libfontconfig.a	fontconfig	current	clang-14-14.0.6	O3	fontconfig-2.16.0	selected		clang-14-14.0.6/fontconfig-2.16.0/O3/install/lib/libfontconfig.a
libfontconfig.a	fontconfig	current	clang-14-14.0.6	Os	fontconfig-2.16.0	selected		clang-14-14.0.6/fontconfig-2.16.0/Os/install/lib/libfontconfig.a
libfontconfig.a	fontconfig	current	clang-18-18.1.3	O0	fontconfig-2.16.0	selected		clang-18-18.1.3/fontconfig-2.16.0/O0/install/lib/libfontconfig.a
libfontconfig.a	fontconfig	current	clang-18-18.1.3	O2	fontconfig-2.16.0	selected		clang-18-18.1.3/fontconfig-2.16.0/O2/install/lib/libfontconfig.a
libfontconfig.a	fontconfig	current	clang-18-18.1.3	O3	fontconfig-2.16.0	selected		clang-18-18.1.3/fontconfig-2.16.0/O3/install/lib/libfontconfig.a
libfontconfig.a	fontconfig	current	clang-18-18.1.3	Os	fontconfig-2.16.0	selected		clang-18-18.1.3/fontconfig-2.16.0/Os/install/lib/libfontconfig.a
libfontconfig.a	fontconfig	minor-alternative	gcc-13-13.3.0	O0	fontconfig-2.15.0	selected		gcc-13-13.3.0/fontconfig-2.15.0/O0/install/lib/libfontconfig.a
libfontconfig.a	fontconfig	minor-alternative	gcc-13-13.3.0	O2	fontconfig-2.15.0	selected		gcc-13-13.3.0/fontconfig-2.15.0/O2/install/lib/libfontconfig.a
libfontconfig.a	fontconfig	minor-alternative	gcc-13-13.3.0	O3	fontconfig-2.15.0	selected		gcc-13-13.3.0/fontconfig-2.15.0/O3/install/lib/libfontconfig.a
libfontconfig.a	fontconfig	minor-alternative	gcc-13-13.3.0	Os	fontconfig-2.15.0	selected		gcc-13-13.3.0/fontconfig-2.15.0/Os/install/lib/libfontconfig.a
libfontconfig.a	fontconfig	minor-alternative	clang-18-18.1.3	O0	fontconfig-2.15.0	selected		clang-18-18.1.3/fontconfig-2.15.0/O0/install/lib/libfontconfig.a
libfontconfig.a	fontconfig	minor-alternative	clang-18-18.1.3	O2	fontconfig-2.15.0	selected		clang-18-18.1.3/fontconfig-2.15.0/O2/install/lib/libfontconfig.a
libfontconfig.a	fontconfig	minor-alternative	clang-18-18.1.3	O3	fontconfig-2.15.0	selected		clang-18-18.1.3/fontconfig-2.15.0/O3/install/lib/libfontconfig.a
libfontconfig.a	fontconfig	minor-alternative	clang-18-18.1.3	Os	fontconfig-2.15.0	selected		clang-18-18.1.3/fontconfig-2.15.0/Os/install/lib/libfontconfig.a
libfontconfig.a	fontconfig	major-alternative	gcc-13-13.3.0	O0	fontconfig-2.14.2	selected		gcc-13-13.3.0/fontconfig-2.14.2/O0/install/lib/libfontconfig.a
libfontconfig.a	fontconfig	major-alternative	gcc-13-13.3.0	O2	fontconfig-2.14.2	selected		gcc-13-13.3.0/fontconfig-2.14.2/O2/install/lib/libfontconfig.a
libfontconfig.a	fontconfig	major-alternative	gcc-13-13.3.0	O3	fontconfig-2.14.2	selected		gcc-13-13.3.0/fontconfig-2.14.2/O3/install/lib/libfontconfig.a
libfontconfig.a	fontconfig	major-alternative	gcc-13-13.3.0	Os	fontconfig-2.14.2	selected		gcc-13-13.3.0/fontconfig-2.14.2/Os/install/lib/libfontconfig.a
libfontconfig.a	fontconfig	major-alternative	clang-18-18.1.3	O0	fontconfig-2.14.2	selected		clang-18-18.1.3/fontconfig-2.14.2/O0/install/lib/libfontconfig.a
libfontconfig.a	fontconfig	major-alternative	clang-18-18.1.3	O2	fontconfig-2.14.2	selected		clang-18-18.1.3/fontconfig-2.14.2/O2/install/lib/libfontconfig.a
libfontconfig.a	fontconfig	major-alternative	clang-18-18.1.3	O3	fontconfig-2.14.2	selected		clang-18-18.1.3/fontconfig-2.14.2/O3/install/lib/libfontconfig.a
libfontconfig.a	fontconfig	major-alternative	clang-18-18.1.3	Os	fontconfig-2.14.2	selected		clang-18-18.1.3/fontconfig-2.14.2/Os/install/lib/libfontconfig.a
libform.a	ncurses	current	gcc-11-11.5.0	O0	ncurses-6.5	missing	archive_not_produced_by_version	
libform.a	ncurses	current	gcc-11-11.5.0	O2	ncurses-6.5	missing	archive_not_produced_by_version	
libform.a	ncurses	current	gcc-11-11.5.0	O3	ncurses-6.5	missing	archive_not_produced_by_version	
libform.a	ncurses	current	gcc-11-11.5.0	Os	ncurses-6.5	missing	archive_not_produced_by_version	
libform.a	ncurses	current	gcc-13-13.3.0	O0	ncurses-6.5	missing	archive_not_produced_by_version	
libform.a	ncurses	current	gcc-13-13.3.0	O2	ncurses-6.5	missing	archive_not_produced_by_version	
libform.a	ncurses	current	gcc-13-13.3.0	O3	ncurses-6.5	missing	archive_not_produced_by_version	
libform.a	ncurses	current	gcc-13-13.3.0	Os	ncurses-6.5	missing	archive_not_produced_by_version	
libform.a	ncurses	current	clang-14-14.0.6	O0	ncurses-6.5	missing	archive_not_produced_by_version	
libform.a	ncurses	current	clang-14-14.0.6	O2	ncurses-6.5	missing	archive_not_produced_by_version	
libform.a	ncurses	current	clang-14-14.0.6	O3	ncurses-6.5	missing	archive_not_produced_by_version	
libform.a	ncurses	current	clang-14-14.0.6	Os	ncurses-6.5	missing	archive_not_produced_by_version	
libform.a	ncurses	current	clang-18-18.1.3	O0	ncurses-6.5	missing	archive_not_produced_by_version	
libform.a	ncurses	current	clang-18-18.1.3	O2	ncurses-6.5	missing	archive_not_produced_by_version	
libform.a	ncurses	current	clang-18-18.1.3	O3	ncurses-6.5	missing	archive_not_produced_by_version	
libform.a	ncurses	current	clang-18-18.1.3	Os	ncurses-6.5	missing	archive_not_produced_by_version	
libform.a	ncurses	minor-alternative	gcc-13-13.3.0	O0	ncurses-6.4	selected		gcc-13-13.3.0/ncurses-6.4/O0/install/lib/libform.a
libform.a	ncurses	minor-alternative	gcc-13-13.3.0	O2	ncurses-6.4	selected		gcc-13-13.3.0/ncurses-6.4/O2/install/lib/libform.a
libform.a	ncurses	minor-alternative	gcc-13-13.3.0	O3	ncurses-6.4	selected		gcc-13-13.3.0/ncurses-6.4/O3/install/lib/libform.a
libform.a	ncurses	minor-alternative	gcc-13-13.3.0	Os	ncurses-6.4	selected		gcc-13-13.3.0/ncurses-6.4/Os/install/lib/libform.a
libform.a	ncurses	minor-alternative	clang-18-18.1.3	O0	ncurses-6.4	selected		clang-18-18.1.3/ncurses-6.4/O0/install/lib/libform.a
libform.a	ncurses	minor-alternative	clang-18-18.1.3	O2	ncurses-6.4	selected		clang-18-18.1.3/ncurses-6.4/O2/install/lib/libform.a
libform.a	ncurses	minor-alternative	clang-18-18.1.3	O3	ncurses-6.4	selected		clang-18-18.1.3/ncurses-6.4/O3/install/lib/libform.a
libform.a	ncurses	minor-alternative	clang-18-18.1.3	Os	ncurses-6.4	selected		clang-18-18.1.3/ncurses-6.4/Os/install/lib/libform.a
libform.a	ncurses	major-alternative	gcc-13-13.3.0	O0	ncurses-5.9	selected		gcc-13-13.3.0/ncurses-5.9/O0/install/lib/libform.a
libform.a	ncurses	major-alternative	gcc-13-13.3.0	O2	ncurses-5.9	selected		gcc-13-13.3.0/ncurses-5.9/O2/install/lib/libform.a
libform.a	ncurses	major-alternative	gcc-13-13.3.0	O3	ncurses-5.9	selected		gcc-13-13.3.0/ncurses-5.9/O3/install/lib/libform.a
libform.a	ncurses	major-alternative	gcc-13-13.3.0	Os	ncurses-5.9	selected		gcc-13-13.3.0/ncurses-5.9/Os/install/lib/libform.a
libform.a	ncurses	major-alternative	clang-18-18.1.3	O0	ncurses-5.9	selected		clang-18-18.1.3/ncurses-5.9/O0/install/lib/libform.a
libform.a	ncurses	major-alternative	clang-18-18.1.3	O2	ncurses-5.9	selected		clang-18-18.1.3/ncurses-5.9/O2/install/lib/libform.a
libform.a	ncurses	major-alternative	clang-18-18.1.3	O3	ncurses-5.9	selected		clang-18-18.1.3/ncurses-5.9/O3/install/lib/libform.a
libform.a	ncurses	major-alternative	clang-18-18.1.3	Os	ncurses-5.9	selected		clang-18-18.1.3/ncurses-5.9/Os/install/lib/libform.a
libformw.a	ncurses	current	gcc-11-11.5.0	O0	ncurses-6.5	selected		gcc-11-11.5.0/ncurses-6.5/O0/install/lib/libformw.a
libformw.a	ncurses	current	gcc-11-11.5.0	O2	ncurses-6.5	selected		gcc-11-11.5.0/ncurses-6.5/O2/install/lib/libformw.a
libformw.a	ncurses	current	gcc-11-11.5.0	O3	ncurses-6.5	selected		gcc-11-11.5.0/ncurses-6.5/O3/install/lib/libformw.a
libformw.a	ncurses	current	gcc-11-11.5.0	Os	ncurses-6.5	selected		gcc-11-11.5.0/ncurses-6.5/Os/install/lib/libformw.a
libformw.a	ncurses	current	gcc-13-13.3.0	O0	ncurses-6.5	selected		gcc-13-13.3.0/ncurses-6.5/O0/install/lib/libformw.a
libformw.a	ncurses	current	gcc-13-13.3.0	O2	ncurses-6.5	selected		gcc-13-13.3.0/ncurses-6.5/O2/install/lib/libformw.a
libformw.a	ncurses	current	gcc-13-13.3.0	O3	ncurses-6.5	selected		gcc-13-13.3.0/ncurses-6.5/O3/install/lib/libformw.a
libformw.a	ncurses	current	gcc-13-13.3.0	Os	ncurses-6.5	selected		gcc-13-13.3.0/ncurses-6.5/Os/install/lib/libformw.a
libformw.a	ncurses	current	clang-14-14.0.6	O0	ncurses-6.5	selected		clang-14-14.0.6/ncurses-6.5/O0/install/lib/libformw.a
libformw.a	ncurses	current	clang-14-14.0.6	O2	ncurses-6.5	selected		clang-14-14.0.6/ncurses-6.5/O2/install/lib/libformw.a
libformw.a	ncurses	current	clang-14-14.0.6	O3	ncurses-6.5	selected		clang-14-14.0.6/ncurses-6.5/O3/install/lib/libformw.a
libformw.a	ncurses	current	clang-14-14.0.6	Os	ncurses-6.5	selected		clang-14-14.0.6/ncurses-6.5/Os/install/lib/libformw.a
libformw.a	ncurses	current	clang-18-18.1.3	O0	ncurses-6.5	selected		clang-18-18.1.3/ncurses-6.5/O0/install/lib/libformw.a
libformw.a	ncurses	current	clang-18-18.1.3	O2	ncurses-6.5	selected		clang-18-18.1.3/ncurses-6.5/O2/install/lib/libformw.a
libformw.a	ncurses	current	clang-18-18.1.3	O3	ncurses-6.5	selected		clang-18-18.1.3/ncurses-6.5/O3/install/lib/libformw.a
libformw.a	ncurses	current	clang-18-18.1.3	Os	ncurses-6.5	selected		clang-18-18.1.3/ncurses-6.5/Os/install/lib/libformw.a
libformw.a	ncurses	minor-alternative	gcc-13-13.3.0	O0	ncurses-6.4	selected		gcc-13-13.3.0/ncurses-6.4/O0/install/lib/libformw.a
libformw.a	ncurses	minor-alternative	gcc-13-13.3.0	O2	ncurses-6.4	selected		gcc-13-13.3.0/ncurses-6.4/O2/install/lib/libformw.a
libformw.a	ncurses	minor-alternative	gcc-13-13.3.0	O3	ncurses-6.4	selected		gcc-13-13.3.0/ncurses-6.4/O3/install/lib/libformw.a
libformw.a	ncurses	minor-alternative	gcc-13-13.3.0	Os	ncurses-6.4	selected		gcc-13-13.3.0/ncurses-6.4/Os/install/lib/libformw.a
libformw.a	ncurses	minor-alternative	clang-18-18.1.3	O0	ncurses-6.4	selected		clang-18-18.1.3/ncurses-6.4/O0/install/lib/libformw.a
libformw.a	ncurses	minor-alternative	clang-18-18.1.3	O2	ncurses-6.4	selected		clang-18-18.1.3/ncurses-6.4/O2/install/lib/libformw.a
libformw.a	ncurses	minor-alternative	clang-18-18.1.3	O3	ncurses-6.4	selected		clang-18-18.1.3/ncurses-6.4/O3/install/lib/libformw.a
libformw.a	ncurses	minor-alternative	clang-18-18.1.3	Os	ncurses-6.4	selected		clang-18-18.1.3/ncurses-6.4/Os/install/lib/libformw.a
libformw.a	ncurses	major-alternative	gcc-13-13.3.0	O0	ncurses-5.9	selected		gcc-13-13.3.0/ncurses-5.9/O0/install/lib/libformw.a
libformw.a	ncurses	major-alternative	gcc-13-13.3.0	O2	ncurses-5.9	selected		gcc-13-13.3.0/ncurses-5.9/O2/install/lib/libformw.a
libformw.a	ncurses	major-alternative	gcc-13-13.3.0	O3	ncurses-5.9	selected		gcc-13-13.3.0/ncurses-5.9/O3/install/lib/libformw.a
libformw.a	ncurses	major-alternative	gcc-13-13.3.0	Os	ncurses-5.9	selected		gcc-13-13.3.0/ncurses-5.9/Os/install/lib/libformw.a
libformw.a	ncurses	major-alternative	clang-18-18.1.3	O0	ncurses-5.9	selected		clang-18-18.1.3/ncurses-5.9/O0/install/lib/libformw.a
libformw.a	ncurses	major-alternative	clang-18-18.1.3	O2	ncurses-5.9	selected		clang-18-18.1.3/ncurses-5.9/O2/install/lib/libformw.a
libformw.a	ncurses	major-alternative	clang-18-18.1.3	O3	ncurses-5.9	selected		clang-18-18.1.3/ncurses-5.9/O3/install/lib/libformw.a
libformw.a	ncurses	major-alternative	clang-18-18.1.3	Os	ncurses-5.9	selected		clang-18-18.1.3/ncurses-5.9/Os/install/lib/libformw.a
libfreetype.a	freetype	current	gcc-11-11.5.0	O0	freetype-2.13.2|freetype-2-13-2	selected		gcc-11-11.5.0/freetype-2.13.2/O0/install/lib/libfreetype.a
libfreetype.a	freetype	current	gcc-11-11.5.0	O2	freetype-2.13.2|freetype-2-13-2	selected		gcc-11-11.5.0/freetype-2.13.2/O2/install/lib/libfreetype.a
libfreetype.a	freetype	current	gcc-11-11.5.0	O3	freetype-2.13.2|freetype-2-13-2	selected		gcc-11-11.5.0/freetype-2.13.2/O3/install/lib/libfreetype.a
libfreetype.a	freetype	current	gcc-11-11.5.0	Os	freetype-2.13.2|freetype-2-13-2	selected		gcc-11-11.5.0/freetype-2.13.2/Os/install/lib/libfreetype.a
libfreetype.a	freetype	current	gcc-13-13.3.0	O0	freetype-2.13.2|freetype-2-13-2	selected		gcc-13-13.3.0/freetype-2.13.2/O0/install/lib/libfreetype.a
libfreetype.a	freetype	current	gcc-13-13.3.0	O2	freetype-2.13.2|freetype-2-13-2	selected		gcc-13-13.3.0/freetype-2.13.2/O2/install/lib/libfreetype.a
libfreetype.a	freetype	current	gcc-13-13.3.0	O3	freetype-2.13.2|freetype-2-13-2	selected		gcc-13-13.3.0/freetype-2.13.2/O3/install/lib/libfreetype.a
libfreetype.a	freetype	current	gcc-13-13.3.0	Os	freetype-2.13.2|freetype-2-13-2	selected		gcc-13-13.3.0/freetype-2.13.2/Os/install/lib/libfreetype.a
libfreetype.a	freetype	current	clang-14-14.0.6	O0	freetype-2.13.2|freetype-2-13-2	selected		clang-14-14.0.6/freetype-2.13.2/O0/install/lib/libfreetype.a
libfreetype.a	freetype	current	clang-14-14.0.6	O2	freetype-2.13.2|freetype-2-13-2	selected		clang-14-14.0.6/freetype-2.13.2/O2/install/lib/libfreetype.a
libfreetype.a	freetype	current	clang-14-14.0.6	O3	freetype-2.13.2|freetype-2-13-2	selected		clang-14-14.0.6/freetype-2.13.2/O3/install/lib/libfreetype.a
libfreetype.a	freetype	current	clang-14-14.0.6	Os	freetype-2.13.2|freetype-2-13-2	selected		clang-14-14.0.6/freetype-2.13.2/Os/install/lib/libfreetype.a
libfreetype.a	freetype	current	clang-18-18.1.3	O0	freetype-2.13.2|freetype-2-13-2	selected		clang-18-18.1.3/freetype-2.13.2/O0/install/lib/libfreetype.a
libfreetype.a	freetype	current	clang-18-18.1.3	O2	freetype-2.13.2|freetype-2-13-2	selected		clang-18-18.1.3/freetype-2.13.2/O2/install/lib/libfreetype.a
libfreetype.a	freetype	current	clang-18-18.1.3	O3	freetype-2.13.2|freetype-2-13-2	selected		clang-18-18.1.3/freetype-2.13.2/O3/install/lib/libfreetype.a
libfreetype.a	freetype	current	clang-18-18.1.3	Os	freetype-2.13.2|freetype-2-13-2	selected		clang-18-18.1.3/freetype-2.13.2/Os/install/lib/libfreetype.a
libfreetype.a	freetype	minor-alternative	gcc-13-13.3.0	O0	freetype-2.13.1|freetype-2-13-1	selected		gcc-13-13.3.0/freetype-2.13.1/O0/install/lib/libfreetype.a
libfreetype.a	freetype	minor-alternative	gcc-13-13.3.0	O2	freetype-2.13.1|freetype-2-13-1	selected		gcc-13-13.3.0/freetype-2.13.1/O2/install/lib/libfreetype.a
libfreetype.a	freetype	minor-alternative	gcc-13-13.3.0	O3	freetype-2.13.1|freetype-2-13-1	selected		gcc-13-13.3.0/freetype-2.13.1/O3/install/lib/libfreetype.a
libfreetype.a	freetype	minor-alternative	gcc-13-13.3.0	Os	freetype-2.13.1|freetype-2-13-1	selected		gcc-13-13.3.0/freetype-2.13.1/Os/install/lib/libfreetype.a
libfreetype.a	freetype	minor-alternative	clang-18-18.1.3	O0	freetype-2.13.1|freetype-2-13-1	selected		clang-18-18.1.3/freetype-2.13.1/O0/install/lib/libfreetype.a
libfreetype.a	freetype	minor-alternative	clang-18-18.1.3	O2	freetype-2.13.1|freetype-2-13-1	selected		clang-18-18.1.3/freetype-2.13.1/O2/install/lib/libfreetype.a
libfreetype.a	freetype	minor-alternative	clang-18-18.1.3	O3	freetype-2.13.1|freetype-2-13-1	selected		clang-18-18.1.3/freetype-2.13.1/O3/install/lib/libfreetype.a
libfreetype.a	freetype	minor-alternative	clang-18-18.1.3	Os	freetype-2.13.1|freetype-2-13-1	selected		clang-18-18.1.3/freetype-2.13.1/Os/install/lib/libfreetype.a
libfreetype.a	freetype	major-alternative	gcc-13-13.3.0	O0	freetype-1.3.1-1	missing	archive_not_produced_by_version	
libfreetype.a	freetype	major-alternative	gcc-13-13.3.0	O2	freetype-1.3.1-1	missing	archive_not_produced_by_version	
libfreetype.a	freetype	major-alternative	gcc-13-13.3.0	O3	freetype-1.3.1-1	missing	archive_not_produced_by_version	
libfreetype.a	freetype	major-alternative	gcc-13-13.3.0	Os	freetype-1.3.1-1	missing	archive_not_produced_by_version	
libfreetype.a	freetype	major-alternative	clang-18-18.1.3	O0	freetype-1.3.1-1	missing	archive_not_produced_by_version	
libfreetype.a	freetype	major-alternative	clang-18-18.1.3	O2	freetype-1.3.1-1	missing	archive_not_produced_by_version	
libfreetype.a	freetype	major-alternative	clang-18-18.1.3	O3	freetype-1.3.1-1	missing	archive_not_produced_by_version	
libfreetype.a	freetype	major-alternative	clang-18-18.1.3	Os	freetype-1.3.1-1	missing	archive_not_produced_by_version	
libfribidi.a	fribidi	current	gcc-11-11.5.0	O0	fribidi-1.0.13	selected		gcc-11-11.5.0/fribidi-1.0.13/O0/install/lib/libfribidi.a
libfribidi.a	fribidi	current	gcc-11-11.5.0	O2	fribidi-1.0.13	selected		gcc-11-11.5.0/fribidi-1.0.13/O2/install/lib/libfribidi.a
libfribidi.a	fribidi	current	gcc-11-11.5.0	O3	fribidi-1.0.13	selected		gcc-11-11.5.0/fribidi-1.0.13/O3/install/lib/libfribidi.a
libfribidi.a	fribidi	current	gcc-11-11.5.0	Os	fribidi-1.0.13	selected		gcc-11-11.5.0/fribidi-1.0.13/Os/install/lib/libfribidi.a
libfribidi.a	fribidi	current	gcc-13-13.3.0	O0	fribidi-1.0.13	selected		gcc-13-13.3.0/fribidi-1.0.13/O0/install/lib/libfribidi.a
libfribidi.a	fribidi	current	gcc-13-13.3.0	O2	fribidi-1.0.13	selected		gcc-13-13.3.0/fribidi-1.0.13/O2/install/lib/libfribidi.a
libfribidi.a	fribidi	current	gcc-13-13.3.0	O3	fribidi-1.0.13	selected		gcc-13-13.3.0/fribidi-1.0.13/O3/install/lib/libfribidi.a
libfribidi.a	fribidi	current	gcc-13-13.3.0	Os	fribidi-1.0.13	selected		gcc-13-13.3.0/fribidi-1.0.13/Os/install/lib/libfribidi.a
libfribidi.a	fribidi	current	clang-14-14.0.6	O0	fribidi-1.0.13	selected		clang-14-14.0.6/fribidi-1.0.13/O0/install/lib/libfribidi.a
libfribidi.a	fribidi	current	clang-14-14.0.6	O2	fribidi-1.0.13	selected		clang-14-14.0.6/fribidi-1.0.13/O2/install/lib/libfribidi.a
libfribidi.a	fribidi	current	clang-14-14.0.6	O3	fribidi-1.0.13	selected		clang-14-14.0.6/fribidi-1.0.13/O3/install/lib/libfribidi.a
libfribidi.a	fribidi	current	clang-14-14.0.6	Os	fribidi-1.0.13	selected		clang-14-14.0.6/fribidi-1.0.13/Os/install/lib/libfribidi.a
libfribidi.a	fribidi	current	clang-18-18.1.3	O0	fribidi-1.0.13	selected		clang-18-18.1.3/fribidi-1.0.13/O0/install/lib/libfribidi.a
libfribidi.a	fribidi	current	clang-18-18.1.3	O2	fribidi-1.0.13	selected		clang-18-18.1.3/fribidi-1.0.13/O2/install/lib/libfribidi.a
libfribidi.a	fribidi	current	clang-18-18.1.3	O3	fribidi-1.0.13	selected		clang-18-18.1.3/fribidi-1.0.13/O3/install/lib/libfribidi.a
libfribidi.a	fribidi	current	clang-18-18.1.3	Os	fribidi-1.0.13	selected		clang-18-18.1.3/fribidi-1.0.13/Os/install/lib/libfribidi.a
libfribidi.a	fribidi	minor-alternative	gcc-13-13.3.0	O0	fribidi-1.0.12	selected		gcc-13-13.3.0/fribidi-1.0.12/O0/install/lib/libfribidi.a
libfribidi.a	fribidi	minor-alternative	gcc-13-13.3.0	O2	fribidi-1.0.12	selected		gcc-13-13.3.0/fribidi-1.0.12/O2/install/lib/libfribidi.a
libfribidi.a	fribidi	minor-alternative	gcc-13-13.3.0	O3	fribidi-1.0.12	selected		gcc-13-13.3.0/fribidi-1.0.12/O3/install/lib/libfribidi.a
libfribidi.a	fribidi	minor-alternative	gcc-13-13.3.0	Os	fribidi-1.0.12	selected		gcc-13-13.3.0/fribidi-1.0.12/Os/install/lib/libfribidi.a
libfribidi.a	fribidi	minor-alternative	clang-18-18.1.3	O0	fribidi-1.0.12	selected		clang-18-18.1.3/fribidi-1.0.12/O0/install/lib/libfribidi.a
libfribidi.a	fribidi	minor-alternative	clang-18-18.1.3	O2	fribidi-1.0.12	selected		clang-18-18.1.3/fribidi-1.0.12/O2/install/lib/libfribidi.a
libfribidi.a	fribidi	minor-alternative	clang-18-18.1.3	O3	fribidi-1.0.12	selected		clang-18-18.1.3/fribidi-1.0.12/O3/install/lib/libfribidi.a
libfribidi.a	fribidi	minor-alternative	clang-18-18.1.3	Os	fribidi-1.0.12	selected		clang-18-18.1.3/fribidi-1.0.12/Os/install/lib/libfribidi.a
libfribidi.a	fribidi	major-alternative	gcc-13-13.3.0	O0	fribidi-0.19.7-5	missing	variant_not_built_or_unsupported	
libfribidi.a	fribidi	major-alternative	gcc-13-13.3.0	O2	fribidi-0.19.7-5	missing	variant_not_built_or_unsupported	
libfribidi.a	fribidi	major-alternative	gcc-13-13.3.0	O3	fribidi-0.19.7-5	missing	variant_not_built_or_unsupported	
libfribidi.a	fribidi	major-alternative	gcc-13-13.3.0	Os	fribidi-0.19.7-5	missing	variant_not_built_or_unsupported	
libfribidi.a	fribidi	major-alternative	clang-18-18.1.3	O0	fribidi-0.19.7-5	missing	variant_not_built_or_unsupported	
libfribidi.a	fribidi	major-alternative	clang-18-18.1.3	O2	fribidi-0.19.7-5	missing	variant_not_built_or_unsupported	
libfribidi.a	fribidi	major-alternative	clang-18-18.1.3	O3	fribidi-0.19.7-5	missing	variant_not_built_or_unsupported	
libfribidi.a	fribidi	major-alternative	clang-18-18.1.3	Os	fribidi-0.19.7-5	missing	variant_not_built_or_unsupported	
libg.a	glibc	current	gcc-11-11.5.0	O0	glibc-2.41	missing	unsupported_optimization	
libg.a	glibc	current	gcc-11-11.5.0	O2	glibc-2.41	selected		gcc-11-11.5.0/glibc-2.41/O2/install/lib/libg.a
libg.a	glibc	current	gcc-11-11.5.0	O3	glibc-2.41	selected		gcc-11-11.5.0/glibc-2.41/O3/install/lib/libg.a
libg.a	glibc	current	gcc-11-11.5.0	Os	glibc-2.41	selected		gcc-11-11.5.0/glibc-2.41/Os/install/lib/libg.a
libg.a	glibc	current	gcc-13-13.3.0	O0	glibc-2.41	missing	unsupported_optimization	
libg.a	glibc	current	gcc-13-13.3.0	O2	glibc-2.41	selected		gcc-13-13.3.0/glibc-2.41/O2/install/lib/libg.a
libg.a	glibc	current	gcc-13-13.3.0	O3	glibc-2.41	selected		gcc-13-13.3.0/glibc-2.41/O3/install/lib/libg.a
libg.a	glibc	current	gcc-13-13.3.0	Os	glibc-2.41	selected		gcc-13-13.3.0/glibc-2.41/Os/install/lib/libg.a
libg.a	glibc	current	clang-14-14.0.6	O0	glibc-2.41	missing	unsupported_compiler	
libg.a	glibc	current	clang-14-14.0.6	O2	glibc-2.41	missing	unsupported_compiler	
libg.a	glibc	current	clang-14-14.0.6	O3	glibc-2.41	missing	unsupported_compiler	
libg.a	glibc	current	clang-14-14.0.6	Os	glibc-2.41	missing	unsupported_compiler	
libg.a	glibc	current	clang-18-18.1.3	O0	glibc-2.41	missing	unsupported_compiler	
libg.a	glibc	current	clang-18-18.1.3	O2	glibc-2.41	missing	unsupported_compiler	
libg.a	glibc	current	clang-18-18.1.3	O3	glibc-2.41	missing	unsupported_compiler	
libg.a	glibc	current	clang-18-18.1.3	Os	glibc-2.41	missing	unsupported_compiler	
libg.a	glibc	minor-alternative	gcc-13-13.3.0	O0	glibc-2.39	missing	unsupported_optimization	
libg.a	glibc	minor-alternative	gcc-13-13.3.0	O2	glibc-2.39	missing	archive_not_produced_by_version	
libg.a	glibc	minor-alternative	gcc-13-13.3.0	O3	glibc-2.39	missing	archive_not_produced_by_version	
libg.a	glibc	minor-alternative	gcc-13-13.3.0	Os	glibc-2.39	missing	archive_not_produced_by_version	
libg.a	glibc	minor-alternative	clang-18-18.1.3	O0	glibc-2.39	missing	unsupported_compiler	
libg.a	glibc	minor-alternative	clang-18-18.1.3	O2	glibc-2.39	missing	unsupported_compiler	
libg.a	glibc	minor-alternative	clang-18-18.1.3	O3	glibc-2.39	missing	unsupported_compiler	
libg.a	glibc	minor-alternative	clang-18-18.1.3	Os	glibc-2.39	missing	unsupported_compiler	
libg.a	glibc	major-alternative	gcc-13-13.3.0	O0	glibc-2.17	missing	unsupported_optimization	
libg.a	glibc	major-alternative	gcc-13-13.3.0	O2	glibc-2.17	missing	archive_not_produced_by_version	
libg.a	glibc	major-alternative	gcc-13-13.3.0	O3	glibc-2.17	missing	archive_not_produced_by_version	
libg.a	glibc	major-alternative	gcc-13-13.3.0	Os	glibc-2.17	missing	archive_not_produced_by_version	
libg.a	glibc	major-alternative	clang-18-18.1.3	O0	glibc-2.17	missing	unsupported_compiler	
libg.a	glibc	major-alternative	clang-18-18.1.3	O2	glibc-2.17	missing	unsupported_compiler	
libg.a	glibc	major-alternative	clang-18-18.1.3	O3	glibc-2.17	missing	unsupported_compiler	
libg.a	glibc	major-alternative	clang-18-18.1.3	Os	glibc-2.17	missing	unsupported_compiler	
libgdbus-example-objectmanager.a	glib	current	gcc-11-11.5.0	O0	glib-2.81.0	selected		gcc-11-11.5.0/glib-2.81.0/O0/install/lib/libgdbus-example-objectmanager.a
libgdbus-example-objectmanager.a	glib	current	gcc-11-11.5.0	O2	glib-2.81.0	selected		gcc-11-11.5.0/glib-2.81.0/O2/install/lib/libgdbus-example-objectmanager.a
libgdbus-example-objectmanager.a	glib	current	gcc-11-11.5.0	O3	glib-2.81.0	selected		gcc-11-11.5.0/glib-2.81.0/O3/install/lib/libgdbus-example-objectmanager.a
libgdbus-example-objectmanager.a	glib	current	gcc-11-11.5.0	Os	glib-2.81.0	selected		gcc-11-11.5.0/glib-2.81.0/Os/install/lib/libgdbus-example-objectmanager.a
libgdbus-example-objectmanager.a	glib	current	gcc-13-13.3.0	O0	glib-2.81.0	selected		gcc-13-13.3.0/glib-2.81.0/O0/install/lib/libgdbus-example-objectmanager.a
libgdbus-example-objectmanager.a	glib	current	gcc-13-13.3.0	O2	glib-2.81.0	selected		gcc-13-13.3.0/glib-2.81.0/O2/install/lib/libgdbus-example-objectmanager.a
libgdbus-example-objectmanager.a	glib	current	gcc-13-13.3.0	O3	glib-2.81.0	selected		gcc-13-13.3.0/glib-2.81.0/O3/install/lib/libgdbus-example-objectmanager.a
libgdbus-example-objectmanager.a	glib	current	gcc-13-13.3.0	Os	glib-2.81.0	selected		gcc-13-13.3.0/glib-2.81.0/Os/install/lib/libgdbus-example-objectmanager.a
libgdbus-example-objectmanager.a	glib	current	clang-14-14.0.6	O0	glib-2.81.0	selected		clang-14-14.0.6/glib-2.81.0/O0/install/lib/libgdbus-example-objectmanager.a
libgdbus-example-objectmanager.a	glib	current	clang-14-14.0.6	O2	glib-2.81.0	selected		clang-14-14.0.6/glib-2.81.0/O2/install/lib/libgdbus-example-objectmanager.a
libgdbus-example-objectmanager.a	glib	current	clang-14-14.0.6	O3	glib-2.81.0	selected		clang-14-14.0.6/glib-2.81.0/O3/install/lib/libgdbus-example-objectmanager.a
libgdbus-example-objectmanager.a	glib	current	clang-14-14.0.6	Os	glib-2.81.0	selected		clang-14-14.0.6/glib-2.81.0/Os/install/lib/libgdbus-example-objectmanager.a
libgdbus-example-objectmanager.a	glib	current	clang-18-18.1.3	O0	glib-2.81.0	selected		clang-18-18.1.3/glib-2.81.0/O0/install/lib/libgdbus-example-objectmanager.a
libgdbus-example-objectmanager.a	glib	current	clang-18-18.1.3	O2	glib-2.81.0	selected		clang-18-18.1.3/glib-2.81.0/O2/install/lib/libgdbus-example-objectmanager.a
libgdbus-example-objectmanager.a	glib	current	clang-18-18.1.3	O3	glib-2.81.0	selected		clang-18-18.1.3/glib-2.81.0/O3/install/lib/libgdbus-example-objectmanager.a
libgdbus-example-objectmanager.a	glib	current	clang-18-18.1.3	Os	glib-2.81.0	selected		clang-18-18.1.3/glib-2.81.0/Os/install/lib/libgdbus-example-objectmanager.a
libgdbus-example-objectmanager.a	glib	minor-alternative	gcc-13-13.3.0	O0	glib-2.80.1	selected		gcc-13-13.3.0/glib-2.80.1/O0/install/lib/libgdbus-example-objectmanager.a
libgdbus-example-objectmanager.a	glib	minor-alternative	gcc-13-13.3.0	O2	glib-2.80.1	selected		gcc-13-13.3.0/glib-2.80.1/O2/install/lib/libgdbus-example-objectmanager.a
libgdbus-example-objectmanager.a	glib	minor-alternative	gcc-13-13.3.0	O3	glib-2.80.1	selected		gcc-13-13.3.0/glib-2.80.1/O3/install/lib/libgdbus-example-objectmanager.a
libgdbus-example-objectmanager.a	glib	minor-alternative	gcc-13-13.3.0	Os	glib-2.80.1	selected		gcc-13-13.3.0/glib-2.80.1/Os/install/lib/libgdbus-example-objectmanager.a
libgdbus-example-objectmanager.a	glib	minor-alternative	clang-18-18.1.3	O0	glib-2.80.1	selected		clang-18-18.1.3/glib-2.80.1/O0/install/lib/libgdbus-example-objectmanager.a
libgdbus-example-objectmanager.a	glib	minor-alternative	clang-18-18.1.3	O2	glib-2.80.1	selected		clang-18-18.1.3/glib-2.80.1/O2/install/lib/libgdbus-example-objectmanager.a
libgdbus-example-objectmanager.a	glib	minor-alternative	clang-18-18.1.3	O3	glib-2.80.1	selected		clang-18-18.1.3/glib-2.80.1/O3/install/lib/libgdbus-example-objectmanager.a
libgdbus-example-objectmanager.a	glib	minor-alternative	clang-18-18.1.3	Os	glib-2.80.1	selected		clang-18-18.1.3/glib-2.80.1/Os/install/lib/libgdbus-example-objectmanager.a
libgdbus-example-objectmanager.a	glib	major-alternative	gcc-13-13.3.0	O0	glib-1.2.10-20	missing	archive_not_produced_by_version	
libgdbus-example-objectmanager.a	glib	major-alternative	gcc-13-13.3.0	O2	glib-1.2.10-20	missing	archive_not_produced_by_version	
libgdbus-example-objectmanager.a	glib	major-alternative	gcc-13-13.3.0	O3	glib-1.2.10-20	missing	archive_not_produced_by_version	
libgdbus-example-objectmanager.a	glib	major-alternative	gcc-13-13.3.0	Os	glib-1.2.10-20	missing	archive_not_produced_by_version	
libgdbus-example-objectmanager.a	glib	major-alternative	clang-18-18.1.3	O0	glib-1.2.10-20	missing	archive_not_produced_by_version	
libgdbus-example-objectmanager.a	glib	major-alternative	clang-18-18.1.3	O2	glib-1.2.10-20	missing	archive_not_produced_by_version	
libgdbus-example-objectmanager.a	glib	major-alternative	clang-18-18.1.3	O3	glib-1.2.10-20	missing	archive_not_produced_by_version	
libgdbus-example-objectmanager.a	glib	major-alternative	clang-18-18.1.3	Os	glib-1.2.10-20	missing	archive_not_produced_by_version	
libgdk-x11-2.0.a	gtk	current	gcc-11-11.5.0	O0	gtk-2.24.33	selected		gcc-11-11.5.0/gtk-2.24.33/O0/install/lib/libgdk-x11-2.0.a
libgdk-x11-2.0.a	gtk	current	gcc-11-11.5.0	O2	gtk-2.24.33	selected		gcc-11-11.5.0/gtk-2.24.33/O2/install/lib/libgdk-x11-2.0.a
libgdk-x11-2.0.a	gtk	current	gcc-11-11.5.0	O3	gtk-2.24.33	selected		gcc-11-11.5.0/gtk-2.24.33/O3/install/lib/libgdk-x11-2.0.a
libgdk-x11-2.0.a	gtk	current	gcc-11-11.5.0	Os	gtk-2.24.33	selected		gcc-11-11.5.0/gtk-2.24.33/Os/install/lib/libgdk-x11-2.0.a
libgdk-x11-2.0.a	gtk	current	gcc-13-13.3.0	O0	gtk-2.24.33	selected		gcc-13-13.3.0/gtk-2.24.33/O0/install/lib/libgdk-x11-2.0.a
libgdk-x11-2.0.a	gtk	current	gcc-13-13.3.0	O2	gtk-2.24.33	selected		gcc-13-13.3.0/gtk-2.24.33/O2/install/lib/libgdk-x11-2.0.a
libgdk-x11-2.0.a	gtk	current	gcc-13-13.3.0	O3	gtk-2.24.33	selected		gcc-13-13.3.0/gtk-2.24.33/O3/install/lib/libgdk-x11-2.0.a
libgdk-x11-2.0.a	gtk	current	gcc-13-13.3.0	Os	gtk-2.24.33	selected		gcc-13-13.3.0/gtk-2.24.33/Os/install/lib/libgdk-x11-2.0.a
libgdk-x11-2.0.a	gtk	current	clang-14-14.0.6	O0	gtk-2.24.33	selected		clang-14-14.0.6/gtk-2.24.33/O0/install/lib/libgdk-x11-2.0.a
libgdk-x11-2.0.a	gtk	current	clang-14-14.0.6	O2	gtk-2.24.33	selected		clang-14-14.0.6/gtk-2.24.33/O2/install/lib/libgdk-x11-2.0.a
libgdk-x11-2.0.a	gtk	current	clang-14-14.0.6	O3	gtk-2.24.33	selected		clang-14-14.0.6/gtk-2.24.33/O3/install/lib/libgdk-x11-2.0.a
libgdk-x11-2.0.a	gtk	current	clang-14-14.0.6	Os	gtk-2.24.33	selected		clang-14-14.0.6/gtk-2.24.33/Os/install/lib/libgdk-x11-2.0.a
libgdk-x11-2.0.a	gtk	current	clang-18-18.1.3	O0	gtk-2.24.33	selected		clang-18-18.1.3/gtk-2.24.33/O0/install/lib/libgdk-x11-2.0.a
libgdk-x11-2.0.a	gtk	current	clang-18-18.1.3	O2	gtk-2.24.33	selected		clang-18-18.1.3/gtk-2.24.33/O2/install/lib/libgdk-x11-2.0.a
libgdk-x11-2.0.a	gtk	current	clang-18-18.1.3	O3	gtk-2.24.33	selected		clang-18-18.1.3/gtk-2.24.33/O3/install/lib/libgdk-x11-2.0.a
libgdk-x11-2.0.a	gtk	current	clang-18-18.1.3	Os	gtk-2.24.33	selected		clang-18-18.1.3/gtk-2.24.33/Os/install/lib/libgdk-x11-2.0.a
libgdk-x11-2.0.a	gtk	minor-alternative	gcc-13-13.3.0	O0	gtk-2.24.32	selected		gcc-13-13.3.0/gtk-2.24.32/O0/install/lib/libgdk-x11-2.0.a
libgdk-x11-2.0.a	gtk	minor-alternative	gcc-13-13.3.0	O2	gtk-2.24.32	selected		gcc-13-13.3.0/gtk-2.24.32/O2/install/lib/libgdk-x11-2.0.a
libgdk-x11-2.0.a	gtk	minor-alternative	gcc-13-13.3.0	O3	gtk-2.24.32	selected		gcc-13-13.3.0/gtk-2.24.32/O3/install/lib/libgdk-x11-2.0.a
libgdk-x11-2.0.a	gtk	minor-alternative	gcc-13-13.3.0	Os	gtk-2.24.32	selected		gcc-13-13.3.0/gtk-2.24.32/Os/install/lib/libgdk-x11-2.0.a
libgdk-x11-2.0.a	gtk	minor-alternative	clang-18-18.1.3	O0	gtk-2.24.32	selected		clang-18-18.1.3/gtk-2.24.32/O0/install/lib/libgdk-x11-2.0.a
libgdk-x11-2.0.a	gtk	minor-alternative	clang-18-18.1.3	O2	gtk-2.24.32	selected		clang-18-18.1.3/gtk-2.24.32/O2/install/lib/libgdk-x11-2.0.a
libgdk-x11-2.0.a	gtk	minor-alternative	clang-18-18.1.3	O3	gtk-2.24.32	selected		clang-18-18.1.3/gtk-2.24.32/O3/install/lib/libgdk-x11-2.0.a
libgdk-x11-2.0.a	gtk	minor-alternative	clang-18-18.1.3	Os	gtk-2.24.32	selected		clang-18-18.1.3/gtk-2.24.32/Os/install/lib/libgdk-x11-2.0.a
libgdk-x11-2.0.a	gtk	major-alternative	gcc-13-13.3.0	O0	gtk-1.2.10-18.1	missing	archive_not_produced_by_version	
libgdk-x11-2.0.a	gtk	major-alternative	gcc-13-13.3.0	O2	gtk-1.2.10-18.1	missing	archive_not_produced_by_version	
libgdk-x11-2.0.a	gtk	major-alternative	gcc-13-13.3.0	O3	gtk-1.2.10-18.1	missing	archive_not_produced_by_version	
libgdk-x11-2.0.a	gtk	major-alternative	gcc-13-13.3.0	Os	gtk-1.2.10-18.1	missing	archive_not_produced_by_version	
libgdk-x11-2.0.a	gtk	major-alternative	clang-18-18.1.3	O0	gtk-1.2.10-18.1	missing	archive_not_produced_by_version	
libgdk-x11-2.0.a	gtk	major-alternative	clang-18-18.1.3	O2	gtk-1.2.10-18.1	missing	archive_not_produced_by_version	
libgdk-x11-2.0.a	gtk	major-alternative	clang-18-18.1.3	O3	gtk-1.2.10-18.1	missing	archive_not_produced_by_version	
libgdk-x11-2.0.a	gtk	major-alternative	clang-18-18.1.3	Os	gtk-1.2.10-18.1	missing	archive_not_produced_by_version	
libgdk-x11.a	gtk	current	gcc-11-11.5.0	O0	gtk-2.24.33	selected		gcc-11-11.5.0/gtk-2.24.33/O0/install/lib/libgdk-x11.a
libgdk-x11.a	gtk	current	gcc-11-11.5.0	O2	gtk-2.24.33	selected		gcc-11-11.5.0/gtk-2.24.33/O2/install/lib/libgdk-x11.a
libgdk-x11.a	gtk	current	gcc-11-11.5.0	O3	gtk-2.24.33	selected		gcc-11-11.5.0/gtk-2.24.33/O3/install/lib/libgdk-x11.a
libgdk-x11.a	gtk	current	gcc-11-11.5.0	Os	gtk-2.24.33	selected		gcc-11-11.5.0/gtk-2.24.33/Os/install/lib/libgdk-x11.a
libgdk-x11.a	gtk	current	gcc-13-13.3.0	O0	gtk-2.24.33	selected		gcc-13-13.3.0/gtk-2.24.33/O0/install/lib/libgdk-x11.a
libgdk-x11.a	gtk	current	gcc-13-13.3.0	O2	gtk-2.24.33	selected		gcc-13-13.3.0/gtk-2.24.33/O2/install/lib/libgdk-x11.a
libgdk-x11.a	gtk	current	gcc-13-13.3.0	O3	gtk-2.24.33	selected		gcc-13-13.3.0/gtk-2.24.33/O3/install/lib/libgdk-x11.a
libgdk-x11.a	gtk	current	gcc-13-13.3.0	Os	gtk-2.24.33	selected		gcc-13-13.3.0/gtk-2.24.33/Os/install/lib/libgdk-x11.a
libgdk-x11.a	gtk	current	clang-14-14.0.6	O0	gtk-2.24.33	selected		clang-14-14.0.6/gtk-2.24.33/O0/install/lib/libgdk-x11.a
libgdk-x11.a	gtk	current	clang-14-14.0.6	O2	gtk-2.24.33	selected		clang-14-14.0.6/gtk-2.24.33/O2/install/lib/libgdk-x11.a
libgdk-x11.a	gtk	current	clang-14-14.0.6	O3	gtk-2.24.33	selected		clang-14-14.0.6/gtk-2.24.33/O3/install/lib/libgdk-x11.a
libgdk-x11.a	gtk	current	clang-14-14.0.6	Os	gtk-2.24.33	selected		clang-14-14.0.6/gtk-2.24.33/Os/install/lib/libgdk-x11.a
libgdk-x11.a	gtk	current	clang-18-18.1.3	O0	gtk-2.24.33	selected		clang-18-18.1.3/gtk-2.24.33/O0/install/lib/libgdk-x11.a
libgdk-x11.a	gtk	current	clang-18-18.1.3	O2	gtk-2.24.33	selected		clang-18-18.1.3/gtk-2.24.33/O2/install/lib/libgdk-x11.a
libgdk-x11.a	gtk	current	clang-18-18.1.3	O3	gtk-2.24.33	selected		clang-18-18.1.3/gtk-2.24.33/O3/install/lib/libgdk-x11.a
libgdk-x11.a	gtk	current	clang-18-18.1.3	Os	gtk-2.24.33	selected		clang-18-18.1.3/gtk-2.24.33/Os/install/lib/libgdk-x11.a
libgdk-x11.a	gtk	minor-alternative	gcc-13-13.3.0	O0	gtk-2.24.32	selected		gcc-13-13.3.0/gtk-2.24.32/O0/install/lib/libgdk-x11.a
libgdk-x11.a	gtk	minor-alternative	gcc-13-13.3.0	O2	gtk-2.24.32	selected		gcc-13-13.3.0/gtk-2.24.32/O2/install/lib/libgdk-x11.a
libgdk-x11.a	gtk	minor-alternative	gcc-13-13.3.0	O3	gtk-2.24.32	selected		gcc-13-13.3.0/gtk-2.24.32/O3/install/lib/libgdk-x11.a
libgdk-x11.a	gtk	minor-alternative	gcc-13-13.3.0	Os	gtk-2.24.32	selected		gcc-13-13.3.0/gtk-2.24.32/Os/install/lib/libgdk-x11.a
libgdk-x11.a	gtk	minor-alternative	clang-18-18.1.3	O0	gtk-2.24.32	selected		clang-18-18.1.3/gtk-2.24.32/O0/install/lib/libgdk-x11.a
libgdk-x11.a	gtk	minor-alternative	clang-18-18.1.3	O2	gtk-2.24.32	selected		clang-18-18.1.3/gtk-2.24.32/O2/install/lib/libgdk-x11.a
libgdk-x11.a	gtk	minor-alternative	clang-18-18.1.3	O3	gtk-2.24.32	selected		clang-18-18.1.3/gtk-2.24.32/O3/install/lib/libgdk-x11.a
libgdk-x11.a	gtk	minor-alternative	clang-18-18.1.3	Os	gtk-2.24.32	selected		clang-18-18.1.3/gtk-2.24.32/Os/install/lib/libgdk-x11.a
libgdk-x11.a	gtk	major-alternative	gcc-13-13.3.0	O0	gtk-1.2.10-18.1	missing	archive_not_produced_by_version	
libgdk-x11.a	gtk	major-alternative	gcc-13-13.3.0	O2	gtk-1.2.10-18.1	missing	archive_not_produced_by_version	
libgdk-x11.a	gtk	major-alternative	gcc-13-13.3.0	O3	gtk-1.2.10-18.1	missing	archive_not_produced_by_version	
libgdk-x11.a	gtk	major-alternative	gcc-13-13.3.0	Os	gtk-1.2.10-18.1	missing	archive_not_produced_by_version	
libgdk-x11.a	gtk	major-alternative	clang-18-18.1.3	O0	gtk-1.2.10-18.1	missing	archive_not_produced_by_version	
libgdk-x11.a	gtk	major-alternative	clang-18-18.1.3	O2	gtk-1.2.10-18.1	missing	archive_not_produced_by_version	
libgdk-x11.a	gtk	major-alternative	clang-18-18.1.3	O3	gtk-1.2.10-18.1	missing	archive_not_produced_by_version	
libgdk-x11.a	gtk	major-alternative	clang-18-18.1.3	Os	gtk-1.2.10-18.1	missing	archive_not_produced_by_version	
libgio-2.0.a	glib	current	gcc-11-11.5.0	O0	glib-2.81.0	selected		gcc-11-11.5.0/glib-2.81.0/O0/install/lib/libgio-2.0.a
libgio-2.0.a	glib	current	gcc-11-11.5.0	O2	glib-2.81.0	selected		gcc-11-11.5.0/glib-2.81.0/O2/install/lib/libgio-2.0.a
libgio-2.0.a	glib	current	gcc-11-11.5.0	O3	glib-2.81.0	selected		gcc-11-11.5.0/glib-2.81.0/O3/install/lib/libgio-2.0.a
libgio-2.0.a	glib	current	gcc-11-11.5.0	Os	glib-2.81.0	selected		gcc-11-11.5.0/glib-2.81.0/Os/install/lib/libgio-2.0.a
libgio-2.0.a	glib	current	gcc-13-13.3.0	O0	glib-2.81.0	selected		gcc-13-13.3.0/glib-2.81.0/O0/install/lib/libgio-2.0.a
libgio-2.0.a	glib	current	gcc-13-13.3.0	O2	glib-2.81.0	selected		gcc-13-13.3.0/glib-2.81.0/O2/install/lib/libgio-2.0.a
libgio-2.0.a	glib	current	gcc-13-13.3.0	O3	glib-2.81.0	selected		gcc-13-13.3.0/glib-2.81.0/O3/install/lib/libgio-2.0.a
libgio-2.0.a	glib	current	gcc-13-13.3.0	Os	glib-2.81.0	selected		gcc-13-13.3.0/glib-2.81.0/Os/install/lib/libgio-2.0.a
libgio-2.0.a	glib	current	clang-14-14.0.6	O0	glib-2.81.0	selected		clang-14-14.0.6/glib-2.81.0/O0/install/lib/libgio-2.0.a
libgio-2.0.a	glib	current	clang-14-14.0.6	O2	glib-2.81.0	selected		clang-14-14.0.6/glib-2.81.0/O2/install/lib/libgio-2.0.a
libgio-2.0.a	glib	current	clang-14-14.0.6	O3	glib-2.81.0	selected		clang-14-14.0.6/glib-2.81.0/O3/install/lib/libgio-2.0.a
libgio-2.0.a	glib	current	clang-14-14.0.6	Os	glib-2.81.0	selected		clang-14-14.0.6/glib-2.81.0/Os/install/lib/libgio-2.0.a
libgio-2.0.a	glib	current	clang-18-18.1.3	O0	glib-2.81.0	selected		clang-18-18.1.3/glib-2.81.0/O0/install/lib/libgio-2.0.a
libgio-2.0.a	glib	current	clang-18-18.1.3	O2	glib-2.81.0	selected		clang-18-18.1.3/glib-2.81.0/O2/install/lib/libgio-2.0.a
libgio-2.0.a	glib	current	clang-18-18.1.3	O3	glib-2.81.0	selected		clang-18-18.1.3/glib-2.81.0/O3/install/lib/libgio-2.0.a
libgio-2.0.a	glib	current	clang-18-18.1.3	Os	glib-2.81.0	selected		clang-18-18.1.3/glib-2.81.0/Os/install/lib/libgio-2.0.a
libgio-2.0.a	glib	minor-alternative	gcc-13-13.3.0	O0	glib-2.80.1	selected		gcc-13-13.3.0/glib-2.80.1/O0/install/lib/libgio-2.0.a
libgio-2.0.a	glib	minor-alternative	gcc-13-13.3.0	O2	glib-2.80.1	selected		gcc-13-13.3.0/glib-2.80.1/O2/install/lib/libgio-2.0.a
libgio-2.0.a	glib	minor-alternative	gcc-13-13.3.0	O3	glib-2.80.1	selected		gcc-13-13.3.0/glib-2.80.1/O3/install/lib/libgio-2.0.a
libgio-2.0.a	glib	minor-alternative	gcc-13-13.3.0	Os	glib-2.80.1	selected		gcc-13-13.3.0/glib-2.80.1/Os/install/lib/libgio-2.0.a
libgio-2.0.a	glib	minor-alternative	clang-18-18.1.3	O0	glib-2.80.1	selected		clang-18-18.1.3/glib-2.80.1/O0/install/lib/libgio-2.0.a
libgio-2.0.a	glib	minor-alternative	clang-18-18.1.3	O2	glib-2.80.1	selected		clang-18-18.1.3/glib-2.80.1/O2/install/lib/libgio-2.0.a
libgio-2.0.a	glib	minor-alternative	clang-18-18.1.3	O3	glib-2.80.1	selected		clang-18-18.1.3/glib-2.80.1/O3/install/lib/libgio-2.0.a
libgio-2.0.a	glib	minor-alternative	clang-18-18.1.3	Os	glib-2.80.1	selected		clang-18-18.1.3/glib-2.80.1/Os/install/lib/libgio-2.0.a
libgio-2.0.a	glib	major-alternative	gcc-13-13.3.0	O0	glib-1.2.10-20	missing	archive_not_produced_by_version	
libgio-2.0.a	glib	major-alternative	gcc-13-13.3.0	O2	glib-1.2.10-20	missing	archive_not_produced_by_version	
libgio-2.0.a	glib	major-alternative	gcc-13-13.3.0	O3	glib-1.2.10-20	missing	archive_not_produced_by_version	
libgio-2.0.a	glib	major-alternative	gcc-13-13.3.0	Os	glib-1.2.10-20	missing	archive_not_produced_by_version	
libgio-2.0.a	glib	major-alternative	clang-18-18.1.3	O0	glib-1.2.10-20	missing	archive_not_produced_by_version	
libgio-2.0.a	glib	major-alternative	clang-18-18.1.3	O2	glib-1.2.10-20	missing	archive_not_produced_by_version	
libgio-2.0.a	glib	major-alternative	clang-18-18.1.3	O3	glib-1.2.10-20	missing	archive_not_produced_by_version	
libgio-2.0.a	glib	major-alternative	clang-18-18.1.3	Os	glib-1.2.10-20	missing	archive_not_produced_by_version	
libgirepository-2.0.a	glib	current	gcc-11-11.5.0	O0	glib-2.81.0	selected		gcc-11-11.5.0/glib-2.81.0/O0/install/lib/libgirepository-2.0.a
libgirepository-2.0.a	glib	current	gcc-11-11.5.0	O2	glib-2.81.0	selected		gcc-11-11.5.0/glib-2.81.0/O2/install/lib/libgirepository-2.0.a
libgirepository-2.0.a	glib	current	gcc-11-11.5.0	O3	glib-2.81.0	selected		gcc-11-11.5.0/glib-2.81.0/O3/install/lib/libgirepository-2.0.a
libgirepository-2.0.a	glib	current	gcc-11-11.5.0	Os	glib-2.81.0	selected		gcc-11-11.5.0/glib-2.81.0/Os/install/lib/libgirepository-2.0.a
libgirepository-2.0.a	glib	current	gcc-13-13.3.0	O0	glib-2.81.0	selected		gcc-13-13.3.0/glib-2.81.0/O0/install/lib/libgirepository-2.0.a
libgirepository-2.0.a	glib	current	gcc-13-13.3.0	O2	glib-2.81.0	selected		gcc-13-13.3.0/glib-2.81.0/O2/install/lib/libgirepository-2.0.a
libgirepository-2.0.a	glib	current	gcc-13-13.3.0	O3	glib-2.81.0	selected		gcc-13-13.3.0/glib-2.81.0/O3/install/lib/libgirepository-2.0.a
libgirepository-2.0.a	glib	current	gcc-13-13.3.0	Os	glib-2.81.0	selected		gcc-13-13.3.0/glib-2.81.0/Os/install/lib/libgirepository-2.0.a
libgirepository-2.0.a	glib	current	clang-14-14.0.6	O0	glib-2.81.0	selected		clang-14-14.0.6/glib-2.81.0/O0/install/lib/libgirepository-2.0.a
libgirepository-2.0.a	glib	current	clang-14-14.0.6	O2	glib-2.81.0	selected		clang-14-14.0.6/glib-2.81.0/O2/install/lib/libgirepository-2.0.a
libgirepository-2.0.a	glib	current	clang-14-14.0.6	O3	glib-2.81.0	selected		clang-14-14.0.6/glib-2.81.0/O3/install/lib/libgirepository-2.0.a
libgirepository-2.0.a	glib	current	clang-14-14.0.6	Os	glib-2.81.0	selected		clang-14-14.0.6/glib-2.81.0/Os/install/lib/libgirepository-2.0.a
libgirepository-2.0.a	glib	current	clang-18-18.1.3	O0	glib-2.81.0	selected		clang-18-18.1.3/glib-2.81.0/O0/install/lib/libgirepository-2.0.a
libgirepository-2.0.a	glib	current	clang-18-18.1.3	O2	glib-2.81.0	selected		clang-18-18.1.3/glib-2.81.0/O2/install/lib/libgirepository-2.0.a
libgirepository-2.0.a	glib	current	clang-18-18.1.3	O3	glib-2.81.0	selected		clang-18-18.1.3/glib-2.81.0/O3/install/lib/libgirepository-2.0.a
libgirepository-2.0.a	glib	current	clang-18-18.1.3	Os	glib-2.81.0	selected		clang-18-18.1.3/glib-2.81.0/Os/install/lib/libgirepository-2.0.a
libgirepository-2.0.a	glib	minor-alternative	gcc-13-13.3.0	O0	glib-2.80.1	selected		gcc-13-13.3.0/glib-2.80.1/O0/install/lib/libgirepository-2.0.a
libgirepository-2.0.a	glib	minor-alternative	gcc-13-13.3.0	O2	glib-2.80.1	selected		gcc-13-13.3.0/glib-2.80.1/O2/install/lib/libgirepository-2.0.a
libgirepository-2.0.a	glib	minor-alternative	gcc-13-13.3.0	O3	glib-2.80.1	selected		gcc-13-13.3.0/glib-2.80.1/O3/install/lib/libgirepository-2.0.a
libgirepository-2.0.a	glib	minor-alternative	gcc-13-13.3.0	Os	glib-2.80.1	selected		gcc-13-13.3.0/glib-2.80.1/Os/install/lib/libgirepository-2.0.a
libgirepository-2.0.a	glib	minor-alternative	clang-18-18.1.3	O0	glib-2.80.1	selected		clang-18-18.1.3/glib-2.80.1/O0/install/lib/libgirepository-2.0.a
libgirepository-2.0.a	glib	minor-alternative	clang-18-18.1.3	O2	glib-2.80.1	selected		clang-18-18.1.3/glib-2.80.1/O2/install/lib/libgirepository-2.0.a
libgirepository-2.0.a	glib	minor-alternative	clang-18-18.1.3	O3	glib-2.80.1	selected		clang-18-18.1.3/glib-2.80.1/O3/install/lib/libgirepository-2.0.a
libgirepository-2.0.a	glib	minor-alternative	clang-18-18.1.3	Os	glib-2.80.1	selected		clang-18-18.1.3/glib-2.80.1/Os/install/lib/libgirepository-2.0.a
libgirepository-2.0.a	glib	major-alternative	gcc-13-13.3.0	O0	glib-1.2.10-20	missing	archive_not_produced_by_version	
libgirepository-2.0.a	glib	major-alternative	gcc-13-13.3.0	O2	glib-1.2.10-20	missing	archive_not_produced_by_version	
libgirepository-2.0.a	glib	major-alternative	gcc-13-13.3.0	O3	glib-1.2.10-20	missing	archive_not_produced_by_version	
libgirepository-2.0.a	glib	major-alternative	gcc-13-13.3.0	Os	glib-1.2.10-20	missing	archive_not_produced_by_version	
libgirepository-2.0.a	glib	major-alternative	clang-18-18.1.3	O0	glib-1.2.10-20	missing	archive_not_produced_by_version	
libgirepository-2.0.a	glib	major-alternative	clang-18-18.1.3	O2	glib-1.2.10-20	missing	archive_not_produced_by_version	
libgirepository-2.0.a	glib	major-alternative	clang-18-18.1.3	O3	glib-1.2.10-20	missing	archive_not_produced_by_version	
libgirepository-2.0.a	glib	major-alternative	clang-18-18.1.3	Os	glib-1.2.10-20	missing	archive_not_produced_by_version	
libgirepository-gthash.a	glib	current	gcc-11-11.5.0	O0	glib-2.81.0	selected		gcc-11-11.5.0/glib-2.81.0/O0/install/lib/libgirepository-gthash.a
libgirepository-gthash.a	glib	current	gcc-11-11.5.0	O2	glib-2.81.0	selected		gcc-11-11.5.0/glib-2.81.0/O2/install/lib/libgirepository-gthash.a
libgirepository-gthash.a	glib	current	gcc-11-11.5.0	O3	glib-2.81.0	selected		gcc-11-11.5.0/glib-2.81.0/O3/install/lib/libgirepository-gthash.a
libgirepository-gthash.a	glib	current	gcc-11-11.5.0	Os	glib-2.81.0	selected		gcc-11-11.5.0/glib-2.81.0/Os/install/lib/libgirepository-gthash.a
libgirepository-gthash.a	glib	current	gcc-13-13.3.0	O0	glib-2.81.0	selected		gcc-13-13.3.0/glib-2.81.0/O0/install/lib/libgirepository-gthash.a
libgirepository-gthash.a	glib	current	gcc-13-13.3.0	O2	glib-2.81.0	selected		gcc-13-13.3.0/glib-2.81.0/O2/install/lib/libgirepository-gthash.a
libgirepository-gthash.a	glib	current	gcc-13-13.3.0	O3	glib-2.81.0	selected		gcc-13-13.3.0/glib-2.81.0/O3/install/lib/libgirepository-gthash.a
libgirepository-gthash.a	glib	current	gcc-13-13.3.0	Os	glib-2.81.0	selected		gcc-13-13.3.0/glib-2.81.0/Os/install/lib/libgirepository-gthash.a
libgirepository-gthash.a	glib	current	clang-14-14.0.6	O0	glib-2.81.0	selected		clang-14-14.0.6/glib-2.81.0/O0/install/lib/libgirepository-gthash.a
libgirepository-gthash.a	glib	current	clang-14-14.0.6	O2	glib-2.81.0	selected		clang-14-14.0.6/glib-2.81.0/O2/install/lib/libgirepository-gthash.a
libgirepository-gthash.a	glib	current	clang-14-14.0.6	O3	glib-2.81.0	selected		clang-14-14.0.6/glib-2.81.0/O3/install/lib/libgirepository-gthash.a
libgirepository-gthash.a	glib	current	clang-14-14.0.6	Os	glib-2.81.0	selected		clang-14-14.0.6/glib-2.81.0/Os/install/lib/libgirepository-gthash.a
libgirepository-gthash.a	glib	current	clang-18-18.1.3	O0	glib-2.81.0	selected		clang-18-18.1.3/glib-2.81.0/O0/install/lib/libgirepository-gthash.a
libgirepository-gthash.a	glib	current	clang-18-18.1.3	O2	glib-2.81.0	selected		clang-18-18.1.3/glib-2.81.0/O2/install/lib/libgirepository-gthash.a
libgirepository-gthash.a	glib	current	clang-18-18.1.3	O3	glib-2.81.0	selected		clang-18-18.1.3/glib-2.81.0/O3/install/lib/libgirepository-gthash.a
libgirepository-gthash.a	glib	current	clang-18-18.1.3	Os	glib-2.81.0	selected		clang-18-18.1.3/glib-2.81.0/Os/install/lib/libgirepository-gthash.a
libgirepository-gthash.a	glib	minor-alternative	gcc-13-13.3.0	O0	glib-2.80.1	selected		gcc-13-13.3.0/glib-2.80.1/O0/install/lib/libgirepository-gthash.a
libgirepository-gthash.a	glib	minor-alternative	gcc-13-13.3.0	O2	glib-2.80.1	selected		gcc-13-13.3.0/glib-2.80.1/O2/install/lib/libgirepository-gthash.a
libgirepository-gthash.a	glib	minor-alternative	gcc-13-13.3.0	O3	glib-2.80.1	selected		gcc-13-13.3.0/glib-2.80.1/O3/install/lib/libgirepository-gthash.a
libgirepository-gthash.a	glib	minor-alternative	gcc-13-13.3.0	Os	glib-2.80.1	selected		gcc-13-13.3.0/glib-2.80.1/Os/install/lib/libgirepository-gthash.a
libgirepository-gthash.a	glib	minor-alternative	clang-18-18.1.3	O0	glib-2.80.1	selected		clang-18-18.1.3/glib-2.80.1/O0/install/lib/libgirepository-gthash.a
libgirepository-gthash.a	glib	minor-alternative	clang-18-18.1.3	O2	glib-2.80.1	selected		clang-18-18.1.3/glib-2.80.1/O2/install/lib/libgirepository-gthash.a
libgirepository-gthash.a	glib	minor-alternative	clang-18-18.1.3	O3	glib-2.80.1	selected		clang-18-18.1.3/glib-2.80.1/O3/install/lib/libgirepository-gthash.a
libgirepository-gthash.a	glib	minor-alternative	clang-18-18.1.3	Os	glib-2.80.1	selected		clang-18-18.1.3/glib-2.80.1/Os/install/lib/libgirepository-gthash.a
libgirepository-gthash.a	glib	major-alternative	gcc-13-13.3.0	O0	glib-1.2.10-20	missing	archive_not_produced_by_version	
libgirepository-gthash.a	glib	major-alternative	gcc-13-13.3.0	O2	glib-1.2.10-20	missing	archive_not_produced_by_version	
libgirepository-gthash.a	glib	major-alternative	gcc-13-13.3.0	O3	glib-1.2.10-20	missing	archive_not_produced_by_version	
libgirepository-gthash.a	glib	major-alternative	gcc-13-13.3.0	Os	glib-1.2.10-20	missing	archive_not_produced_by_version	
libgirepository-gthash.a	glib	major-alternative	clang-18-18.1.3	O0	glib-1.2.10-20	missing	archive_not_produced_by_version	
libgirepository-gthash.a	glib	major-alternative	clang-18-18.1.3	O2	glib-1.2.10-20	missing	archive_not_produced_by_version	
libgirepository-gthash.a	glib	major-alternative	clang-18-18.1.3	O3	glib-1.2.10-20	missing	archive_not_produced_by_version	
libgirepository-gthash.a	glib	major-alternative	clang-18-18.1.3	Os	glib-1.2.10-20	missing	archive_not_produced_by_version	
libgirepository-internals.a	glib	current	gcc-11-11.5.0	O0	glib-2.81.0	selected		gcc-11-11.5.0/glib-2.81.0/O0/install/lib/libgirepository-internals.a
libgirepository-internals.a	glib	current	gcc-11-11.5.0	O2	glib-2.81.0	selected		gcc-11-11.5.0/glib-2.81.0/O2/install/lib/libgirepository-internals.a
libgirepository-internals.a	glib	current	gcc-11-11.5.0	O3	glib-2.81.0	selected		gcc-11-11.5.0/glib-2.81.0/O3/install/lib/libgirepository-internals.a
libgirepository-internals.a	glib	current	gcc-11-11.5.0	Os	glib-2.81.0	selected		gcc-11-11.5.0/glib-2.81.0/Os/install/lib/libgirepository-internals.a
libgirepository-internals.a	glib	current	gcc-13-13.3.0	O0	glib-2.81.0	selected		gcc-13-13.3.0/glib-2.81.0/O0/install/lib/libgirepository-internals.a
libgirepository-internals.a	glib	current	gcc-13-13.3.0	O2	glib-2.81.0	selected		gcc-13-13.3.0/glib-2.81.0/O2/install/lib/libgirepository-internals.a
libgirepository-internals.a	glib	current	gcc-13-13.3.0	O3	glib-2.81.0	selected		gcc-13-13.3.0/glib-2.81.0/O3/install/lib/libgirepository-internals.a
libgirepository-internals.a	glib	current	gcc-13-13.3.0	Os	glib-2.81.0	selected		gcc-13-13.3.0/glib-2.81.0/Os/install/lib/libgirepository-internals.a
libgirepository-internals.a	glib	current	clang-14-14.0.6	O0	glib-2.81.0	selected		clang-14-14.0.6/glib-2.81.0/O0/install/lib/libgirepository-internals.a
libgirepository-internals.a	glib	current	clang-14-14.0.6	O2	glib-2.81.0	selected		clang-14-14.0.6/glib-2.81.0/O2/install/lib/libgirepository-internals.a
libgirepository-internals.a	glib	current	clang-14-14.0.6	O3	glib-2.81.0	selected		clang-14-14.0.6/glib-2.81.0/O3/install/lib/libgirepository-internals.a
libgirepository-internals.a	glib	current	clang-14-14.0.6	Os	glib-2.81.0	selected		clang-14-14.0.6/glib-2.81.0/Os/install/lib/libgirepository-internals.a
libgirepository-internals.a	glib	current	clang-18-18.1.3	O0	glib-2.81.0	selected		clang-18-18.1.3/glib-2.81.0/O0/install/lib/libgirepository-internals.a
libgirepository-internals.a	glib	current	clang-18-18.1.3	O2	glib-2.81.0	selected		clang-18-18.1.3/glib-2.81.0/O2/install/lib/libgirepository-internals.a
libgirepository-internals.a	glib	current	clang-18-18.1.3	O3	glib-2.81.0	selected		clang-18-18.1.3/glib-2.81.0/O3/install/lib/libgirepository-internals.a
libgirepository-internals.a	glib	current	clang-18-18.1.3	Os	glib-2.81.0	selected		clang-18-18.1.3/glib-2.81.0/Os/install/lib/libgirepository-internals.a
libgirepository-internals.a	glib	minor-alternative	gcc-13-13.3.0	O0	glib-2.80.1	selected		gcc-13-13.3.0/glib-2.80.1/O0/install/lib/libgirepository-internals.a
libgirepository-internals.a	glib	minor-alternative	gcc-13-13.3.0	O2	glib-2.80.1	selected		gcc-13-13.3.0/glib-2.80.1/O2/install/lib/libgirepository-internals.a
libgirepository-internals.a	glib	minor-alternative	gcc-13-13.3.0	O3	glib-2.80.1	selected		gcc-13-13.3.0/glib-2.80.1/O3/install/lib/libgirepository-internals.a
libgirepository-internals.a	glib	minor-alternative	gcc-13-13.3.0	Os	glib-2.80.1	selected		gcc-13-13.3.0/glib-2.80.1/Os/install/lib/libgirepository-internals.a
libgirepository-internals.a	glib	minor-alternative	clang-18-18.1.3	O0	glib-2.80.1	selected		clang-18-18.1.3/glib-2.80.1/O0/install/lib/libgirepository-internals.a
libgirepository-internals.a	glib	minor-alternative	clang-18-18.1.3	O2	glib-2.80.1	selected		clang-18-18.1.3/glib-2.80.1/O2/install/lib/libgirepository-internals.a
libgirepository-internals.a	glib	minor-alternative	clang-18-18.1.3	O3	glib-2.80.1	selected		clang-18-18.1.3/glib-2.80.1/O3/install/lib/libgirepository-internals.a
libgirepository-internals.a	glib	minor-alternative	clang-18-18.1.3	Os	glib-2.80.1	selected		clang-18-18.1.3/glib-2.80.1/Os/install/lib/libgirepository-internals.a
libgirepository-internals.a	glib	major-alternative	gcc-13-13.3.0	O0	glib-1.2.10-20	missing	archive_not_produced_by_version	
libgirepository-internals.a	glib	major-alternative	gcc-13-13.3.0	O2	glib-1.2.10-20	missing	archive_not_produced_by_version	
libgirepository-internals.a	glib	major-alternative	gcc-13-13.3.0	O3	glib-1.2.10-20	missing	archive_not_produced_by_version	
libgirepository-internals.a	glib	major-alternative	gcc-13-13.3.0	Os	glib-1.2.10-20	missing	archive_not_produced_by_version	
libgirepository-internals.a	glib	major-alternative	clang-18-18.1.3	O0	glib-1.2.10-20	missing	archive_not_produced_by_version	
libgirepository-internals.a	glib	major-alternative	clang-18-18.1.3	O2	glib-1.2.10-20	missing	archive_not_produced_by_version	
libgirepository-internals.a	glib	major-alternative	clang-18-18.1.3	O3	glib-1.2.10-20	missing	archive_not_produced_by_version	
libgirepository-internals.a	glib	major-alternative	clang-18-18.1.3	Os	glib-1.2.10-20	missing	archive_not_produced_by_version	
libglib-2.0.a	glib	current	gcc-11-11.5.0	O0	glib-2.81.0	selected		gcc-11-11.5.0/glib-2.81.0/O0/install/lib/libglib-2.0.a
libglib-2.0.a	glib	current	gcc-11-11.5.0	O2	glib-2.81.0	selected		gcc-11-11.5.0/glib-2.81.0/O2/install/lib/libglib-2.0.a
libglib-2.0.a	glib	current	gcc-11-11.5.0	O3	glib-2.81.0	selected		gcc-11-11.5.0/glib-2.81.0/O3/install/lib/libglib-2.0.a
libglib-2.0.a	glib	current	gcc-11-11.5.0	Os	glib-2.81.0	selected		gcc-11-11.5.0/glib-2.81.0/Os/install/lib/libglib-2.0.a
libglib-2.0.a	glib	current	gcc-13-13.3.0	O0	glib-2.81.0	selected		gcc-13-13.3.0/glib-2.81.0/O0/install/lib/libglib-2.0.a
libglib-2.0.a	glib	current	gcc-13-13.3.0	O2	glib-2.81.0	selected		gcc-13-13.3.0/glib-2.81.0/O2/install/lib/libglib-2.0.a
libglib-2.0.a	glib	current	gcc-13-13.3.0	O3	glib-2.81.0	selected		gcc-13-13.3.0/glib-2.81.0/O3/install/lib/libglib-2.0.a
libglib-2.0.a	glib	current	gcc-13-13.3.0	Os	glib-2.81.0	selected		gcc-13-13.3.0/glib-2.81.0/Os/install/lib/libglib-2.0.a
libglib-2.0.a	glib	current	clang-14-14.0.6	O0	glib-2.81.0	selected		clang-14-14.0.6/glib-2.81.0/O0/install/lib/libglib-2.0.a
libglib-2.0.a	glib	current	clang-14-14.0.6	O2	glib-2.81.0	selected		clang-14-14.0.6/glib-2.81.0/O2/install/lib/libglib-2.0.a
libglib-2.0.a	glib	current	clang-14-14.0.6	O3	glib-2.81.0	selected		clang-14-14.0.6/glib-2.81.0/O3/install/lib/libglib-2.0.a
libglib-2.0.a	glib	current	clang-14-14.0.6	Os	glib-2.81.0	selected		clang-14-14.0.6/glib-2.81.0/Os/install/lib/libglib-2.0.a
libglib-2.0.a	glib	current	clang-18-18.1.3	O0	glib-2.81.0	selected		clang-18-18.1.3/glib-2.81.0/O0/install/lib/libglib-2.0.a
libglib-2.0.a	glib	current	clang-18-18.1.3	O2	glib-2.81.0	selected		clang-18-18.1.3/glib-2.81.0/O2/install/lib/libglib-2.0.a
libglib-2.0.a	glib	current	clang-18-18.1.3	O3	glib-2.81.0	selected		clang-18-18.1.3/glib-2.81.0/O3/install/lib/libglib-2.0.a
libglib-2.0.a	glib	current	clang-18-18.1.3	Os	glib-2.81.0	selected		clang-18-18.1.3/glib-2.81.0/Os/install/lib/libglib-2.0.a
libglib-2.0.a	glib	minor-alternative	gcc-13-13.3.0	O0	glib-2.80.1	selected		gcc-13-13.3.0/glib-2.80.1/O0/install/lib/libglib-2.0.a
libglib-2.0.a	glib	minor-alternative	gcc-13-13.3.0	O2	glib-2.80.1	selected		gcc-13-13.3.0/glib-2.80.1/O2/install/lib/libglib-2.0.a
libglib-2.0.a	glib	minor-alternative	gcc-13-13.3.0	O3	glib-2.80.1	selected		gcc-13-13.3.0/glib-2.80.1/O3/install/lib/libglib-2.0.a
libglib-2.0.a	glib	minor-alternative	gcc-13-13.3.0	Os	glib-2.80.1	selected		gcc-13-13.3.0/glib-2.80.1/Os/install/lib/libglib-2.0.a
libglib-2.0.a	glib	minor-alternative	clang-18-18.1.3	O0	glib-2.80.1	selected		clang-18-18.1.3/glib-2.80.1/O0/install/lib/libglib-2.0.a
libglib-2.0.a	glib	minor-alternative	clang-18-18.1.3	O2	glib-2.80.1	selected		clang-18-18.1.3/glib-2.80.1/O2/install/lib/libglib-2.0.a
libglib-2.0.a	glib	minor-alternative	clang-18-18.1.3	O3	glib-2.80.1	selected		clang-18-18.1.3/glib-2.80.1/O3/install/lib/libglib-2.0.a
libglib-2.0.a	glib	minor-alternative	clang-18-18.1.3	Os	glib-2.80.1	selected		clang-18-18.1.3/glib-2.80.1/Os/install/lib/libglib-2.0.a
libglib-2.0.a	glib	major-alternative	gcc-13-13.3.0	O0	glib-1.2.10-20	missing	archive_not_produced_by_version	
libglib-2.0.a	glib	major-alternative	gcc-13-13.3.0	O2	glib-1.2.10-20	missing	archive_not_produced_by_version	
libglib-2.0.a	glib	major-alternative	gcc-13-13.3.0	O3	glib-1.2.10-20	missing	archive_not_produced_by_version	
libglib-2.0.a	glib	major-alternative	gcc-13-13.3.0	Os	glib-1.2.10-20	missing	archive_not_produced_by_version	
libglib-2.0.a	glib	major-alternative	clang-18-18.1.3	O0	glib-1.2.10-20	missing	archive_not_produced_by_version	
libglib-2.0.a	glib	major-alternative	clang-18-18.1.3	O2	glib-1.2.10-20	missing	archive_not_produced_by_version	
libglib-2.0.a	glib	major-alternative	clang-18-18.1.3	O3	glib-1.2.10-20	missing	archive_not_produced_by_version	
libglib-2.0.a	glib	major-alternative	clang-18-18.1.3	Os	glib-1.2.10-20	missing	archive_not_produced_by_version	
libgmodule-2.0.a	glib	current	gcc-11-11.5.0	O0	glib-2.81.0	selected		gcc-11-11.5.0/glib-2.81.0/O0/install/lib/libgmodule-2.0.a
libgmodule-2.0.a	glib	current	gcc-11-11.5.0	O2	glib-2.81.0	selected		gcc-11-11.5.0/glib-2.81.0/O2/install/lib/libgmodule-2.0.a
libgmodule-2.0.a	glib	current	gcc-11-11.5.0	O3	glib-2.81.0	selected		gcc-11-11.5.0/glib-2.81.0/O3/install/lib/libgmodule-2.0.a
libgmodule-2.0.a	glib	current	gcc-11-11.5.0	Os	glib-2.81.0	selected		gcc-11-11.5.0/glib-2.81.0/Os/install/lib/libgmodule-2.0.a
libgmodule-2.0.a	glib	current	gcc-13-13.3.0	O0	glib-2.81.0	selected		gcc-13-13.3.0/glib-2.81.0/O0/install/lib/libgmodule-2.0.a
libgmodule-2.0.a	glib	current	gcc-13-13.3.0	O2	glib-2.81.0	selected		gcc-13-13.3.0/glib-2.81.0/O2/install/lib/libgmodule-2.0.a
libgmodule-2.0.a	glib	current	gcc-13-13.3.0	O3	glib-2.81.0	selected		gcc-13-13.3.0/glib-2.81.0/O3/install/lib/libgmodule-2.0.a
libgmodule-2.0.a	glib	current	gcc-13-13.3.0	Os	glib-2.81.0	selected		gcc-13-13.3.0/glib-2.81.0/Os/install/lib/libgmodule-2.0.a
libgmodule-2.0.a	glib	current	clang-14-14.0.6	O0	glib-2.81.0	selected		clang-14-14.0.6/glib-2.81.0/O0/install/lib/libgmodule-2.0.a
libgmodule-2.0.a	glib	current	clang-14-14.0.6	O2	glib-2.81.0	selected		clang-14-14.0.6/glib-2.81.0/O2/install/lib/libgmodule-2.0.a
libgmodule-2.0.a	glib	current	clang-14-14.0.6	O3	glib-2.81.0	selected		clang-14-14.0.6/glib-2.81.0/O3/install/lib/libgmodule-2.0.a
libgmodule-2.0.a	glib	current	clang-14-14.0.6	Os	glib-2.81.0	selected		clang-14-14.0.6/glib-2.81.0/Os/install/lib/libgmodule-2.0.a
libgmodule-2.0.a	glib	current	clang-18-18.1.3	O0	glib-2.81.0	selected		clang-18-18.1.3/glib-2.81.0/O0/install/lib/libgmodule-2.0.a
libgmodule-2.0.a	glib	current	clang-18-18.1.3	O2	glib-2.81.0	selected		clang-18-18.1.3/glib-2.81.0/O2/install/lib/libgmodule-2.0.a
libgmodule-2.0.a	glib	current	clang-18-18.1.3	O3	glib-2.81.0	selected		clang-18-18.1.3/glib-2.81.0/O3/install/lib/libgmodule-2.0.a
libgmodule-2.0.a	glib	current	clang-18-18.1.3	Os	glib-2.81.0	selected		clang-18-18.1.3/glib-2.81.0/Os/install/lib/libgmodule-2.0.a
libgmodule-2.0.a	glib	minor-alternative	gcc-13-13.3.0	O0	glib-2.80.1	selected		gcc-13-13.3.0/glib-2.80.1/O0/install/lib/libgmodule-2.0.a
libgmodule-2.0.a	glib	minor-alternative	gcc-13-13.3.0	O2	glib-2.80.1	selected		gcc-13-13.3.0/glib-2.80.1/O2/install/lib/libgmodule-2.0.a
libgmodule-2.0.a	glib	minor-alternative	gcc-13-13.3.0	O3	glib-2.80.1	selected		gcc-13-13.3.0/glib-2.80.1/O3/install/lib/libgmodule-2.0.a
libgmodule-2.0.a	glib	minor-alternative	gcc-13-13.3.0	Os	glib-2.80.1	selected		gcc-13-13.3.0/glib-2.80.1/Os/install/lib/libgmodule-2.0.a
libgmodule-2.0.a	glib	minor-alternative	clang-18-18.1.3	O0	glib-2.80.1	selected		clang-18-18.1.3/glib-2.80.1/O0/install/lib/libgmodule-2.0.a
libgmodule-2.0.a	glib	minor-alternative	clang-18-18.1.3	O2	glib-2.80.1	selected		clang-18-18.1.3/glib-2.80.1/O2/install/lib/libgmodule-2.0.a
libgmodule-2.0.a	glib	minor-alternative	clang-18-18.1.3	O3	glib-2.80.1	selected		clang-18-18.1.3/glib-2.80.1/O3/install/lib/libgmodule-2.0.a
libgmodule-2.0.a	glib	minor-alternative	clang-18-18.1.3	Os	glib-2.80.1	selected		clang-18-18.1.3/glib-2.80.1/Os/install/lib/libgmodule-2.0.a
libgmodule-2.0.a	glib	major-alternative	gcc-13-13.3.0	O0	glib-1.2.10-20	missing	archive_not_produced_by_version	
libgmodule-2.0.a	glib	major-alternative	gcc-13-13.3.0	O2	glib-1.2.10-20	missing	archive_not_produced_by_version	
libgmodule-2.0.a	glib	major-alternative	gcc-13-13.3.0	O3	glib-1.2.10-20	missing	archive_not_produced_by_version	
libgmodule-2.0.a	glib	major-alternative	gcc-13-13.3.0	Os	glib-1.2.10-20	missing	archive_not_produced_by_version	
libgmodule-2.0.a	glib	major-alternative	clang-18-18.1.3	O0	glib-1.2.10-20	missing	archive_not_produced_by_version	
libgmodule-2.0.a	glib	major-alternative	clang-18-18.1.3	O2	glib-1.2.10-20	missing	archive_not_produced_by_version	
libgmodule-2.0.a	glib	major-alternative	clang-18-18.1.3	O3	glib-1.2.10-20	missing	archive_not_produced_by_version	
libgmodule-2.0.a	glib	major-alternative	clang-18-18.1.3	Os	glib-1.2.10-20	missing	archive_not_produced_by_version	
libgmp.a	gmp	current	gcc-11-11.5.0	O0	gmp-6.3.0|gmp-6.3	selected		gcc-11-11.5.0/gmp-6.3.0/O0/install/lib/libgmp.a
libgmp.a	gmp	current	gcc-11-11.5.0	O2	gmp-6.3.0|gmp-6.3	selected		gcc-11-11.5.0/gmp-6.3.0/O2/install/lib/libgmp.a
libgmp.a	gmp	current	gcc-11-11.5.0	O3	gmp-6.3.0|gmp-6.3	selected		gcc-11-11.5.0/gmp-6.3.0/O3/install/lib/libgmp.a
libgmp.a	gmp	current	gcc-11-11.5.0	Os	gmp-6.3.0|gmp-6.3	selected		gcc-11-11.5.0/gmp-6.3.0/Os/install/lib/libgmp.a
libgmp.a	gmp	current	gcc-13-13.3.0	O0	gmp-6.3.0|gmp-6.3	selected		gcc-13-13.3.0/gmp-6.3.0/O0/install/lib/libgmp.a
libgmp.a	gmp	current	gcc-13-13.3.0	O2	gmp-6.3.0|gmp-6.3	selected		gcc-13-13.3.0/gmp-6.3.0/O2/install/lib/libgmp.a
libgmp.a	gmp	current	gcc-13-13.3.0	O3	gmp-6.3.0|gmp-6.3	selected		gcc-13-13.3.0/gmp-6.3.0/O3/install/lib/libgmp.a
libgmp.a	gmp	current	gcc-13-13.3.0	Os	gmp-6.3.0|gmp-6.3	selected		gcc-13-13.3.0/gmp-6.3.0/Os/install/lib/libgmp.a
libgmp.a	gmp	current	clang-14-14.0.6	O0	gmp-6.3.0|gmp-6.3	selected		clang-14-14.0.6/gmp-6.3.0/O0/install/lib/libgmp.a
libgmp.a	gmp	current	clang-14-14.0.6	O2	gmp-6.3.0|gmp-6.3	selected		clang-14-14.0.6/gmp-6.3.0/O2/install/lib/libgmp.a
libgmp.a	gmp	current	clang-14-14.0.6	O3	gmp-6.3.0|gmp-6.3	selected		clang-14-14.0.6/gmp-6.3.0/O3/install/lib/libgmp.a
libgmp.a	gmp	current	clang-14-14.0.6	Os	gmp-6.3.0|gmp-6.3	selected		clang-14-14.0.6/gmp-6.3.0/Os/install/lib/libgmp.a
libgmp.a	gmp	current	clang-18-18.1.3	O0	gmp-6.3.0|gmp-6.3	selected		clang-18-18.1.3/gmp-6.3.0/O0/install/lib/libgmp.a
libgmp.a	gmp	current	clang-18-18.1.3	O2	gmp-6.3.0|gmp-6.3	selected		clang-18-18.1.3/gmp-6.3.0/O2/install/lib/libgmp.a
libgmp.a	gmp	current	clang-18-18.1.3	O3	gmp-6.3.0|gmp-6.3	selected		clang-18-18.1.3/gmp-6.3.0/O3/install/lib/libgmp.a
libgmp.a	gmp	current	clang-18-18.1.3	Os	gmp-6.3.0|gmp-6.3	selected		clang-18-18.1.3/gmp-6.3.0/Os/install/lib/libgmp.a
libgmp.a	gmp	minor-alternative	gcc-13-13.3.0	O0	gmp-6.2	selected		gcc-13-13.3.0/gmp-6.2/O0/install/lib/libgmp.a
libgmp.a	gmp	minor-alternative	gcc-13-13.3.0	O2	gmp-6.2	selected		gcc-13-13.3.0/gmp-6.2/O2/install/lib/libgmp.a
libgmp.a	gmp	minor-alternative	gcc-13-13.3.0	O3	gmp-6.2	selected		gcc-13-13.3.0/gmp-6.2/O3/install/lib/libgmp.a
libgmp.a	gmp	minor-alternative	gcc-13-13.3.0	Os	gmp-6.2	selected		gcc-13-13.3.0/gmp-6.2/Os/install/lib/libgmp.a
libgmp.a	gmp	minor-alternative	clang-18-18.1.3	O0	gmp-6.2	selected		clang-18-18.1.3/gmp-6.2/O0/install/lib/libgmp.a
libgmp.a	gmp	minor-alternative	clang-18-18.1.3	O2	gmp-6.2	selected		clang-18-18.1.3/gmp-6.2/O2/install/lib/libgmp.a
libgmp.a	gmp	minor-alternative	clang-18-18.1.3	O3	gmp-6.2	selected		clang-18-18.1.3/gmp-6.2/O3/install/lib/libgmp.a
libgmp.a	gmp	minor-alternative	clang-18-18.1.3	Os	gmp-6.2	selected		clang-18-18.1.3/gmp-6.2/Os/install/lib/libgmp.a
libgmp.a	gmp	major-alternative	gcc-13-13.3.0	O0	gmp-5.1	selected		gcc-13-13.3.0/gmp-5.1/O0/install/lib/libgmp.a
libgmp.a	gmp	major-alternative	gcc-13-13.3.0	O2	gmp-5.1	selected		gcc-13-13.3.0/gmp-5.1/O2/install/lib/libgmp.a
libgmp.a	gmp	major-alternative	gcc-13-13.3.0	O3	gmp-5.1	selected		gcc-13-13.3.0/gmp-5.1/O3/install/lib/libgmp.a
libgmp.a	gmp	major-alternative	gcc-13-13.3.0	Os	gmp-5.1	selected		gcc-13-13.3.0/gmp-5.1/Os/install/lib/libgmp.a
libgmp.a	gmp	major-alternative	clang-18-18.1.3	O0	gmp-5.1	selected		clang-18-18.1.3/gmp-5.1/O0/install/lib/libgmp.a
libgmp.a	gmp	major-alternative	clang-18-18.1.3	O2	gmp-5.1	selected		clang-18-18.1.3/gmp-5.1/O2/install/lib/libgmp.a
libgmp.a	gmp	major-alternative	clang-18-18.1.3	O3	gmp-5.1	selected		clang-18-18.1.3/gmp-5.1/O3/install/lib/libgmp.a
libgmp.a	gmp	major-alternative	clang-18-18.1.3	Os	gmp-5.1	selected		clang-18-18.1.3/gmp-5.1/Os/install/lib/libgmp.a
libgobject-2.0.a	glib	current	gcc-11-11.5.0	O0	glib-2.81.0	selected		gcc-11-11.5.0/glib-2.81.0/O0/install/lib/libgobject-2.0.a
libgobject-2.0.a	glib	current	gcc-11-11.5.0	O2	glib-2.81.0	selected		gcc-11-11.5.0/glib-2.81.0/O2/install/lib/libgobject-2.0.a
libgobject-2.0.a	glib	current	gcc-11-11.5.0	O3	glib-2.81.0	selected		gcc-11-11.5.0/glib-2.81.0/O3/install/lib/libgobject-2.0.a
libgobject-2.0.a	glib	current	gcc-11-11.5.0	Os	glib-2.81.0	selected		gcc-11-11.5.0/glib-2.81.0/Os/install/lib/libgobject-2.0.a
libgobject-2.0.a	glib	current	gcc-13-13.3.0	O0	glib-2.81.0	selected		gcc-13-13.3.0/glib-2.81.0/O0/install/lib/libgobject-2.0.a
libgobject-2.0.a	glib	current	gcc-13-13.3.0	O2	glib-2.81.0	selected		gcc-13-13.3.0/glib-2.81.0/O2/install/lib/libgobject-2.0.a
libgobject-2.0.a	glib	current	gcc-13-13.3.0	O3	glib-2.81.0	selected		gcc-13-13.3.0/glib-2.81.0/O3/install/lib/libgobject-2.0.a
libgobject-2.0.a	glib	current	gcc-13-13.3.0	Os	glib-2.81.0	selected		gcc-13-13.3.0/glib-2.81.0/Os/install/lib/libgobject-2.0.a
libgobject-2.0.a	glib	current	clang-14-14.0.6	O0	glib-2.81.0	selected		clang-14-14.0.6/glib-2.81.0/O0/install/lib/libgobject-2.0.a
libgobject-2.0.a	glib	current	clang-14-14.0.6	O2	glib-2.81.0	selected		clang-14-14.0.6/glib-2.81.0/O2/install/lib/libgobject-2.0.a
libgobject-2.0.a	glib	current	clang-14-14.0.6	O3	glib-2.81.0	selected		clang-14-14.0.6/glib-2.81.0/O3/install/lib/libgobject-2.0.a
libgobject-2.0.a	glib	current	clang-14-14.0.6	Os	glib-2.81.0	selected		clang-14-14.0.6/glib-2.81.0/Os/install/lib/libgobject-2.0.a
libgobject-2.0.a	glib	current	clang-18-18.1.3	O0	glib-2.81.0	selected		clang-18-18.1.3/glib-2.81.0/O0/install/lib/libgobject-2.0.a
libgobject-2.0.a	glib	current	clang-18-18.1.3	O2	glib-2.81.0	selected		clang-18-18.1.3/glib-2.81.0/O2/install/lib/libgobject-2.0.a
libgobject-2.0.a	glib	current	clang-18-18.1.3	O3	glib-2.81.0	selected		clang-18-18.1.3/glib-2.81.0/O3/install/lib/libgobject-2.0.a
libgobject-2.0.a	glib	current	clang-18-18.1.3	Os	glib-2.81.0	selected		clang-18-18.1.3/glib-2.81.0/Os/install/lib/libgobject-2.0.a
libgobject-2.0.a	glib	minor-alternative	gcc-13-13.3.0	O0	glib-2.80.1	selected		gcc-13-13.3.0/glib-2.80.1/O0/install/lib/libgobject-2.0.a
libgobject-2.0.a	glib	minor-alternative	gcc-13-13.3.0	O2	glib-2.80.1	selected		gcc-13-13.3.0/glib-2.80.1/O2/install/lib/libgobject-2.0.a
libgobject-2.0.a	glib	minor-alternative	gcc-13-13.3.0	O3	glib-2.80.1	selected		gcc-13-13.3.0/glib-2.80.1/O3/install/lib/libgobject-2.0.a
libgobject-2.0.a	glib	minor-alternative	gcc-13-13.3.0	Os	glib-2.80.1	selected		gcc-13-13.3.0/glib-2.80.1/Os/install/lib/libgobject-2.0.a
libgobject-2.0.a	glib	minor-alternative	clang-18-18.1.3	O0	glib-2.80.1	selected		clang-18-18.1.3/glib-2.80.1/O0/install/lib/libgobject-2.0.a
libgobject-2.0.a	glib	minor-alternative	clang-18-18.1.3	O2	glib-2.80.1	selected		clang-18-18.1.3/glib-2.80.1/O2/install/lib/libgobject-2.0.a
libgobject-2.0.a	glib	minor-alternative	clang-18-18.1.3	O3	glib-2.80.1	selected		clang-18-18.1.3/glib-2.80.1/O3/install/lib/libgobject-2.0.a
libgobject-2.0.a	glib	minor-alternative	clang-18-18.1.3	Os	glib-2.80.1	selected		clang-18-18.1.3/glib-2.80.1/Os/install/lib/libgobject-2.0.a
libgobject-2.0.a	glib	major-alternative	gcc-13-13.3.0	O0	glib-1.2.10-20	missing	archive_not_produced_by_version	
libgobject-2.0.a	glib	major-alternative	gcc-13-13.3.0	O2	glib-1.2.10-20	missing	archive_not_produced_by_version	
libgobject-2.0.a	glib	major-alternative	gcc-13-13.3.0	O3	glib-1.2.10-20	missing	archive_not_produced_by_version	
libgobject-2.0.a	glib	major-alternative	gcc-13-13.3.0	Os	glib-1.2.10-20	missing	archive_not_produced_by_version	
libgobject-2.0.a	glib	major-alternative	clang-18-18.1.3	O0	glib-1.2.10-20	missing	archive_not_produced_by_version	
libgobject-2.0.a	glib	major-alternative	clang-18-18.1.3	O2	glib-1.2.10-20	missing	archive_not_produced_by_version	
libgobject-2.0.a	glib	major-alternative	clang-18-18.1.3	O3	glib-1.2.10-20	missing	archive_not_produced_by_version	
libgobject-2.0.a	glib	major-alternative	clang-18-18.1.3	Os	glib-1.2.10-20	missing	archive_not_produced_by_version	
libgpm.a	gpm	current	gcc-11-11.5.0	O0	gpm-1.20.7-11	selected		gcc-11-11.5.0/gpm-1.20.7-11/O0/install/lib/libgpm.a
libgpm.a	gpm	current	gcc-11-11.5.0	O2	gpm-1.20.7-11	selected		gcc-11-11.5.0/gpm-1.20.7-11/O2/install/lib/libgpm.a
libgpm.a	gpm	current	gcc-11-11.5.0	O3	gpm-1.20.7-11	selected		gcc-11-11.5.0/gpm-1.20.7-11/O3/install/lib/libgpm.a
libgpm.a	gpm	current	gcc-11-11.5.0	Os	gpm-1.20.7-11	selected		gcc-11-11.5.0/gpm-1.20.7-11/Os/install/lib/libgpm.a
libgpm.a	gpm	current	gcc-13-13.3.0	O0	gpm-1.20.7-11	selected		gcc-13-13.3.0/gpm-1.20.7-11/O0/install/lib/libgpm.a
libgpm.a	gpm	current	gcc-13-13.3.0	O2	gpm-1.20.7-11	selected		gcc-13-13.3.0/gpm-1.20.7-11/O2/install/lib/libgpm.a
libgpm.a	gpm	current	gcc-13-13.3.0	O3	gpm-1.20.7-11	selected		gcc-13-13.3.0/gpm-1.20.7-11/O3/install/lib/libgpm.a
libgpm.a	gpm	current	gcc-13-13.3.0	Os	gpm-1.20.7-11	selected		gcc-13-13.3.0/gpm-1.20.7-11/Os/install/lib/libgpm.a
libgpm.a	gpm	current	clang-14-14.0.6	O0	gpm-1.20.7-11	selected		clang-14-14.0.6/gpm-1.20.7-11/O0/install/lib/libgpm.a
libgpm.a	gpm	current	clang-14-14.0.6	O2	gpm-1.20.7-11	selected		clang-14-14.0.6/gpm-1.20.7-11/O2/install/lib/libgpm.a
libgpm.a	gpm	current	clang-14-14.0.6	O3	gpm-1.20.7-11	selected		clang-14-14.0.6/gpm-1.20.7-11/O3/install/lib/libgpm.a
libgpm.a	gpm	current	clang-14-14.0.6	Os	gpm-1.20.7-11	selected		clang-14-14.0.6/gpm-1.20.7-11/Os/install/lib/libgpm.a
libgpm.a	gpm	current	clang-18-18.1.3	O0	gpm-1.20.7-11	selected		clang-18-18.1.3/gpm-1.20.7-11/O0/install/lib/libgpm.a
libgpm.a	gpm	current	clang-18-18.1.3	O2	gpm-1.20.7-11	selected		clang-18-18.1.3/gpm-1.20.7-11/O2/install/lib/libgpm.a
libgpm.a	gpm	current	clang-18-18.1.3	O3	gpm-1.20.7-11	selected		clang-18-18.1.3/gpm-1.20.7-11/O3/install/lib/libgpm.a
libgpm.a	gpm	current	clang-18-18.1.3	Os	gpm-1.20.7-11	selected		clang-18-18.1.3/gpm-1.20.7-11/Os/install/lib/libgpm.a
libgpm.a	gpm	minor-alternative	gcc-13-13.3.0	O0	gpm-1.20.7-10	selected		gcc-13-13.3.0/gpm-1.20.7-10/O0/install/lib/libgpm.a
libgpm.a	gpm	minor-alternative	gcc-13-13.3.0	O2	gpm-1.20.7-10	selected		gcc-13-13.3.0/gpm-1.20.7-10/O2/install/lib/libgpm.a
libgpm.a	gpm	minor-alternative	gcc-13-13.3.0	O3	gpm-1.20.7-10	selected		gcc-13-13.3.0/gpm-1.20.7-10/O3/install/lib/libgpm.a
libgpm.a	gpm	minor-alternative	gcc-13-13.3.0	Os	gpm-1.20.7-10	selected		gcc-13-13.3.0/gpm-1.20.7-10/Os/install/lib/libgpm.a
libgpm.a	gpm	minor-alternative	clang-18-18.1.3	O0	gpm-1.20.7-10	selected		clang-18-18.1.3/gpm-1.20.7-10/O0/install/lib/libgpm.a
libgpm.a	gpm	minor-alternative	clang-18-18.1.3	O2	gpm-1.20.7-10	selected		clang-18-18.1.3/gpm-1.20.7-10/O2/install/lib/libgpm.a
libgpm.a	gpm	minor-alternative	clang-18-18.1.3	O3	gpm-1.20.7-10	selected		clang-18-18.1.3/gpm-1.20.7-10/O3/install/lib/libgpm.a
libgpm.a	gpm	minor-alternative	clang-18-18.1.3	Os	gpm-1.20.7-10	selected		clang-18-18.1.3/gpm-1.20.7-10/Os/install/lib/libgpm.a
libgpm.a	gpm	major-alternative	gcc-13-13.3.0	O0	gpm-1.20.7-6	missing	variant_not_built_or_unsupported	
libgpm.a	gpm	major-alternative	gcc-13-13.3.0	O2	gpm-1.20.7-6	missing	variant_not_built_or_unsupported	
libgpm.a	gpm	major-alternative	gcc-13-13.3.0	O3	gpm-1.20.7-6	missing	variant_not_built_or_unsupported	
libgpm.a	gpm	major-alternative	gcc-13-13.3.0	Os	gpm-1.20.7-6	missing	variant_not_built_or_unsupported	
libgpm.a	gpm	major-alternative	clang-18-18.1.3	O0	gpm-1.20.7-6	missing	variant_not_built_or_unsupported	
libgpm.a	gpm	major-alternative	clang-18-18.1.3	O2	gpm-1.20.7-6	missing	variant_not_built_or_unsupported	
libgpm.a	gpm	major-alternative	clang-18-18.1.3	O3	gpm-1.20.7-6	missing	variant_not_built_or_unsupported	
libgpm.a	gpm	major-alternative	clang-18-18.1.3	Os	gpm-1.20.7-6	missing	variant_not_built_or_unsupported	
libgraphite2-base.a	graphite2	current	gcc-11-11.5.0	O0	graphite2-1.3.14	selected		gcc-11-11.5.0/graphite2-1.3.14/O0/install/lib/libgraphite2-base.a
libgraphite2-base.a	graphite2	current	gcc-11-11.5.0	O2	graphite2-1.3.14	selected		gcc-11-11.5.0/graphite2-1.3.14/O2/install/lib/libgraphite2-base.a
libgraphite2-base.a	graphite2	current	gcc-11-11.5.0	O3	graphite2-1.3.14	selected		gcc-11-11.5.0/graphite2-1.3.14/O3/install/lib/libgraphite2-base.a
libgraphite2-base.a	graphite2	current	gcc-11-11.5.0	Os	graphite2-1.3.14	selected		gcc-11-11.5.0/graphite2-1.3.14/Os/install/lib/libgraphite2-base.a
libgraphite2-base.a	graphite2	current	gcc-13-13.3.0	O0	graphite2-1.3.14	selected		gcc-13-13.3.0/graphite2-1.3.14/O0/install/lib/libgraphite2-base.a
libgraphite2-base.a	graphite2	current	gcc-13-13.3.0	O2	graphite2-1.3.14	selected		gcc-13-13.3.0/graphite2-1.3.14/O2/install/lib/libgraphite2-base.a
libgraphite2-base.a	graphite2	current	gcc-13-13.3.0	O3	graphite2-1.3.14	selected		gcc-13-13.3.0/graphite2-1.3.14/O3/install/lib/libgraphite2-base.a
libgraphite2-base.a	graphite2	current	gcc-13-13.3.0	Os	graphite2-1.3.14	selected		gcc-13-13.3.0/graphite2-1.3.14/Os/install/lib/libgraphite2-base.a
libgraphite2-base.a	graphite2	current	clang-14-14.0.6	O0	graphite2-1.3.14	selected		clang-14-14.0.6/graphite2-1.3.14/O0/install/lib/libgraphite2-base.a
libgraphite2-base.a	graphite2	current	clang-14-14.0.6	O2	graphite2-1.3.14	selected		clang-14-14.0.6/graphite2-1.3.14/O2/install/lib/libgraphite2-base.a
libgraphite2-base.a	graphite2	current	clang-14-14.0.6	O3	graphite2-1.3.14	selected		clang-14-14.0.6/graphite2-1.3.14/O3/install/lib/libgraphite2-base.a
libgraphite2-base.a	graphite2	current	clang-14-14.0.6	Os	graphite2-1.3.14	selected		clang-14-14.0.6/graphite2-1.3.14/Os/install/lib/libgraphite2-base.a
libgraphite2-base.a	graphite2	current	clang-18-18.1.3	O0	graphite2-1.3.14	selected		clang-18-18.1.3/graphite2-1.3.14/O0/install/lib/libgraphite2-base.a
libgraphite2-base.a	graphite2	current	clang-18-18.1.3	O2	graphite2-1.3.14	selected		clang-18-18.1.3/graphite2-1.3.14/O2/install/lib/libgraphite2-base.a
libgraphite2-base.a	graphite2	current	clang-18-18.1.3	O3	graphite2-1.3.14	selected		clang-18-18.1.3/graphite2-1.3.14/O3/install/lib/libgraphite2-base.a
libgraphite2-base.a	graphite2	current	clang-18-18.1.3	Os	graphite2-1.3.14	selected		clang-18-18.1.3/graphite2-1.3.14/Os/install/lib/libgraphite2-base.a
libgraphite2-base.a	graphite2	minor-alternative	gcc-13-13.3.0	O0	graphite2-1.3.13	selected		gcc-13-13.3.0/graphite2-1.3.13/O0/install/lib/libgraphite2-base.a
libgraphite2-base.a	graphite2	minor-alternative	gcc-13-13.3.0	O2	graphite2-1.3.13	selected		gcc-13-13.3.0/graphite2-1.3.13/O2/install/lib/libgraphite2-base.a
libgraphite2-base.a	graphite2	minor-alternative	gcc-13-13.3.0	O3	graphite2-1.3.13	selected		gcc-13-13.3.0/graphite2-1.3.13/O3/install/lib/libgraphite2-base.a
libgraphite2-base.a	graphite2	minor-alternative	gcc-13-13.3.0	Os	graphite2-1.3.13	selected		gcc-13-13.3.0/graphite2-1.3.13/Os/install/lib/libgraphite2-base.a
libgraphite2-base.a	graphite2	minor-alternative	clang-18-18.1.3	O0	graphite2-1.3.13	selected		clang-18-18.1.3/graphite2-1.3.13/O0/install/lib/libgraphite2-base.a
libgraphite2-base.a	graphite2	minor-alternative	clang-18-18.1.3	O2	graphite2-1.3.13	selected		clang-18-18.1.3/graphite2-1.3.13/O2/install/lib/libgraphite2-base.a
libgraphite2-base.a	graphite2	minor-alternative	clang-18-18.1.3	O3	graphite2-1.3.13	selected		clang-18-18.1.3/graphite2-1.3.13/O3/install/lib/libgraphite2-base.a
libgraphite2-base.a	graphite2	minor-alternative	clang-18-18.1.3	Os	graphite2-1.3.13	selected		clang-18-18.1.3/graphite2-1.3.13/Os/install/lib/libgraphite2-base.a
libgraphite2-base.a	graphite2	major-alternative	gcc-13-13.3.0	O0	graphite2-0.9.4.dfsg-4	missing	archive_not_produced_by_version	
libgraphite2-base.a	graphite2	major-alternative	gcc-13-13.3.0	O2	graphite2-0.9.4.dfsg-4	missing	archive_not_produced_by_version	
libgraphite2-base.a	graphite2	major-alternative	gcc-13-13.3.0	O3	graphite2-0.9.4.dfsg-4	missing	archive_not_produced_by_version	
libgraphite2-base.a	graphite2	major-alternative	gcc-13-13.3.0	Os	graphite2-0.9.4.dfsg-4	missing	archive_not_produced_by_version	
libgraphite2-base.a	graphite2	major-alternative	clang-18-18.1.3	O0	graphite2-0.9.4.dfsg-4	missing	archive_not_produced_by_version	
libgraphite2-base.a	graphite2	major-alternative	clang-18-18.1.3	O2	graphite2-0.9.4.dfsg-4	missing	archive_not_produced_by_version	
libgraphite2-base.a	graphite2	major-alternative	clang-18-18.1.3	O3	graphite2-0.9.4.dfsg-4	missing	archive_not_produced_by_version	
libgraphite2-base.a	graphite2	major-alternative	clang-18-18.1.3	Os	graphite2-0.9.4.dfsg-4	missing	archive_not_produced_by_version	
libgraphite2.a	graphite2	current	gcc-11-11.5.0	O0	graphite2-1.3.14	selected		gcc-11-11.5.0/graphite2-1.3.14/O0/install/lib/libgraphite2.a
libgraphite2.a	graphite2	current	gcc-11-11.5.0	O2	graphite2-1.3.14	selected		gcc-11-11.5.0/graphite2-1.3.14/O2/install/lib/libgraphite2.a
libgraphite2.a	graphite2	current	gcc-11-11.5.0	O3	graphite2-1.3.14	selected		gcc-11-11.5.0/graphite2-1.3.14/O3/install/lib/libgraphite2.a
libgraphite2.a	graphite2	current	gcc-11-11.5.0	Os	graphite2-1.3.14	selected		gcc-11-11.5.0/graphite2-1.3.14/Os/install/lib/libgraphite2.a
libgraphite2.a	graphite2	current	gcc-13-13.3.0	O0	graphite2-1.3.14	selected		gcc-13-13.3.0/graphite2-1.3.14/O0/install/lib/libgraphite2.a
libgraphite2.a	graphite2	current	gcc-13-13.3.0	O2	graphite2-1.3.14	selected		gcc-13-13.3.0/graphite2-1.3.14/O2/install/lib/libgraphite2.a
libgraphite2.a	graphite2	current	gcc-13-13.3.0	O3	graphite2-1.3.14	selected		gcc-13-13.3.0/graphite2-1.3.14/O3/install/lib/libgraphite2.a
libgraphite2.a	graphite2	current	gcc-13-13.3.0	Os	graphite2-1.3.14	selected		gcc-13-13.3.0/graphite2-1.3.14/Os/install/lib/libgraphite2.a
libgraphite2.a	graphite2	current	clang-14-14.0.6	O0	graphite2-1.3.14	selected		clang-14-14.0.6/graphite2-1.3.14/O0/install/lib/libgraphite2.a
libgraphite2.a	graphite2	current	clang-14-14.0.6	O2	graphite2-1.3.14	selected		clang-14-14.0.6/graphite2-1.3.14/O2/install/lib/libgraphite2.a
libgraphite2.a	graphite2	current	clang-14-14.0.6	O3	graphite2-1.3.14	selected		clang-14-14.0.6/graphite2-1.3.14/O3/install/lib/libgraphite2.a
libgraphite2.a	graphite2	current	clang-14-14.0.6	Os	graphite2-1.3.14	selected		clang-14-14.0.6/graphite2-1.3.14/Os/install/lib/libgraphite2.a
libgraphite2.a	graphite2	current	clang-18-18.1.3	O0	graphite2-1.3.14	selected		clang-18-18.1.3/graphite2-1.3.14/O0/install/lib/libgraphite2.a
libgraphite2.a	graphite2	current	clang-18-18.1.3	O2	graphite2-1.3.14	selected		clang-18-18.1.3/graphite2-1.3.14/O2/install/lib/libgraphite2.a
libgraphite2.a	graphite2	current	clang-18-18.1.3	O3	graphite2-1.3.14	selected		clang-18-18.1.3/graphite2-1.3.14/O3/install/lib/libgraphite2.a
libgraphite2.a	graphite2	current	clang-18-18.1.3	Os	graphite2-1.3.14	selected		clang-18-18.1.3/graphite2-1.3.14/Os/install/lib/libgraphite2.a
libgraphite2.a	graphite2	minor-alternative	gcc-13-13.3.0	O0	graphite2-1.3.13	selected		gcc-13-13.3.0/graphite2-1.3.13/O0/install/lib/libgraphite2.a
libgraphite2.a	graphite2	minor-alternative	gcc-13-13.3.0	O2	graphite2-1.3.13	selected		gcc-13-13.3.0/graphite2-1.3.13/O2/install/lib/libgraphite2.a
libgraphite2.a	graphite2	minor-alternative	gcc-13-13.3.0	O3	graphite2-1.3.13	selected		gcc-13-13.3.0/graphite2-1.3.13/O3/install/lib/libgraphite2.a
libgraphite2.a	graphite2	minor-alternative	gcc-13-13.3.0	Os	graphite2-1.3.13	selected		gcc-13-13.3.0/graphite2-1.3.13/Os/install/lib/libgraphite2.a
libgraphite2.a	graphite2	minor-alternative	clang-18-18.1.3	O0	graphite2-1.3.13	selected		clang-18-18.1.3/graphite2-1.3.13/O0/install/lib/libgraphite2.a
libgraphite2.a	graphite2	minor-alternative	clang-18-18.1.3	O2	graphite2-1.3.13	selected		clang-18-18.1.3/graphite2-1.3.13/O2/install/lib/libgraphite2.a
libgraphite2.a	graphite2	minor-alternative	clang-18-18.1.3	O3	graphite2-1.3.13	selected		clang-18-18.1.3/graphite2-1.3.13/O3/install/lib/libgraphite2.a
libgraphite2.a	graphite2	minor-alternative	clang-18-18.1.3	Os	graphite2-1.3.13	selected		clang-18-18.1.3/graphite2-1.3.13/Os/install/lib/libgraphite2.a
libgraphite2.a	graphite2	major-alternative	gcc-13-13.3.0	O0	graphite2-0.9.4.dfsg-4	selected		gcc-13-13.3.0/graphite2-0.9.4.dfsg-4/O0/install/lib/libgraphite2.a
libgraphite2.a	graphite2	major-alternative	gcc-13-13.3.0	O2	graphite2-0.9.4.dfsg-4	selected		gcc-13-13.3.0/graphite2-0.9.4.dfsg-4/O2/install/lib/libgraphite2.a
libgraphite2.a	graphite2	major-alternative	gcc-13-13.3.0	O3	graphite2-0.9.4.dfsg-4	selected		gcc-13-13.3.0/graphite2-0.9.4.dfsg-4/O3/install/lib/libgraphite2.a
libgraphite2.a	graphite2	major-alternative	gcc-13-13.3.0	Os	graphite2-0.9.4.dfsg-4	selected		gcc-13-13.3.0/graphite2-0.9.4.dfsg-4/Os/install/lib/libgraphite2.a
libgraphite2.a	graphite2	major-alternative	clang-18-18.1.3	O0	graphite2-0.9.4.dfsg-4	selected		clang-18-18.1.3/graphite2-0.9.4.dfsg-4/O0/install/lib/libgraphite2.a
libgraphite2.a	graphite2	major-alternative	clang-18-18.1.3	O2	graphite2-0.9.4.dfsg-4	selected		clang-18-18.1.3/graphite2-0.9.4.dfsg-4/O2/install/lib/libgraphite2.a
libgraphite2.a	graphite2	major-alternative	clang-18-18.1.3	O3	graphite2-0.9.4.dfsg-4	selected		clang-18-18.1.3/graphite2-0.9.4.dfsg-4/O3/install/lib/libgraphite2.a
libgraphite2.a	graphite2	major-alternative	clang-18-18.1.3	Os	graphite2-0.9.4.dfsg-4	selected		clang-18-18.1.3/graphite2-0.9.4.dfsg-4/Os/install/lib/libgraphite2.a
libgthread-2.0.a	glib	current	gcc-11-11.5.0	O0	glib-2.81.0	selected		gcc-11-11.5.0/glib-2.81.0/O0/install/lib/libgthread-2.0.a
libgthread-2.0.a	glib	current	gcc-11-11.5.0	O2	glib-2.81.0	selected		gcc-11-11.5.0/glib-2.81.0/O2/install/lib/libgthread-2.0.a
libgthread-2.0.a	glib	current	gcc-11-11.5.0	O3	glib-2.81.0	selected		gcc-11-11.5.0/glib-2.81.0/O3/install/lib/libgthread-2.0.a
libgthread-2.0.a	glib	current	gcc-11-11.5.0	Os	glib-2.81.0	selected		gcc-11-11.5.0/glib-2.81.0/Os/install/lib/libgthread-2.0.a
libgthread-2.0.a	glib	current	gcc-13-13.3.0	O0	glib-2.81.0	selected		gcc-13-13.3.0/glib-2.81.0/O0/install/lib/libgthread-2.0.a
libgthread-2.0.a	glib	current	gcc-13-13.3.0	O2	glib-2.81.0	selected		gcc-13-13.3.0/glib-2.81.0/O2/install/lib/libgthread-2.0.a
libgthread-2.0.a	glib	current	gcc-13-13.3.0	O3	glib-2.81.0	selected		gcc-13-13.3.0/glib-2.81.0/O3/install/lib/libgthread-2.0.a
libgthread-2.0.a	glib	current	gcc-13-13.3.0	Os	glib-2.81.0	selected		gcc-13-13.3.0/glib-2.81.0/Os/install/lib/libgthread-2.0.a
libgthread-2.0.a	glib	current	clang-14-14.0.6	O0	glib-2.81.0	selected		clang-14-14.0.6/glib-2.81.0/O0/install/lib/libgthread-2.0.a
libgthread-2.0.a	glib	current	clang-14-14.0.6	O2	glib-2.81.0	selected		clang-14-14.0.6/glib-2.81.0/O2/install/lib/libgthread-2.0.a
libgthread-2.0.a	glib	current	clang-14-14.0.6	O3	glib-2.81.0	selected		clang-14-14.0.6/glib-2.81.0/O3/install/lib/libgthread-2.0.a
libgthread-2.0.a	glib	current	clang-14-14.0.6	Os	glib-2.81.0	selected		clang-14-14.0.6/glib-2.81.0/Os/install/lib/libgthread-2.0.a
libgthread-2.0.a	glib	current	clang-18-18.1.3	O0	glib-2.81.0	selected		clang-18-18.1.3/glib-2.81.0/O0/install/lib/libgthread-2.0.a
libgthread-2.0.a	glib	current	clang-18-18.1.3	O2	glib-2.81.0	selected		clang-18-18.1.3/glib-2.81.0/O2/install/lib/libgthread-2.0.a
libgthread-2.0.a	glib	current	clang-18-18.1.3	O3	glib-2.81.0	selected		clang-18-18.1.3/glib-2.81.0/O3/install/lib/libgthread-2.0.a
libgthread-2.0.a	glib	current	clang-18-18.1.3	Os	glib-2.81.0	selected		clang-18-18.1.3/glib-2.81.0/Os/install/lib/libgthread-2.0.a
libgthread-2.0.a	glib	minor-alternative	gcc-13-13.3.0	O0	glib-2.80.1	selected		gcc-13-13.3.0/glib-2.80.1/O0/install/lib/libgthread-2.0.a
libgthread-2.0.a	glib	minor-alternative	gcc-13-13.3.0	O2	glib-2.80.1	selected		gcc-13-13.3.0/glib-2.80.1/O2/install/lib/libgthread-2.0.a
libgthread-2.0.a	glib	minor-alternative	gcc-13-13.3.0	O3	glib-2.80.1	selected		gcc-13-13.3.0/glib-2.80.1/O3/install/lib/libgthread-2.0.a
libgthread-2.0.a	glib	minor-alternative	gcc-13-13.3.0	Os	glib-2.80.1	selected		gcc-13-13.3.0/glib-2.80.1/Os/install/lib/libgthread-2.0.a
libgthread-2.0.a	glib	minor-alternative	clang-18-18.1.3	O0	glib-2.80.1	selected		clang-18-18.1.3/glib-2.80.1/O0/install/lib/libgthread-2.0.a
libgthread-2.0.a	glib	minor-alternative	clang-18-18.1.3	O2	glib-2.80.1	selected		clang-18-18.1.3/glib-2.80.1/O2/install/lib/libgthread-2.0.a
libgthread-2.0.a	glib	minor-alternative	clang-18-18.1.3	O3	glib-2.80.1	selected		clang-18-18.1.3/glib-2.80.1/O3/install/lib/libgthread-2.0.a
libgthread-2.0.a	glib	minor-alternative	clang-18-18.1.3	Os	glib-2.80.1	selected		clang-18-18.1.3/glib-2.80.1/Os/install/lib/libgthread-2.0.a
libgthread-2.0.a	glib	major-alternative	gcc-13-13.3.0	O0	glib-1.2.10-20	missing	archive_not_produced_by_version	
libgthread-2.0.a	glib	major-alternative	gcc-13-13.3.0	O2	glib-1.2.10-20	missing	archive_not_produced_by_version	
libgthread-2.0.a	glib	major-alternative	gcc-13-13.3.0	O3	glib-1.2.10-20	missing	archive_not_produced_by_version	
libgthread-2.0.a	glib	major-alternative	gcc-13-13.3.0	Os	glib-1.2.10-20	missing	archive_not_produced_by_version	
libgthread-2.0.a	glib	major-alternative	clang-18-18.1.3	O0	glib-1.2.10-20	missing	archive_not_produced_by_version	
libgthread-2.0.a	glib	major-alternative	clang-18-18.1.3	O2	glib-1.2.10-20	missing	archive_not_produced_by_version	
libgthread-2.0.a	glib	major-alternative	clang-18-18.1.3	O3	glib-1.2.10-20	missing	archive_not_produced_by_version	
libgthread-2.0.a	glib	major-alternative	clang-18-18.1.3	Os	glib-1.2.10-20	missing	archive_not_produced_by_version	
libharfbuzz-subset.a	harfbuzz	current	gcc-11-11.5.0	O0	harfbuzz-8.3.0	selected		gcc-11-11.5.0/harfbuzz-8.3.0/O0/install/lib/libharfbuzz-subset.a
libharfbuzz-subset.a	harfbuzz	current	gcc-11-11.5.0	O2	harfbuzz-8.3.0	selected		gcc-11-11.5.0/harfbuzz-8.3.0/O2/install/lib/libharfbuzz-subset.a
libharfbuzz-subset.a	harfbuzz	current	gcc-11-11.5.0	O3	harfbuzz-8.3.0	selected		gcc-11-11.5.0/harfbuzz-8.3.0/O3/install/lib/libharfbuzz-subset.a
libharfbuzz-subset.a	harfbuzz	current	gcc-11-11.5.0	Os	harfbuzz-8.3.0	selected		gcc-11-11.5.0/harfbuzz-8.3.0/Os/install/lib/libharfbuzz-subset.a
libharfbuzz-subset.a	harfbuzz	current	gcc-13-13.3.0	O0	harfbuzz-8.3.0	selected		gcc-13-13.3.0/harfbuzz-8.3.0/O0/install/lib/libharfbuzz-subset.a
libharfbuzz-subset.a	harfbuzz	current	gcc-13-13.3.0	O2	harfbuzz-8.3.0	selected		gcc-13-13.3.0/harfbuzz-8.3.0/O2/install/lib/libharfbuzz-subset.a
libharfbuzz-subset.a	harfbuzz	current	gcc-13-13.3.0	O3	harfbuzz-8.3.0	selected		gcc-13-13.3.0/harfbuzz-8.3.0/O3/install/lib/libharfbuzz-subset.a
libharfbuzz-subset.a	harfbuzz	current	gcc-13-13.3.0	Os	harfbuzz-8.3.0	selected		gcc-13-13.3.0/harfbuzz-8.3.0/Os/install/lib/libharfbuzz-subset.a
libharfbuzz-subset.a	harfbuzz	current	clang-14-14.0.6	O0	harfbuzz-8.3.0	selected		clang-14-14.0.6/harfbuzz-8.3.0/O0/install/lib/libharfbuzz-subset.a
libharfbuzz-subset.a	harfbuzz	current	clang-14-14.0.6	O2	harfbuzz-8.3.0	selected		clang-14-14.0.6/harfbuzz-8.3.0/O2/install/lib/libharfbuzz-subset.a
libharfbuzz-subset.a	harfbuzz	current	clang-14-14.0.6	O3	harfbuzz-8.3.0	selected		clang-14-14.0.6/harfbuzz-8.3.0/O3/install/lib/libharfbuzz-subset.a
libharfbuzz-subset.a	harfbuzz	current	clang-14-14.0.6	Os	harfbuzz-8.3.0	selected		clang-14-14.0.6/harfbuzz-8.3.0/Os/install/lib/libharfbuzz-subset.a
libharfbuzz-subset.a	harfbuzz	current	clang-18-18.1.3	O0	harfbuzz-8.3.0	selected		clang-18-18.1.3/harfbuzz-8.3.0/O0/install/lib/libharfbuzz-subset.a
libharfbuzz-subset.a	harfbuzz	current	clang-18-18.1.3	O2	harfbuzz-8.3.0	selected		clang-18-18.1.3/harfbuzz-8.3.0/O2/install/lib/libharfbuzz-subset.a
libharfbuzz-subset.a	harfbuzz	current	clang-18-18.1.3	O3	harfbuzz-8.3.0	selected		clang-18-18.1.3/harfbuzz-8.3.0/O3/install/lib/libharfbuzz-subset.a
libharfbuzz-subset.a	harfbuzz	current	clang-18-18.1.3	Os	harfbuzz-8.3.0	selected		clang-18-18.1.3/harfbuzz-8.3.0/Os/install/lib/libharfbuzz-subset.a
libharfbuzz-subset.a	harfbuzz	minor-alternative	gcc-13-13.3.0	O0	harfbuzz-8.2.2	selected		gcc-13-13.3.0/harfbuzz-8.2.2/O0/install/lib/libharfbuzz-subset.a
libharfbuzz-subset.a	harfbuzz	minor-alternative	gcc-13-13.3.0	O2	harfbuzz-8.2.2	selected		gcc-13-13.3.0/harfbuzz-8.2.2/O2/install/lib/libharfbuzz-subset.a
libharfbuzz-subset.a	harfbuzz	minor-alternative	gcc-13-13.3.0	O3	harfbuzz-8.2.2	selected		gcc-13-13.3.0/harfbuzz-8.2.2/O3/install/lib/libharfbuzz-subset.a
libharfbuzz-subset.a	harfbuzz	minor-alternative	gcc-13-13.3.0	Os	harfbuzz-8.2.2	selected		gcc-13-13.3.0/harfbuzz-8.2.2/Os/install/lib/libharfbuzz-subset.a
libharfbuzz-subset.a	harfbuzz	minor-alternative	clang-18-18.1.3	O0	harfbuzz-8.2.2	selected		clang-18-18.1.3/harfbuzz-8.2.2/O0/install/lib/libharfbuzz-subset.a
libharfbuzz-subset.a	harfbuzz	minor-alternative	clang-18-18.1.3	O2	harfbuzz-8.2.2	selected		clang-18-18.1.3/harfbuzz-8.2.2/O2/install/lib/libharfbuzz-subset.a
libharfbuzz-subset.a	harfbuzz	minor-alternative	clang-18-18.1.3	O3	harfbuzz-8.2.2	selected		clang-18-18.1.3/harfbuzz-8.2.2/O3/install/lib/libharfbuzz-subset.a
libharfbuzz-subset.a	harfbuzz	minor-alternative	clang-18-18.1.3	Os	harfbuzz-8.2.2	selected		clang-18-18.1.3/harfbuzz-8.2.2/Os/install/lib/libharfbuzz-subset.a
libharfbuzz-subset.a	harfbuzz	major-alternative	gcc-13-13.3.0	O0	harfbuzz-7.3.0	selected		gcc-13-13.3.0/harfbuzz-7.3.0/O0/install/lib/libharfbuzz-subset.a
libharfbuzz-subset.a	harfbuzz	major-alternative	gcc-13-13.3.0	O2	harfbuzz-7.3.0	selected		gcc-13-13.3.0/harfbuzz-7.3.0/O2/install/lib/libharfbuzz-subset.a
libharfbuzz-subset.a	harfbuzz	major-alternative	gcc-13-13.3.0	O3	harfbuzz-7.3.0	selected		gcc-13-13.3.0/harfbuzz-7.3.0/O3/install/lib/libharfbuzz-subset.a
libharfbuzz-subset.a	harfbuzz	major-alternative	gcc-13-13.3.0	Os	harfbuzz-7.3.0	selected		gcc-13-13.3.0/harfbuzz-7.3.0/Os/install/lib/libharfbuzz-subset.a
libharfbuzz-subset.a	harfbuzz	major-alternative	clang-18-18.1.3	O0	harfbuzz-7.3.0	selected		clang-18-18.1.3/harfbuzz-7.3.0/O0/install/lib/libharfbuzz-subset.a
libharfbuzz-subset.a	harfbuzz	major-alternative	clang-18-18.1.3	O2	harfbuzz-7.3.0	selected		clang-18-18.1.3/harfbuzz-7.3.0/O2/install/lib/libharfbuzz-subset.a
libharfbuzz-subset.a	harfbuzz	major-alternative	clang-18-18.1.3	O3	harfbuzz-7.3.0	selected		clang-18-18.1.3/harfbuzz-7.3.0/O3/install/lib/libharfbuzz-subset.a
libharfbuzz-subset.a	harfbuzz	major-alternative	clang-18-18.1.3	Os	harfbuzz-7.3.0	selected		clang-18-18.1.3/harfbuzz-7.3.0/Os/install/lib/libharfbuzz-subset.a
libharfbuzz.a	harfbuzz	current	gcc-11-11.5.0	O0	harfbuzz-8.3.0	selected		gcc-11-11.5.0/harfbuzz-8.3.0/O0/install/lib/libharfbuzz.a
libharfbuzz.a	harfbuzz	current	gcc-11-11.5.0	O2	harfbuzz-8.3.0	selected		gcc-11-11.5.0/harfbuzz-8.3.0/O2/install/lib/libharfbuzz.a
libharfbuzz.a	harfbuzz	current	gcc-11-11.5.0	O3	harfbuzz-8.3.0	selected		gcc-11-11.5.0/harfbuzz-8.3.0/O3/install/lib/libharfbuzz.a
libharfbuzz.a	harfbuzz	current	gcc-11-11.5.0	Os	harfbuzz-8.3.0	selected		gcc-11-11.5.0/harfbuzz-8.3.0/Os/install/lib/libharfbuzz.a
libharfbuzz.a	harfbuzz	current	gcc-13-13.3.0	O0	harfbuzz-8.3.0	selected		gcc-13-13.3.0/harfbuzz-8.3.0/O0/install/lib/libharfbuzz.a
libharfbuzz.a	harfbuzz	current	gcc-13-13.3.0	O2	harfbuzz-8.3.0	selected		gcc-13-13.3.0/harfbuzz-8.3.0/O2/install/lib/libharfbuzz.a
libharfbuzz.a	harfbuzz	current	gcc-13-13.3.0	O3	harfbuzz-8.3.0	selected		gcc-13-13.3.0/harfbuzz-8.3.0/O3/install/lib/libharfbuzz.a
libharfbuzz.a	harfbuzz	current	gcc-13-13.3.0	Os	harfbuzz-8.3.0	selected		gcc-13-13.3.0/harfbuzz-8.3.0/Os/install/lib/libharfbuzz.a
libharfbuzz.a	harfbuzz	current	clang-14-14.0.6	O0	harfbuzz-8.3.0	selected		clang-14-14.0.6/harfbuzz-8.3.0/O0/install/lib/libharfbuzz.a
libharfbuzz.a	harfbuzz	current	clang-14-14.0.6	O2	harfbuzz-8.3.0	selected		clang-14-14.0.6/harfbuzz-8.3.0/O2/install/lib/libharfbuzz.a
libharfbuzz.a	harfbuzz	current	clang-14-14.0.6	O3	harfbuzz-8.3.0	selected		clang-14-14.0.6/harfbuzz-8.3.0/O3/install/lib/libharfbuzz.a
libharfbuzz.a	harfbuzz	current	clang-14-14.0.6	Os	harfbuzz-8.3.0	selected		clang-14-14.0.6/harfbuzz-8.3.0/Os/install/lib/libharfbuzz.a
libharfbuzz.a	harfbuzz	current	clang-18-18.1.3	O0	harfbuzz-8.3.0	selected		clang-18-18.1.3/harfbuzz-8.3.0/O0/install/lib/libharfbuzz.a
libharfbuzz.a	harfbuzz	current	clang-18-18.1.3	O2	harfbuzz-8.3.0	selected		clang-18-18.1.3/harfbuzz-8.3.0/O2/install/lib/libharfbuzz.a
libharfbuzz.a	harfbuzz	current	clang-18-18.1.3	O3	harfbuzz-8.3.0	selected		clang-18-18.1.3/harfbuzz-8.3.0/O3/install/lib/libharfbuzz.a
libharfbuzz.a	harfbuzz	current	clang-18-18.1.3	Os	harfbuzz-8.3.0	selected		clang-18-18.1.3/harfbuzz-8.3.0/Os/install/lib/libharfbuzz.a
libharfbuzz.a	harfbuzz	minor-alternative	gcc-13-13.3.0	O0	harfbuzz-8.2.2	selected		gcc-13-13.3.0/harfbuzz-8.2.2/O0/install/lib/libharfbuzz.a
libharfbuzz.a	harfbuzz	minor-alternative	gcc-13-13.3.0	O2	harfbuzz-8.2.2	selected		gcc-13-13.3.0/harfbuzz-8.2.2/O2/install/lib/libharfbuzz.a
libharfbuzz.a	harfbuzz	minor-alternative	gcc-13-13.3.0	O3	harfbuzz-8.2.2	selected		gcc-13-13.3.0/harfbuzz-8.2.2/O3/install/lib/libharfbuzz.a
libharfbuzz.a	harfbuzz	minor-alternative	gcc-13-13.3.0	Os	harfbuzz-8.2.2	selected		gcc-13-13.3.0/harfbuzz-8.2.2/Os/install/lib/libharfbuzz.a
libharfbuzz.a	harfbuzz	minor-alternative	clang-18-18.1.3	O0	harfbuzz-8.2.2	selected		clang-18-18.1.3/harfbuzz-8.2.2/O0/install/lib/libharfbuzz.a
libharfbuzz.a	harfbuzz	minor-alternative	clang-18-18.1.3	O2	harfbuzz-8.2.2	selected		clang-18-18.1.3/harfbuzz-8.2.2/O2/install/lib/libharfbuzz.a
libharfbuzz.a	harfbuzz	minor-alternative	clang-18-18.1.3	O3	harfbuzz-8.2.2	selected		clang-18-18.1.3/harfbuzz-8.2.2/O3/install/lib/libharfbuzz.a
libharfbuzz.a	harfbuzz	minor-alternative	clang-18-18.1.3	Os	harfbuzz-8.2.2	selected		clang-18-18.1.3/harfbuzz-8.2.2/Os/install/lib/libharfbuzz.a
libharfbuzz.a	harfbuzz	major-alternative	gcc-13-13.3.0	O0	harfbuzz-7.3.0	selected		gcc-13-13.3.0/harfbuzz-7.3.0/O0/install/lib/libharfbuzz.a
libharfbuzz.a	harfbuzz	major-alternative	gcc-13-13.3.0	O2	harfbuzz-7.3.0	selected		gcc-13-13.3.0/harfbuzz-7.3.0/O2/install/lib/libharfbuzz.a
libharfbuzz.a	harfbuzz	major-alternative	gcc-13-13.3.0	O3	harfbuzz-7.3.0	selected		gcc-13-13.3.0/harfbuzz-7.3.0/O3/install/lib/libharfbuzz.a
libharfbuzz.a	harfbuzz	major-alternative	gcc-13-13.3.0	Os	harfbuzz-7.3.0	selected		gcc-13-13.3.0/harfbuzz-7.3.0/Os/install/lib/libharfbuzz.a
libharfbuzz.a	harfbuzz	major-alternative	clang-18-18.1.3	O0	harfbuzz-7.3.0	selected		clang-18-18.1.3/harfbuzz-7.3.0/O0/install/lib/libharfbuzz.a
libharfbuzz.a	harfbuzz	major-alternative	clang-18-18.1.3	O2	harfbuzz-7.3.0	selected		clang-18-18.1.3/harfbuzz-7.3.0/O2/install/lib/libharfbuzz.a
libharfbuzz.a	harfbuzz	major-alternative	clang-18-18.1.3	O3	harfbuzz-7.3.0	selected		clang-18-18.1.3/harfbuzz-7.3.0/O3/install/lib/libharfbuzz.a
libharfbuzz.a	harfbuzz	major-alternative	clang-18-18.1.3	Os	harfbuzz-7.3.0	selected		clang-18-18.1.3/harfbuzz-7.3.0/Os/install/lib/libharfbuzz.a
libhistory.a	readline	current	gcc-11-11.5.0	O0	readline-8.2|readline-8.2-1	selected		gcc-11-11.5.0/readline-8.2/O0/install/lib/libhistory.a
libhistory.a	readline	current	gcc-11-11.5.0	O2	readline-8.2|readline-8.2-1	selected		gcc-11-11.5.0/readline-8.2/O2/install/lib/libhistory.a
libhistory.a	readline	current	gcc-11-11.5.0	O3	readline-8.2|readline-8.2-1	selected		gcc-11-11.5.0/readline-8.2/O3/install/lib/libhistory.a
libhistory.a	readline	current	gcc-11-11.5.0	Os	readline-8.2|readline-8.2-1	selected		gcc-11-11.5.0/readline-8.2/Os/install/lib/libhistory.a
libhistory.a	readline	current	gcc-13-13.3.0	O0	readline-8.2|readline-8.2-1	selected		gcc-13-13.3.0/readline-8.2/O0/install/lib/libhistory.a
libhistory.a	readline	current	gcc-13-13.3.0	O2	readline-8.2|readline-8.2-1	selected		gcc-13-13.3.0/readline-8.2/O2/install/lib/libhistory.a
libhistory.a	readline	current	gcc-13-13.3.0	O3	readline-8.2|readline-8.2-1	selected		gcc-13-13.3.0/readline-8.2/O3/install/lib/libhistory.a
libhistory.a	readline	current	gcc-13-13.3.0	Os	readline-8.2|readline-8.2-1	selected		gcc-13-13.3.0/readline-8.2/Os/install/lib/libhistory.a
libhistory.a	readline	current	clang-14-14.0.6	O0	readline-8.2|readline-8.2-1	selected		clang-14-14.0.6/readline-8.2/O0/install/lib/libhistory.a
libhistory.a	readline	current	clang-14-14.0.6	O2	readline-8.2|readline-8.2-1	selected		clang-14-14.0.6/readline-8.2/O2/install/lib/libhistory.a
libhistory.a	readline	current	clang-14-14.0.6	O3	readline-8.2|readline-8.2-1	selected		clang-14-14.0.6/readline-8.2/O3/install/lib/libhistory.a
libhistory.a	readline	current	clang-14-14.0.6	Os	readline-8.2|readline-8.2-1	selected		clang-14-14.0.6/readline-8.2/Os/install/lib/libhistory.a
libhistory.a	readline	current	clang-18-18.1.3	O0	readline-8.2|readline-8.2-1	selected		clang-18-18.1.3/readline-8.2/O0/install/lib/libhistory.a
libhistory.a	readline	current	clang-18-18.1.3	O2	readline-8.2|readline-8.2-1	selected		clang-18-18.1.3/readline-8.2/O2/install/lib/libhistory.a
libhistory.a	readline	current	clang-18-18.1.3	O3	readline-8.2|readline-8.2-1	selected		clang-18-18.1.3/readline-8.2/O3/install/lib/libhistory.a
libhistory.a	readline	current	clang-18-18.1.3	Os	readline-8.2|readline-8.2-1	selected		clang-18-18.1.3/readline-8.2/Os/install/lib/libhistory.a
libhistory.a	readline	minor-alternative	gcc-13-13.3.0	O0	readline-8.1-1	selected		gcc-13-13.3.0/readline-8.1-1/O0/install/lib/libhistory.a
libhistory.a	readline	minor-alternative	gcc-13-13.3.0	O2	readline-8.1-1	selected		gcc-13-13.3.0/readline-8.1-1/O2/install/lib/libhistory.a
libhistory.a	readline	minor-alternative	gcc-13-13.3.0	O3	readline-8.1-1	selected		gcc-13-13.3.0/readline-8.1-1/O3/install/lib/libhistory.a
libhistory.a	readline	minor-alternative	gcc-13-13.3.0	Os	readline-8.1-1	selected		gcc-13-13.3.0/readline-8.1-1/Os/install/lib/libhistory.a
libhistory.a	readline	minor-alternative	clang-18-18.1.3	O0	readline-8.1-1	selected		clang-18-18.1.3/readline-8.1-1/O0/install/lib/libhistory.a
libhistory.a	readline	minor-alternative	clang-18-18.1.3	O2	readline-8.1-1	selected		clang-18-18.1.3/readline-8.1-1/O2/install/lib/libhistory.a
libhistory.a	readline	minor-alternative	clang-18-18.1.3	O3	readline-8.1-1	selected		clang-18-18.1.3/readline-8.1-1/O3/install/lib/libhistory.a
libhistory.a	readline	minor-alternative	clang-18-18.1.3	Os	readline-8.1-1	selected		clang-18-18.1.3/readline-8.1-1/Os/install/lib/libhistory.a
libhistory.a	readline	major-alternative	gcc-13-13.3.0	O0	readline-7.0-1	selected		gcc-13-13.3.0/readline-7.0-1/O0/install/lib/libhistory.a
libhistory.a	readline	major-alternative	gcc-13-13.3.0	O2	readline-7.0-1	selected		gcc-13-13.3.0/readline-7.0-1/O2/install/lib/libhistory.a
libhistory.a	readline	major-alternative	gcc-13-13.3.0	O3	readline-7.0-1	selected		gcc-13-13.3.0/readline-7.0-1/O3/install/lib/libhistory.a
libhistory.a	readline	major-alternative	gcc-13-13.3.0	Os	readline-7.0-1	selected		gcc-13-13.3.0/readline-7.0-1/Os/install/lib/libhistory.a
libhistory.a	readline	major-alternative	clang-18-18.1.3	O0	readline-7.0-1	selected		clang-18-18.1.3/readline-7.0-1/O0/install/lib/libhistory.a
libhistory.a	readline	major-alternative	clang-18-18.1.3	O2	readline-7.0-1	selected		clang-18-18.1.3/readline-7.0-1/O2/install/lib/libhistory.a
libhistory.a	readline	major-alternative	clang-18-18.1.3	O3	readline-7.0-1	selected		clang-18-18.1.3/readline-7.0-1/O3/install/lib/libhistory.a
libhistory.a	readline	major-alternative	clang-18-18.1.3	Os	readline-7.0-1	selected		clang-18-18.1.3/readline-7.0-1/Os/install/lib/libhistory.a
libiconv.a	libiconv	current	gcc-11-11.5.0	O0	libiconv-1.18	selected		gcc-11-11.5.0/libiconv-1.18/O0/install/lib/libiconv.a
libiconv.a	libiconv	current	gcc-11-11.5.0	O2	libiconv-1.18	selected		gcc-11-11.5.0/libiconv-1.18/O2/install/lib/libiconv.a
libiconv.a	libiconv	current	gcc-11-11.5.0	O3	libiconv-1.18	selected		gcc-11-11.5.0/libiconv-1.18/O3/install/lib/libiconv.a
libiconv.a	libiconv	current	gcc-11-11.5.0	Os	libiconv-1.18	selected		gcc-11-11.5.0/libiconv-1.18/Os/install/lib/libiconv.a
libiconv.a	libiconv	current	gcc-13-13.3.0	O0	libiconv-1.18	selected		gcc-13-13.3.0/libiconv-1.18/O0/install/lib/libiconv.a
libiconv.a	libiconv	current	gcc-13-13.3.0	O2	libiconv-1.18	selected		gcc-13-13.3.0/libiconv-1.18/O2/install/lib/libiconv.a
libiconv.a	libiconv	current	gcc-13-13.3.0	O3	libiconv-1.18	selected		gcc-13-13.3.0/libiconv-1.18/O3/install/lib/libiconv.a
libiconv.a	libiconv	current	gcc-13-13.3.0	Os	libiconv-1.18	selected		gcc-13-13.3.0/libiconv-1.18/Os/install/lib/libiconv.a
libiconv.a	libiconv	current	clang-14-14.0.6	O0	libiconv-1.18	selected		clang-14-14.0.6/libiconv-1.18/O0/install/lib/libiconv.a
libiconv.a	libiconv	current	clang-14-14.0.6	O2	libiconv-1.18	selected		clang-14-14.0.6/libiconv-1.18/O2/install/lib/libiconv.a
libiconv.a	libiconv	current	clang-14-14.0.6	O3	libiconv-1.18	selected		clang-14-14.0.6/libiconv-1.18/O3/install/lib/libiconv.a
libiconv.a	libiconv	current	clang-14-14.0.6	Os	libiconv-1.18	selected		clang-14-14.0.6/libiconv-1.18/Os/install/lib/libiconv.a
libiconv.a	libiconv	current	clang-18-18.1.3	O0	libiconv-1.18	selected		clang-18-18.1.3/libiconv-1.18/O0/install/lib/libiconv.a
libiconv.a	libiconv	current	clang-18-18.1.3	O2	libiconv-1.18	selected		clang-18-18.1.3/libiconv-1.18/O2/install/lib/libiconv.a
libiconv.a	libiconv	current	clang-18-18.1.3	O3	libiconv-1.18	selected		clang-18-18.1.3/libiconv-1.18/O3/install/lib/libiconv.a
libiconv.a	libiconv	current	clang-18-18.1.3	Os	libiconv-1.18	selected		clang-18-18.1.3/libiconv-1.18/Os/install/lib/libiconv.a
libiconv.a	libiconv	minor-alternative	gcc-13-13.3.0	O0	libiconv-1.17	selected		gcc-13-13.3.0/libiconv-1.17/O0/install/lib/libiconv.a
libiconv.a	libiconv	minor-alternative	gcc-13-13.3.0	O2	libiconv-1.17	selected		gcc-13-13.3.0/libiconv-1.17/O2/install/lib/libiconv.a
libiconv.a	libiconv	minor-alternative	gcc-13-13.3.0	O3	libiconv-1.17	selected		gcc-13-13.3.0/libiconv-1.17/O3/install/lib/libiconv.a
libiconv.a	libiconv	minor-alternative	gcc-13-13.3.0	Os	libiconv-1.17	selected		gcc-13-13.3.0/libiconv-1.17/Os/install/lib/libiconv.a
libiconv.a	libiconv	minor-alternative	clang-18-18.1.3	O0	libiconv-1.17	selected		clang-18-18.1.3/libiconv-1.17/O0/install/lib/libiconv.a
libiconv.a	libiconv	minor-alternative	clang-18-18.1.3	O2	libiconv-1.17	selected		clang-18-18.1.3/libiconv-1.17/O2/install/lib/libiconv.a
libiconv.a	libiconv	minor-alternative	clang-18-18.1.3	O3	libiconv-1.17	selected		clang-18-18.1.3/libiconv-1.17/O3/install/lib/libiconv.a
libiconv.a	libiconv	minor-alternative	clang-18-18.1.3	Os	libiconv-1.17	selected		clang-18-18.1.3/libiconv-1.17/Os/install/lib/libiconv.a
libiconv.a	libiconv	major-alternative	gcc-13-13.3.0	O0	libiconv-1.9.2	selected		gcc-13-13.3.0/libiconv-1.9.2/O0/install/lib/libiconv.a
libiconv.a	libiconv	major-alternative	gcc-13-13.3.0	O2	libiconv-1.9.2	selected		gcc-13-13.3.0/libiconv-1.9.2/O2/install/lib/libiconv.a
libiconv.a	libiconv	major-alternative	gcc-13-13.3.0	O3	libiconv-1.9.2	selected		gcc-13-13.3.0/libiconv-1.9.2/O3/install/lib/libiconv.a
libiconv.a	libiconv	major-alternative	gcc-13-13.3.0	Os	libiconv-1.9.2	selected		gcc-13-13.3.0/libiconv-1.9.2/Os/install/lib/libiconv.a
libiconv.a	libiconv	major-alternative	clang-18-18.1.3	O0	libiconv-1.9.2	selected		clang-18-18.1.3/libiconv-1.9.2/O0/install/lib/libiconv.a
libiconv.a	libiconv	major-alternative	clang-18-18.1.3	O2	libiconv-1.9.2	selected		clang-18-18.1.3/libiconv-1.9.2/O2/install/lib/libiconv.a
libiconv.a	libiconv	major-alternative	clang-18-18.1.3	O3	libiconv-1.9.2	selected		clang-18-18.1.3/libiconv-1.9.2/O3/install/lib/libiconv.a
libiconv.a	libiconv	major-alternative	clang-18-18.1.3	Os	libiconv-1.9.2	selected		clang-18-18.1.3/libiconv-1.9.2/Os/install/lib/libiconv.a
libidn2.a	libidn2	current	gcc-11-11.5.0	O0	libidn2-2.3.8	selected		gcc-11-11.5.0/libidn2-2.3.8/O0/install/lib/libidn2.a
libidn2.a	libidn2	current	gcc-11-11.5.0	O2	libidn2-2.3.8	selected		gcc-11-11.5.0/libidn2-2.3.8/O2/install/lib/libidn2.a
libidn2.a	libidn2	current	gcc-11-11.5.0	O3	libidn2-2.3.8	selected		gcc-11-11.5.0/libidn2-2.3.8/O3/install/lib/libidn2.a
libidn2.a	libidn2	current	gcc-11-11.5.0	Os	libidn2-2.3.8	selected		gcc-11-11.5.0/libidn2-2.3.8/Os/install/lib/libidn2.a
libidn2.a	libidn2	current	gcc-13-13.3.0	O0	libidn2-2.3.8	selected		gcc-13-13.3.0/libidn2-2.3.8/O0/install/lib/libidn2.a
libidn2.a	libidn2	current	gcc-13-13.3.0	O2	libidn2-2.3.8	selected		gcc-13-13.3.0/libidn2-2.3.8/O2/install/lib/libidn2.a
libidn2.a	libidn2	current	gcc-13-13.3.0	O3	libidn2-2.3.8	selected		gcc-13-13.3.0/libidn2-2.3.8/O3/install/lib/libidn2.a
libidn2.a	libidn2	current	gcc-13-13.3.0	Os	libidn2-2.3.8	selected		gcc-13-13.3.0/libidn2-2.3.8/Os/install/lib/libidn2.a
libidn2.a	libidn2	current	clang-14-14.0.6	O0	libidn2-2.3.8	selected		clang-14-14.0.6/libidn2-2.3.8/O0/install/lib/libidn2.a
libidn2.a	libidn2	current	clang-14-14.0.6	O2	libidn2-2.3.8	selected		clang-14-14.0.6/libidn2-2.3.8/O2/install/lib/libidn2.a
libidn2.a	libidn2	current	clang-14-14.0.6	O3	libidn2-2.3.8	selected		clang-14-14.0.6/libidn2-2.3.8/O3/install/lib/libidn2.a
libidn2.a	libidn2	current	clang-14-14.0.6	Os	libidn2-2.3.8	selected		clang-14-14.0.6/libidn2-2.3.8/Os/install/lib/libidn2.a
libidn2.a	libidn2	current	clang-18-18.1.3	O0	libidn2-2.3.8	selected		clang-18-18.1.3/libidn2-2.3.8/O0/install/lib/libidn2.a
libidn2.a	libidn2	current	clang-18-18.1.3	O2	libidn2-2.3.8	selected		clang-18-18.1.3/libidn2-2.3.8/O2/install/lib/libidn2.a
libidn2.a	libidn2	current	clang-18-18.1.3	O3	libidn2-2.3.8	selected		clang-18-18.1.3/libidn2-2.3.8/O3/install/lib/libidn2.a
libidn2.a	libidn2	current	clang-18-18.1.3	Os	libidn2-2.3.8	selected		clang-18-18.1.3/libidn2-2.3.8/Os/install/lib/libidn2.a
libidn2.a	libidn2	minor-alternative	gcc-13-13.3.0	O0	libidn2-2.2.0	selected		gcc-13-13.3.0/libidn2-2.2.0/O0/install/lib/libidn2.a
libidn2.a	libidn2	minor-alternative	gcc-13-13.3.0	O2	libidn2-2.2.0	selected		gcc-13-13.3.0/libidn2-2.2.0/O2/install/lib/libidn2.a
libidn2.a	libidn2	minor-alternative	gcc-13-13.3.0	O3	libidn2-2.2.0	selected		gcc-13-13.3.0/libidn2-2.2.0/O3/install/lib/libidn2.a
libidn2.a	libidn2	minor-alternative	gcc-13-13.3.0	Os	libidn2-2.2.0	selected		gcc-13-13.3.0/libidn2-2.2.0/Os/install/lib/libidn2.a
libidn2.a	libidn2	minor-alternative	clang-18-18.1.3	O0	libidn2-2.2.0	selected		clang-18-18.1.3/libidn2-2.2.0/O0/install/lib/libidn2.a
libidn2.a	libidn2	minor-alternative	clang-18-18.1.3	O2	libidn2-2.2.0	selected		clang-18-18.1.3/libidn2-2.2.0/O2/install/lib/libidn2.a
libidn2.a	libidn2	minor-alternative	clang-18-18.1.3	O3	libidn2-2.2.0	selected		clang-18-18.1.3/libidn2-2.2.0/O3/install/lib/libidn2.a
libidn2.a	libidn2	minor-alternative	clang-18-18.1.3	Os	libidn2-2.2.0	selected		clang-18-18.1.3/libidn2-2.2.0/Os/install/lib/libidn2.a
libidn2.a	libidn2	major-alternative	gcc-13-13.3.0	O0	libidn2-2.0.1	selected		gcc-13-13.3.0/libidn2-2.0.1/O0/install/lib/libidn2.a
libidn2.a	libidn2	major-alternative	gcc-13-13.3.0	O2	libidn2-2.0.1	selected		gcc-13-13.3.0/libidn2-2.0.1/O2/install/lib/libidn2.a
libidn2.a	libidn2	major-alternative	gcc-13-13.3.0	O3	libidn2-2.0.1	selected		gcc-13-13.3.0/libidn2-2.0.1/O3/install/lib/libidn2.a
libidn2.a	libidn2	major-alternative	gcc-13-13.3.0	Os	libidn2-2.0.1	selected		gcc-13-13.3.0/libidn2-2.0.1/Os/install/lib/libidn2.a
libidn2.a	libidn2	major-alternative	clang-18-18.1.3	O0	libidn2-2.0.1	selected		clang-18-18.1.3/libidn2-2.0.1/O0/install/lib/libidn2.a
libidn2.a	libidn2	major-alternative	clang-18-18.1.3	O2	libidn2-2.0.1	selected		clang-18-18.1.3/libidn2-2.0.1/O2/install/lib/libidn2.a
libidn2.a	libidn2	major-alternative	clang-18-18.1.3	O3	libidn2-2.0.1	selected		clang-18-18.1.3/libidn2-2.0.1/O3/install/lib/libidn2.a
libidn2.a	libidn2	major-alternative	clang-18-18.1.3	Os	libidn2-2.0.1	selected		clang-18-18.1.3/libidn2-2.0.1/Os/install/lib/libidn2.a
libinotify.a	glib	current	gcc-11-11.5.0	O0	glib-2.81.0	selected		gcc-11-11.5.0/glib-2.81.0/O0/install/lib/libinotify.a
libinotify.a	glib	current	gcc-11-11.5.0	O2	glib-2.81.0	selected		gcc-11-11.5.0/glib-2.81.0/O2/install/lib/libinotify.a
libinotify.a	glib	current	gcc-11-11.5.0	O3	glib-2.81.0	selected		gcc-11-11.5.0/glib-2.81.0/O3/install/lib/libinotify.a
libinotify.a	glib	current	gcc-11-11.5.0	Os	glib-2.81.0	selected		gcc-11-11.5.0/glib-2.81.0/Os/install/lib/libinotify.a
libinotify.a	glib	current	gcc-13-13.3.0	O0	glib-2.81.0	selected		gcc-13-13.3.0/glib-2.81.0/O0/install/lib/libinotify.a
libinotify.a	glib	current	gcc-13-13.3.0	O2	glib-2.81.0	selected		gcc-13-13.3.0/glib-2.81.0/O2/install/lib/libinotify.a
libinotify.a	glib	current	gcc-13-13.3.0	O3	glib-2.81.0	selected		gcc-13-13.3.0/glib-2.81.0/O3/install/lib/libinotify.a
libinotify.a	glib	current	gcc-13-13.3.0	Os	glib-2.81.0	selected		gcc-13-13.3.0/glib-2.81.0/Os/install/lib/libinotify.a
libinotify.a	glib	current	clang-14-14.0.6	O0	glib-2.81.0	selected		clang-14-14.0.6/glib-2.81.0/O0/install/lib/libinotify.a
libinotify.a	glib	current	clang-14-14.0.6	O2	glib-2.81.0	selected		clang-14-14.0.6/glib-2.81.0/O2/install/lib/libinotify.a
libinotify.a	glib	current	clang-14-14.0.6	O3	glib-2.81.0	selected		clang-14-14.0.6/glib-2.81.0/O3/install/lib/libinotify.a
libinotify.a	glib	current	clang-14-14.0.6	Os	glib-2.81.0	selected		clang-14-14.0.6/glib-2.81.0/Os/install/lib/libinotify.a
libinotify.a	glib	current	clang-18-18.1.3	O0	glib-2.81.0	selected		clang-18-18.1.3/glib-2.81.0/O0/install/lib/libinotify.a
libinotify.a	glib	current	clang-18-18.1.3	O2	glib-2.81.0	selected		clang-18-18.1.3/glib-2.81.0/O2/install/lib/libinotify.a
libinotify.a	glib	current	clang-18-18.1.3	O3	glib-2.81.0	selected		clang-18-18.1.3/glib-2.81.0/O3/install/lib/libinotify.a
libinotify.a	glib	current	clang-18-18.1.3	Os	glib-2.81.0	selected		clang-18-18.1.3/glib-2.81.0/Os/install/lib/libinotify.a
libinotify.a	glib	minor-alternative	gcc-13-13.3.0	O0	glib-2.80.1	selected		gcc-13-13.3.0/glib-2.80.1/O0/install/lib/libinotify.a
libinotify.a	glib	minor-alternative	gcc-13-13.3.0	O2	glib-2.80.1	selected		gcc-13-13.3.0/glib-2.80.1/O2/install/lib/libinotify.a
libinotify.a	glib	minor-alternative	gcc-13-13.3.0	O3	glib-2.80.1	selected		gcc-13-13.3.0/glib-2.80.1/O3/install/lib/libinotify.a
libinotify.a	glib	minor-alternative	gcc-13-13.3.0	Os	glib-2.80.1	selected		gcc-13-13.3.0/glib-2.80.1/Os/install/lib/libinotify.a
libinotify.a	glib	minor-alternative	clang-18-18.1.3	O0	glib-2.80.1	selected		clang-18-18.1.3/glib-2.80.1/O0/install/lib/libinotify.a
libinotify.a	glib	minor-alternative	clang-18-18.1.3	O2	glib-2.80.1	selected		clang-18-18.1.3/glib-2.80.1/O2/install/lib/libinotify.a
libinotify.a	glib	minor-alternative	clang-18-18.1.3	O3	glib-2.80.1	selected		clang-18-18.1.3/glib-2.80.1/O3/install/lib/libinotify.a
libinotify.a	glib	minor-alternative	clang-18-18.1.3	Os	glib-2.80.1	selected		clang-18-18.1.3/glib-2.80.1/Os/install/lib/libinotify.a
libinotify.a	glib	major-alternative	gcc-13-13.3.0	O0	glib-1.2.10-20	missing	archive_not_produced_by_version	
libinotify.a	glib	major-alternative	gcc-13-13.3.0	O2	glib-1.2.10-20	missing	archive_not_produced_by_version	
libinotify.a	glib	major-alternative	gcc-13-13.3.0	O3	glib-1.2.10-20	missing	archive_not_produced_by_version	
libinotify.a	glib	major-alternative	gcc-13-13.3.0	Os	glib-1.2.10-20	missing	archive_not_produced_by_version	
libinotify.a	glib	major-alternative	clang-18-18.1.3	O0	glib-1.2.10-20	missing	archive_not_produced_by_version	
libinotify.a	glib	major-alternative	clang-18-18.1.3	O2	glib-1.2.10-20	missing	archive_not_produced_by_version	
libinotify.a	glib	major-alternative	clang-18-18.1.3	O3	glib-1.2.10-20	missing	archive_not_produced_by_version	
libinotify.a	glib	major-alternative	clang-18-18.1.3	Os	glib-1.2.10-20	missing	archive_not_produced_by_version	
liblegacy.a	openssl	current	gcc-11-11.5.0	O0	openssl-3.5.0	missing	archive_not_produced_by_version	
liblegacy.a	openssl	current	gcc-11-11.5.0	O2	openssl-3.5.0	missing	archive_not_produced_by_version	
liblegacy.a	openssl	current	gcc-11-11.5.0	O3	openssl-3.5.0	missing	archive_not_produced_by_version	
liblegacy.a	openssl	current	gcc-11-11.5.0	Os	openssl-3.5.0	missing	archive_not_produced_by_version	
liblegacy.a	openssl	current	gcc-13-13.3.0	O0	openssl-3.5.0	missing	archive_not_produced_by_version	
liblegacy.a	openssl	current	gcc-13-13.3.0	O2	openssl-3.5.0	missing	archive_not_produced_by_version	
liblegacy.a	openssl	current	gcc-13-13.3.0	O3	openssl-3.5.0	missing	archive_not_produced_by_version	
liblegacy.a	openssl	current	gcc-13-13.3.0	Os	openssl-3.5.0	missing	archive_not_produced_by_version	
liblegacy.a	openssl	current	clang-14-14.0.6	O0	openssl-3.5.0	missing	archive_not_produced_by_version	
liblegacy.a	openssl	current	clang-14-14.0.6	O2	openssl-3.5.0	missing	archive_not_produced_by_version	
liblegacy.a	openssl	current	clang-14-14.0.6	O3	openssl-3.5.0	missing	archive_not_produced_by_version	
liblegacy.a	openssl	current	clang-14-14.0.6	Os	openssl-3.5.0	missing	archive_not_produced_by_version	
liblegacy.a	openssl	current	clang-18-18.1.3	O0	openssl-3.5.0	missing	archive_not_produced_by_version	
liblegacy.a	openssl	current	clang-18-18.1.3	O2	openssl-3.5.0	missing	archive_not_produced_by_version	
liblegacy.a	openssl	current	clang-18-18.1.3	O3	openssl-3.5.0	missing	archive_not_produced_by_version	
liblegacy.a	openssl	current	clang-18-18.1.3	Os	openssl-3.5.0	missing	archive_not_produced_by_version	
liblegacy.a	openssl	minor-alternative	gcc-13-13.3.0	O0	openssl-3.0.12	selected		gcc-13-13.3.0/openssl-3.0.12/O0/install/lib/liblegacy.a
liblegacy.a	openssl	minor-alternative	gcc-13-13.3.0	O2	openssl-3.0.12	selected		gcc-13-13.3.0/openssl-3.0.12/O2/install/lib/liblegacy.a
liblegacy.a	openssl	minor-alternative	gcc-13-13.3.0	O3	openssl-3.0.12	missing	archive_not_produced_by_version	
liblegacy.a	openssl	minor-alternative	gcc-13-13.3.0	Os	openssl-3.0.12	missing	archive_not_produced_by_version	
liblegacy.a	openssl	minor-alternative	clang-18-18.1.3	O0	openssl-3.0.12	missing	archive_not_produced_by_version	
liblegacy.a	openssl	minor-alternative	clang-18-18.1.3	O2	openssl-3.0.12	missing	archive_not_produced_by_version	
liblegacy.a	openssl	minor-alternative	clang-18-18.1.3	O3	openssl-3.0.12	missing	archive_not_produced_by_version	
liblegacy.a	openssl	minor-alternative	clang-18-18.1.3	Os	openssl-3.0.12	missing	archive_not_produced_by_version	
liblegacy.a	openssl	major-alternative	gcc-13-13.3.0	O0	openssl-1.1.1w	missing	archive_not_produced_by_version	
liblegacy.a	openssl	major-alternative	gcc-13-13.3.0	O2	openssl-1.1.1w	missing	archive_not_produced_by_version	
liblegacy.a	openssl	major-alternative	gcc-13-13.3.0	O3	openssl-1.1.1w	missing	archive_not_produced_by_version	
liblegacy.a	openssl	major-alternative	gcc-13-13.3.0	Os	openssl-1.1.1w	missing	archive_not_produced_by_version	
liblegacy.a	openssl	major-alternative	clang-18-18.1.3	O0	openssl-1.1.1w	missing	archive_not_produced_by_version	
liblegacy.a	openssl	major-alternative	clang-18-18.1.3	O2	openssl-1.1.1w	missing	archive_not_produced_by_version	
liblegacy.a	openssl	major-alternative	clang-18-18.1.3	O3	openssl-1.1.1w	missing	archive_not_produced_by_version	
liblegacy.a	openssl	major-alternative	clang-18-18.1.3	Os	openssl-1.1.1w	missing	archive_not_produced_by_version	
liblzma.a	xz	current	gcc-11-11.5.0	O0	xz|xz-5.6.1	selected		gcc-11-11.5.0/xz/O0/install/lib/liblzma.a
liblzma.a	xz	current	gcc-11-11.5.0	O2	xz|xz-5.6.1	selected		gcc-11-11.5.0/xz/O2/install/lib/liblzma.a
liblzma.a	xz	current	gcc-11-11.5.0	O3	xz|xz-5.6.1	selected		gcc-11-11.5.0/xz/O3/install/lib/liblzma.a
liblzma.a	xz	current	gcc-11-11.5.0	Os	xz|xz-5.6.1	selected		gcc-11-11.5.0/xz/Os/install/lib/liblzma.a
liblzma.a	xz	current	gcc-13-13.3.0	O0	xz|xz-5.6.1	selected		gcc-13-13.3.0/xz/O0/install/lib/liblzma.a
liblzma.a	xz	current	gcc-13-13.3.0	O2	xz|xz-5.6.1	selected		gcc-13-13.3.0/xz/O2/install/lib/liblzma.a
liblzma.a	xz	current	gcc-13-13.3.0	O3	xz|xz-5.6.1	selected		gcc-13-13.3.0/xz/O3/install/lib/liblzma.a
liblzma.a	xz	current	gcc-13-13.3.0	Os	xz|xz-5.6.1	selected		gcc-13-13.3.0/xz/Os/install/lib/liblzma.a
liblzma.a	xz	current	clang-14-14.0.6	O0	xz|xz-5.6.1	selected		clang-14-14.0.6/xz/O0/install/lib/liblzma.a
liblzma.a	xz	current	clang-14-14.0.6	O2	xz|xz-5.6.1	selected		clang-14-14.0.6/xz/O2/install/lib/liblzma.a
liblzma.a	xz	current	clang-14-14.0.6	O3	xz|xz-5.6.1	selected		clang-14-14.0.6/xz/O3/install/lib/liblzma.a
liblzma.a	xz	current	clang-14-14.0.6	Os	xz|xz-5.6.1	selected		clang-14-14.0.6/xz/Os/install/lib/liblzma.a
liblzma.a	xz	current	clang-18-18.1.3	O0	xz|xz-5.6.1	selected		clang-18-18.1.3/xz/O0/install/lib/liblzma.a
liblzma.a	xz	current	clang-18-18.1.3	O2	xz|xz-5.6.1	selected		clang-18-18.1.3/xz/O2/install/lib/liblzma.a
liblzma.a	xz	current	clang-18-18.1.3	O3	xz|xz-5.6.1	selected		clang-18-18.1.3/xz/O3/install/lib/liblzma.a
liblzma.a	xz	current	clang-18-18.1.3	Os	xz|xz-5.6.1	selected		clang-18-18.1.3/xz/Os/install/lib/liblzma.a
liblzma.a	xz	minor-alternative	gcc-13-13.3.0	O0	xz-5.4.7	selected		gcc-13-13.3.0/xz-5.4.7/O0/install/lib/liblzma.a
liblzma.a	xz	minor-alternative	gcc-13-13.3.0	O2	xz-5.4.7	selected		gcc-13-13.3.0/xz-5.4.7/O2/install/lib/liblzma.a
liblzma.a	xz	minor-alternative	gcc-13-13.3.0	O3	xz-5.4.7	selected		gcc-13-13.3.0/xz-5.4.7/O3/install/lib/liblzma.a
liblzma.a	xz	minor-alternative	gcc-13-13.3.0	Os	xz-5.4.7	selected		gcc-13-13.3.0/xz-5.4.7/Os/install/lib/liblzma.a
liblzma.a	xz	minor-alternative	clang-18-18.1.3	O0	xz-5.4.7	selected		clang-18-18.1.3/xz-5.4.7/O0/install/lib/liblzma.a
liblzma.a	xz	minor-alternative	clang-18-18.1.3	O2	xz-5.4.7	selected		clang-18-18.1.3/xz-5.4.7/O2/install/lib/liblzma.a
liblzma.a	xz	minor-alternative	clang-18-18.1.3	O3	xz-5.4.7	selected		clang-18-18.1.3/xz-5.4.7/O3/install/lib/liblzma.a
liblzma.a	xz	minor-alternative	clang-18-18.1.3	Os	xz-5.4.7	selected		clang-18-18.1.3/xz-5.4.7/Os/install/lib/liblzma.a
liblzma.a	xz	major-alternative	gcc-13-13.3.0	O0	xz-4.999.9beta+20100927-1	selected		gcc-13-13.3.0/xz-4.999.9beta+20100927-1/O0/install/lib/liblzma.a
liblzma.a	xz	major-alternative	gcc-13-13.3.0	O2	xz-4.999.9beta+20100927-1	selected		gcc-13-13.3.0/xz-4.999.9beta+20100927-1/O2/install/lib/liblzma.a
liblzma.a	xz	major-alternative	gcc-13-13.3.0	O3	xz-4.999.9beta+20100927-1	selected		gcc-13-13.3.0/xz-4.999.9beta+20100927-1/O3/install/lib/liblzma.a
liblzma.a	xz	major-alternative	gcc-13-13.3.0	Os	xz-4.999.9beta+20100927-1	selected		gcc-13-13.3.0/xz-4.999.9beta+20100927-1/Os/install/lib/liblzma.a
liblzma.a	xz	major-alternative	clang-18-18.1.3	O0	xz-4.999.9beta+20100927-1	selected		clang-18-18.1.3/xz-4.999.9beta+20100927-1/O0/install/lib/liblzma.a
liblzma.a	xz	major-alternative	clang-18-18.1.3	O2	xz-4.999.9beta+20100927-1	selected		clang-18-18.1.3/xz-4.999.9beta+20100927-1/O2/install/lib/liblzma.a
liblzma.a	xz	major-alternative	clang-18-18.1.3	O3	xz-4.999.9beta+20100927-1	selected		clang-18-18.1.3/xz-4.999.9beta+20100927-1/O3/install/lib/liblzma.a
liblzma.a	xz	major-alternative	clang-18-18.1.3	Os	xz-4.999.9beta+20100927-1	selected		clang-18-18.1.3/xz-4.999.9beta+20100927-1/Os/install/lib/liblzma.a
libm.a	glibc	current	gcc-11-11.5.0	O0	glibc-2.41	missing	unsupported_optimization	
libm.a	glibc	current	gcc-11-11.5.0	O2	glibc-2.41	selected		gcc-11-11.5.0/glibc-2.41/O2/install/lib/libm.a
libm.a	glibc	current	gcc-11-11.5.0	O3	glibc-2.41	selected		gcc-11-11.5.0/glibc-2.41/O3/install/lib/libm.a
libm.a	glibc	current	gcc-11-11.5.0	Os	glibc-2.41	selected		gcc-11-11.5.0/glibc-2.41/Os/install/lib/libm.a
libm.a	glibc	current	gcc-13-13.3.0	O0	glibc-2.41	missing	unsupported_optimization	
libm.a	glibc	current	gcc-13-13.3.0	O2	glibc-2.41	selected		gcc-13-13.3.0/glibc-2.41/O2/install/lib/libm.a
libm.a	glibc	current	gcc-13-13.3.0	O3	glibc-2.41	selected		gcc-13-13.3.0/glibc-2.41/O3/install/lib/libm.a
libm.a	glibc	current	gcc-13-13.3.0	Os	glibc-2.41	selected		gcc-13-13.3.0/glibc-2.41/Os/install/lib/libm.a
libm.a	glibc	current	clang-14-14.0.6	O0	glibc-2.41	missing	unsupported_compiler	
libm.a	glibc	current	clang-14-14.0.6	O2	glibc-2.41	missing	unsupported_compiler	
libm.a	glibc	current	clang-14-14.0.6	O3	glibc-2.41	missing	unsupported_compiler	
libm.a	glibc	current	clang-14-14.0.6	Os	glibc-2.41	missing	unsupported_compiler	
libm.a	glibc	current	clang-18-18.1.3	O0	glibc-2.41	missing	unsupported_compiler	
libm.a	glibc	current	clang-18-18.1.3	O2	glibc-2.41	missing	unsupported_compiler	
libm.a	glibc	current	clang-18-18.1.3	O3	glibc-2.41	missing	unsupported_compiler	
libm.a	glibc	current	clang-18-18.1.3	Os	glibc-2.41	missing	unsupported_compiler	
libm.a	glibc	minor-alternative	gcc-13-13.3.0	O0	glibc-2.39	missing	unsupported_optimization	
libm.a	glibc	minor-alternative	gcc-13-13.3.0	O2	glibc-2.39	missing	archive_not_produced_by_version	
libm.a	glibc	minor-alternative	gcc-13-13.3.0	O3	glibc-2.39	missing	archive_not_produced_by_version	
libm.a	glibc	minor-alternative	gcc-13-13.3.0	Os	glibc-2.39	missing	archive_not_produced_by_version	
libm.a	glibc	minor-alternative	clang-18-18.1.3	O0	glibc-2.39	missing	unsupported_compiler	
libm.a	glibc	minor-alternative	clang-18-18.1.3	O2	glibc-2.39	missing	unsupported_compiler	
libm.a	glibc	minor-alternative	clang-18-18.1.3	O3	glibc-2.39	missing	unsupported_compiler	
libm.a	glibc	minor-alternative	clang-18-18.1.3	Os	glibc-2.39	missing	unsupported_compiler	
libm.a	glibc	major-alternative	gcc-13-13.3.0	O0	glibc-2.17	missing	unsupported_optimization	
libm.a	glibc	major-alternative	gcc-13-13.3.0	O2	glibc-2.17	missing	archive_not_produced_by_version	
libm.a	glibc	major-alternative	gcc-13-13.3.0	O3	glibc-2.17	missing	archive_not_produced_by_version	
libm.a	glibc	major-alternative	gcc-13-13.3.0	Os	glibc-2.17	missing	archive_not_produced_by_version	
libm.a	glibc	major-alternative	clang-18-18.1.3	O0	glibc-2.17	missing	unsupported_compiler	
libm.a	glibc	major-alternative	clang-18-18.1.3	O2	glibc-2.17	missing	unsupported_compiler	
libm.a	glibc	major-alternative	clang-18-18.1.3	O3	glibc-2.17	missing	unsupported_compiler	
libm.a	glibc	major-alternative	clang-18-18.1.3	Os	glibc-2.17	missing	unsupported_compiler	
libmagic.a	file	current	gcc-11-11.5.0	O0	file-5.46	selected		gcc-11-11.5.0/file-5.46/O0/install/lib/libmagic.a
libmagic.a	file	current	gcc-11-11.5.0	O2	file-5.46	selected		gcc-11-11.5.0/file-5.46/O2/install/lib/libmagic.a
libmagic.a	file	current	gcc-11-11.5.0	O3	file-5.46	selected		gcc-11-11.5.0/file-5.46/O3/install/lib/libmagic.a
libmagic.a	file	current	gcc-11-11.5.0	Os	file-5.46	selected		gcc-11-11.5.0/file-5.46/Os/install/lib/libmagic.a
libmagic.a	file	current	gcc-13-13.3.0	O0	file-5.46	selected		gcc-13-13.3.0/file-5.46/O0/install/lib/libmagic.a
libmagic.a	file	current	gcc-13-13.3.0	O2	file-5.46	selected		gcc-13-13.3.0/file-5.46/O2/install/lib/libmagic.a
libmagic.a	file	current	gcc-13-13.3.0	O3	file-5.46	selected		gcc-13-13.3.0/file-5.46/O3/install/lib/libmagic.a
libmagic.a	file	current	gcc-13-13.3.0	Os	file-5.46	selected		gcc-13-13.3.0/file-5.46/Os/install/lib/libmagic.a
libmagic.a	file	current	clang-14-14.0.6	O0	file-5.46	selected		clang-14-14.0.6/file-5.46/O0/install/lib/libmagic.a
libmagic.a	file	current	clang-14-14.0.6	O2	file-5.46	selected		clang-14-14.0.6/file-5.46/O2/install/lib/libmagic.a
libmagic.a	file	current	clang-14-14.0.6	O3	file-5.46	selected		clang-14-14.0.6/file-5.46/O3/install/lib/libmagic.a
libmagic.a	file	current	clang-14-14.0.6	Os	file-5.46	selected		clang-14-14.0.6/file-5.46/Os/install/lib/libmagic.a
libmagic.a	file	current	clang-18-18.1.3	O0	file-5.46	selected		clang-18-18.1.3/file-5.46/O0/install/lib/libmagic.a
libmagic.a	file	current	clang-18-18.1.3	O2	file-5.46	selected		clang-18-18.1.3/file-5.46/O2/install/lib/libmagic.a
libmagic.a	file	current	clang-18-18.1.3	O3	file-5.46	selected		clang-18-18.1.3/file-5.46/O3/install/lib/libmagic.a
libmagic.a	file	current	clang-18-18.1.3	Os	file-5.46	selected		clang-18-18.1.3/file-5.46/Os/install/lib/libmagic.a
libmagic.a	file	minor-alternative	gcc-13-13.3.0	O0	file-5.45	selected		gcc-13-13.3.0/file-5.45/O0/install/lib/libmagic.a
libmagic.a	file	minor-alternative	gcc-13-13.3.0	O2	file-5.45	selected		gcc-13-13.3.0/file-5.45/O2/install/lib/libmagic.a
libmagic.a	file	minor-alternative	gcc-13-13.3.0	O3	file-5.45	selected		gcc-13-13.3.0/file-5.45/O3/install/lib/libmagic.a
libmagic.a	file	minor-alternative	gcc-13-13.3.0	Os	file-5.45	selected		gcc-13-13.3.0/file-5.45/Os/install/lib/libmagic.a
libmagic.a	file	minor-alternative	clang-18-18.1.3	O0	file-5.45	selected		clang-18-18.1.3/file-5.45/O0/install/lib/libmagic.a
libmagic.a	file	minor-alternative	clang-18-18.1.3	O2	file-5.45	selected		clang-18-18.1.3/file-5.45/O2/install/lib/libmagic.a
libmagic.a	file	minor-alternative	clang-18-18.1.3	O3	file-5.45	selected		clang-18-18.1.3/file-5.45/O3/install/lib/libmagic.a
libmagic.a	file	minor-alternative	clang-18-18.1.3	Os	file-5.45	selected		clang-18-18.1.3/file-5.45/Os/install/lib/libmagic.a
libmagic.a	file	major-alternative	gcc-13-13.3.0	O0	file-4.26-2	selected		gcc-13-13.3.0/file-4.26-2/O0/install/lib/libmagic.a
libmagic.a	file	major-alternative	gcc-13-13.3.0	O2	file-4.26-2	selected		gcc-13-13.3.0/file-4.26-2/O2/install/lib/libmagic.a
libmagic.a	file	major-alternative	gcc-13-13.3.0	O3	file-4.26-2	selected		gcc-13-13.3.0/file-4.26-2/O3/install/lib/libmagic.a
libmagic.a	file	major-alternative	gcc-13-13.3.0	Os	file-4.26-2	selected		gcc-13-13.3.0/file-4.26-2/Os/install/lib/libmagic.a
libmagic.a	file	major-alternative	clang-18-18.1.3	O0	file-4.26-2	selected		clang-18-18.1.3/file-4.26-2/O0/install/lib/libmagic.a
libmagic.a	file	major-alternative	clang-18-18.1.3	O2	file-4.26-2	selected		clang-18-18.1.3/file-4.26-2/O2/install/lib/libmagic.a
libmagic.a	file	major-alternative	clang-18-18.1.3	O3	file-4.26-2	selected		clang-18-18.1.3/file-4.26-2/O3/install/lib/libmagic.a
libmagic.a	file	major-alternative	clang-18-18.1.3	Os	file-4.26-2	selected		clang-18-18.1.3/file-4.26-2/Os/install/lib/libmagic.a
libmcheck.a	glibc	current	gcc-11-11.5.0	O0	glibc-2.41	missing	unsupported_optimization	
libmcheck.a	glibc	current	gcc-11-11.5.0	O2	glibc-2.41	selected		gcc-11-11.5.0/glibc-2.41/O2/install/lib/libmcheck.a
libmcheck.a	glibc	current	gcc-11-11.5.0	O3	glibc-2.41	selected		gcc-11-11.5.0/glibc-2.41/O3/install/lib/libmcheck.a
libmcheck.a	glibc	current	gcc-11-11.5.0	Os	glibc-2.41	selected		gcc-11-11.5.0/glibc-2.41/Os/install/lib/libmcheck.a
libmcheck.a	glibc	current	gcc-13-13.3.0	O0	glibc-2.41	missing	unsupported_optimization	
libmcheck.a	glibc	current	gcc-13-13.3.0	O2	glibc-2.41	selected		gcc-13-13.3.0/glibc-2.41/O2/install/lib/libmcheck.a
libmcheck.a	glibc	current	gcc-13-13.3.0	O3	glibc-2.41	selected		gcc-13-13.3.0/glibc-2.41/O3/install/lib/libmcheck.a
libmcheck.a	glibc	current	gcc-13-13.3.0	Os	glibc-2.41	selected		gcc-13-13.3.0/glibc-2.41/Os/install/lib/libmcheck.a
libmcheck.a	glibc	current	clang-14-14.0.6	O0	glibc-2.41	missing	unsupported_compiler	
libmcheck.a	glibc	current	clang-14-14.0.6	O2	glibc-2.41	missing	unsupported_compiler	
libmcheck.a	glibc	current	clang-14-14.0.6	O3	glibc-2.41	missing	unsupported_compiler	
libmcheck.a	glibc	current	clang-14-14.0.6	Os	glibc-2.41	missing	unsupported_compiler	
libmcheck.a	glibc	current	clang-18-18.1.3	O0	glibc-2.41	missing	unsupported_compiler	
libmcheck.a	glibc	current	clang-18-18.1.3	O2	glibc-2.41	missing	unsupported_compiler	
libmcheck.a	glibc	current	clang-18-18.1.3	O3	glibc-2.41	missing	unsupported_compiler	
libmcheck.a	glibc	current	clang-18-18.1.3	Os	glibc-2.41	missing	unsupported_compiler	
libmcheck.a	glibc	minor-alternative	gcc-13-13.3.0	O0	glibc-2.39	missing	unsupported_optimization	
libmcheck.a	glibc	minor-alternative	gcc-13-13.3.0	O2	glibc-2.39	missing	archive_not_produced_by_version	
libmcheck.a	glibc	minor-alternative	gcc-13-13.3.0	O3	glibc-2.39	missing	archive_not_produced_by_version	
libmcheck.a	glibc	minor-alternative	gcc-13-13.3.0	Os	glibc-2.39	missing	archive_not_produced_by_version	
libmcheck.a	glibc	minor-alternative	clang-18-18.1.3	O0	glibc-2.39	missing	unsupported_compiler	
libmcheck.a	glibc	minor-alternative	clang-18-18.1.3	O2	glibc-2.39	missing	unsupported_compiler	
libmcheck.a	glibc	minor-alternative	clang-18-18.1.3	O3	glibc-2.39	missing	unsupported_compiler	
libmcheck.a	glibc	minor-alternative	clang-18-18.1.3	Os	glibc-2.39	missing	unsupported_compiler	
libmcheck.a	glibc	major-alternative	gcc-13-13.3.0	O0	glibc-2.17	missing	unsupported_optimization	
libmcheck.a	glibc	major-alternative	gcc-13-13.3.0	O2	glibc-2.17	missing	archive_not_produced_by_version	
libmcheck.a	glibc	major-alternative	gcc-13-13.3.0	O3	glibc-2.17	missing	archive_not_produced_by_version	
libmcheck.a	glibc	major-alternative	gcc-13-13.3.0	Os	glibc-2.17	missing	archive_not_produced_by_version	
libmcheck.a	glibc	major-alternative	clang-18-18.1.3	O0	glibc-2.17	missing	unsupported_compiler	
libmcheck.a	glibc	major-alternative	clang-18-18.1.3	O2	glibc-2.17	missing	unsupported_compiler	
libmcheck.a	glibc	major-alternative	clang-18-18.1.3	O3	glibc-2.17	missing	unsupported_compiler	
libmcheck.a	glibc	major-alternative	clang-18-18.1.3	Os	glibc-2.17	missing	unsupported_compiler	
libmd.a	libmd	current	gcc-11-11.5.0	O0	libmd-1.1.0	selected		gcc-11-11.5.0/libmd-1.1.0/O0/install/lib/libmd.a
libmd.a	libmd	current	gcc-11-11.5.0	O2	libmd-1.1.0	selected		gcc-11-11.5.0/libmd-1.1.0/O2/install/lib/libmd.a
libmd.a	libmd	current	gcc-11-11.5.0	O3	libmd-1.1.0	selected		gcc-11-11.5.0/libmd-1.1.0/O3/install/lib/libmd.a
libmd.a	libmd	current	gcc-11-11.5.0	Os	libmd-1.1.0	selected		gcc-11-11.5.0/libmd-1.1.0/Os/install/lib/libmd.a
libmd.a	libmd	current	gcc-13-13.3.0	O0	libmd-1.1.0	selected		gcc-13-13.3.0/libmd-1.1.0/O0/install/lib/libmd.a
libmd.a	libmd	current	gcc-13-13.3.0	O2	libmd-1.1.0	selected		gcc-13-13.3.0/libmd-1.1.0/O2/install/lib/libmd.a
libmd.a	libmd	current	gcc-13-13.3.0	O3	libmd-1.1.0	selected		gcc-13-13.3.0/libmd-1.1.0/O3/install/lib/libmd.a
libmd.a	libmd	current	gcc-13-13.3.0	Os	libmd-1.1.0	selected		gcc-13-13.3.0/libmd-1.1.0/Os/install/lib/libmd.a
libmd.a	libmd	current	clang-14-14.0.6	O0	libmd-1.1.0	selected		clang-14-14.0.6/libmd-1.1.0/O0/install/lib/libmd.a
libmd.a	libmd	current	clang-14-14.0.6	O2	libmd-1.1.0	selected		clang-14-14.0.6/libmd-1.1.0/O2/install/lib/libmd.a
libmd.a	libmd	current	clang-14-14.0.6	O3	libmd-1.1.0	selected		clang-14-14.0.6/libmd-1.1.0/O3/install/lib/libmd.a
libmd.a	libmd	current	clang-14-14.0.6	Os	libmd-1.1.0	selected		clang-14-14.0.6/libmd-1.1.0/Os/install/lib/libmd.a
libmd.a	libmd	current	clang-18-18.1.3	O0	libmd-1.1.0	selected		clang-18-18.1.3/libmd-1.1.0/O0/install/lib/libmd.a
libmd.a	libmd	current	clang-18-18.1.3	O2	libmd-1.1.0	selected		clang-18-18.1.3/libmd-1.1.0/O2/install/lib/libmd.a
libmd.a	libmd	current	clang-18-18.1.3	O3	libmd-1.1.0	selected		clang-18-18.1.3/libmd-1.1.0/O3/install/lib/libmd.a
libmd.a	libmd	current	clang-18-18.1.3	Os	libmd-1.1.0	selected		clang-18-18.1.3/libmd-1.1.0/Os/install/lib/libmd.a
libmd.a	libmd	minor-alternative	gcc-13-13.3.0	O0	libmd-1.0.4	selected		gcc-13-13.3.0/libmd-1.0.4/O0/install/lib/libmd.a
libmd.a	libmd	minor-alternative	gcc-13-13.3.0	O2	libmd-1.0.4	selected		gcc-13-13.3.0/libmd-1.0.4/O2/install/lib/libmd.a
libmd.a	libmd	minor-alternative	gcc-13-13.3.0	O3	libmd-1.0.4	selected		gcc-13-13.3.0/libmd-1.0.4/O3/install/lib/libmd.a
libmd.a	libmd	minor-alternative	gcc-13-13.3.0	Os	libmd-1.0.4	selected		gcc-13-13.3.0/libmd-1.0.4/Os/install/lib/libmd.a
libmd.a	libmd	minor-alternative	clang-18-18.1.3	O0	libmd-1.0.4	selected		clang-18-18.1.3/libmd-1.0.4/O0/install/lib/libmd.a
libmd.a	libmd	minor-alternative	clang-18-18.1.3	O2	libmd-1.0.4	selected		clang-18-18.1.3/libmd-1.0.4/O2/install/lib/libmd.a
libmd.a	libmd	minor-alternative	clang-18-18.1.3	O3	libmd-1.0.4	selected		clang-18-18.1.3/libmd-1.0.4/O3/install/lib/libmd.a
libmd.a	libmd	minor-alternative	clang-18-18.1.3	Os	libmd-1.0.4	selected		clang-18-18.1.3/libmd-1.0.4/Os/install/lib/libmd.a
libmd.a	libmd	major-alternative	gcc-13-13.3.0	O0	libmd-0.0.0-3	selected		gcc-13-13.3.0/libmd-0.0.0-3/O0/install/lib/libmd.a
libmd.a	libmd	major-alternative	gcc-13-13.3.0	O2	libmd-0.0.0-3	selected		gcc-13-13.3.0/libmd-0.0.0-3/O2/install/lib/libmd.a
libmd.a	libmd	major-alternative	gcc-13-13.3.0	O3	libmd-0.0.0-3	selected		gcc-13-13.3.0/libmd-0.0.0-3/O3/install/lib/libmd.a
libmd.a	libmd	major-alternative	gcc-13-13.3.0	Os	libmd-0.0.0-3	selected		gcc-13-13.3.0/libmd-0.0.0-3/Os/install/lib/libmd.a
libmd.a	libmd	major-alternative	clang-18-18.1.3	O0	libmd-0.0.0-3	selected		clang-18-18.1.3/libmd-0.0.0-3/O0/install/lib/libmd.a
libmd.a	libmd	major-alternative	clang-18-18.1.3	O2	libmd-0.0.0-3	selected		clang-18-18.1.3/libmd-0.0.0-3/O2/install/lib/libmd.a
libmd.a	libmd	major-alternative	clang-18-18.1.3	O3	libmd-0.0.0-3	selected		clang-18-18.1.3/libmd-0.0.0-3/O3/install/lib/libmd.a
libmd.a	libmd	major-alternative	clang-18-18.1.3	Os	libmd-0.0.0-3	selected		clang-18-18.1.3/libmd-0.0.0-3/Os/install/lib/libmd.a
libmenu.a	ncurses	current	gcc-11-11.5.0	O0	ncurses-6.5	missing	archive_not_produced_by_version	
libmenu.a	ncurses	current	gcc-11-11.5.0	O2	ncurses-6.5	missing	archive_not_produced_by_version	
libmenu.a	ncurses	current	gcc-11-11.5.0	O3	ncurses-6.5	missing	archive_not_produced_by_version	
libmenu.a	ncurses	current	gcc-11-11.5.0	Os	ncurses-6.5	missing	archive_not_produced_by_version	
libmenu.a	ncurses	current	gcc-13-13.3.0	O0	ncurses-6.5	missing	archive_not_produced_by_version	
libmenu.a	ncurses	current	gcc-13-13.3.0	O2	ncurses-6.5	missing	archive_not_produced_by_version	
libmenu.a	ncurses	current	gcc-13-13.3.0	O3	ncurses-6.5	missing	archive_not_produced_by_version	
libmenu.a	ncurses	current	gcc-13-13.3.0	Os	ncurses-6.5	missing	archive_not_produced_by_version	
libmenu.a	ncurses	current	clang-14-14.0.6	O0	ncurses-6.5	missing	archive_not_produced_by_version	
libmenu.a	ncurses	current	clang-14-14.0.6	O2	ncurses-6.5	missing	archive_not_produced_by_version	
libmenu.a	ncurses	current	clang-14-14.0.6	O3	ncurses-6.5	missing	archive_not_produced_by_version	
libmenu.a	ncurses	current	clang-14-14.0.6	Os	ncurses-6.5	missing	archive_not_produced_by_version	
libmenu.a	ncurses	current	clang-18-18.1.3	O0	ncurses-6.5	missing	archive_not_produced_by_version	
libmenu.a	ncurses	current	clang-18-18.1.3	O2	ncurses-6.5	missing	archive_not_produced_by_version	
libmenu.a	ncurses	current	clang-18-18.1.3	O3	ncurses-6.5	missing	archive_not_produced_by_version	
libmenu.a	ncurses	current	clang-18-18.1.3	Os	ncurses-6.5	missing	archive_not_produced_by_version	
libmenu.a	ncurses	minor-alternative	gcc-13-13.3.0	O0	ncurses-6.4	selected		gcc-13-13.3.0/ncurses-6.4/O0/install/lib/libmenu.a
libmenu.a	ncurses	minor-alternative	gcc-13-13.3.0	O2	ncurses-6.4	selected		gcc-13-13.3.0/ncurses-6.4/O2/install/lib/libmenu.a
libmenu.a	ncurses	minor-alternative	gcc-13-13.3.0	O3	ncurses-6.4	selected		gcc-13-13.3.0/ncurses-6.4/O3/install/lib/libmenu.a
libmenu.a	ncurses	minor-alternative	gcc-13-13.3.0	Os	ncurses-6.4	selected		gcc-13-13.3.0/ncurses-6.4/Os/install/lib/libmenu.a
libmenu.a	ncurses	minor-alternative	clang-18-18.1.3	O0	ncurses-6.4	selected		clang-18-18.1.3/ncurses-6.4/O0/install/lib/libmenu.a
libmenu.a	ncurses	minor-alternative	clang-18-18.1.3	O2	ncurses-6.4	selected		clang-18-18.1.3/ncurses-6.4/O2/install/lib/libmenu.a
libmenu.a	ncurses	minor-alternative	clang-18-18.1.3	O3	ncurses-6.4	selected		clang-18-18.1.3/ncurses-6.4/O3/install/lib/libmenu.a
libmenu.a	ncurses	minor-alternative	clang-18-18.1.3	Os	ncurses-6.4	selected		clang-18-18.1.3/ncurses-6.4/Os/install/lib/libmenu.a
libmenu.a	ncurses	major-alternative	gcc-13-13.3.0	O0	ncurses-5.9	selected		gcc-13-13.3.0/ncurses-5.9/O0/install/lib/libmenu.a
libmenu.a	ncurses	major-alternative	gcc-13-13.3.0	O2	ncurses-5.9	selected		gcc-13-13.3.0/ncurses-5.9/O2/install/lib/libmenu.a
libmenu.a	ncurses	major-alternative	gcc-13-13.3.0	O3	ncurses-5.9	selected		gcc-13-13.3.0/ncurses-5.9/O3/install/lib/libmenu.a
libmenu.a	ncurses	major-alternative	gcc-13-13.3.0	Os	ncurses-5.9	selected		gcc-13-13.3.0/ncurses-5.9/Os/install/lib/libmenu.a
libmenu.a	ncurses	major-alternative	clang-18-18.1.3	O0	ncurses-5.9	selected		clang-18-18.1.3/ncurses-5.9/O0/install/lib/libmenu.a
libmenu.a	ncurses	major-alternative	clang-18-18.1.3	O2	ncurses-5.9	selected		clang-18-18.1.3/ncurses-5.9/O2/install/lib/libmenu.a
libmenu.a	ncurses	major-alternative	clang-18-18.1.3	O3	ncurses-5.9	selected		clang-18-18.1.3/ncurses-5.9/O3/install/lib/libmenu.a
libmenu.a	ncurses	major-alternative	clang-18-18.1.3	Os	ncurses-5.9	selected		clang-18-18.1.3/ncurses-5.9/Os/install/lib/libmenu.a
libmenuw.a	ncurses	current	gcc-11-11.5.0	O0	ncurses-6.5	selected		gcc-11-11.5.0/ncurses-6.5/O0/install/lib/libmenuw.a
libmenuw.a	ncurses	current	gcc-11-11.5.0	O2	ncurses-6.5	selected		gcc-11-11.5.0/ncurses-6.5/O2/install/lib/libmenuw.a
libmenuw.a	ncurses	current	gcc-11-11.5.0	O3	ncurses-6.5	selected		gcc-11-11.5.0/ncurses-6.5/O3/install/lib/libmenuw.a
libmenuw.a	ncurses	current	gcc-11-11.5.0	Os	ncurses-6.5	selected		gcc-11-11.5.0/ncurses-6.5/Os/install/lib/libmenuw.a
libmenuw.a	ncurses	current	gcc-13-13.3.0	O0	ncurses-6.5	selected		gcc-13-13.3.0/ncurses-6.5/O0/install/lib/libmenuw.a
libmenuw.a	ncurses	current	gcc-13-13.3.0	O2	ncurses-6.5	selected		gcc-13-13.3.0/ncurses-6.5/O2/install/lib/libmenuw.a
libmenuw.a	ncurses	current	gcc-13-13.3.0	O3	ncurses-6.5	selected		gcc-13-13.3.0/ncurses-6.5/O3/install/lib/libmenuw.a
libmenuw.a	ncurses	current	gcc-13-13.3.0	Os	ncurses-6.5	selected		gcc-13-13.3.0/ncurses-6.5/Os/install/lib/libmenuw.a
libmenuw.a	ncurses	current	clang-14-14.0.6	O0	ncurses-6.5	selected		clang-14-14.0.6/ncurses-6.5/O0/install/lib/libmenuw.a
libmenuw.a	ncurses	current	clang-14-14.0.6	O2	ncurses-6.5	selected		clang-14-14.0.6/ncurses-6.5/O2/install/lib/libmenuw.a
libmenuw.a	ncurses	current	clang-14-14.0.6	O3	ncurses-6.5	selected		clang-14-14.0.6/ncurses-6.5/O3/install/lib/libmenuw.a
libmenuw.a	ncurses	current	clang-14-14.0.6	Os	ncurses-6.5	selected		clang-14-14.0.6/ncurses-6.5/Os/install/lib/libmenuw.a
libmenuw.a	ncurses	current	clang-18-18.1.3	O0	ncurses-6.5	selected		clang-18-18.1.3/ncurses-6.5/O0/install/lib/libmenuw.a
libmenuw.a	ncurses	current	clang-18-18.1.3	O2	ncurses-6.5	selected		clang-18-18.1.3/ncurses-6.5/O2/install/lib/libmenuw.a
libmenuw.a	ncurses	current	clang-18-18.1.3	O3	ncurses-6.5	selected		clang-18-18.1.3/ncurses-6.5/O3/install/lib/libmenuw.a
libmenuw.a	ncurses	current	clang-18-18.1.3	Os	ncurses-6.5	selected		clang-18-18.1.3/ncurses-6.5/Os/install/lib/libmenuw.a
libmenuw.a	ncurses	minor-alternative	gcc-13-13.3.0	O0	ncurses-6.4	selected		gcc-13-13.3.0/ncurses-6.4/O0/install/lib/libmenuw.a
libmenuw.a	ncurses	minor-alternative	gcc-13-13.3.0	O2	ncurses-6.4	selected		gcc-13-13.3.0/ncurses-6.4/O2/install/lib/libmenuw.a
libmenuw.a	ncurses	minor-alternative	gcc-13-13.3.0	O3	ncurses-6.4	selected		gcc-13-13.3.0/ncurses-6.4/O3/install/lib/libmenuw.a
libmenuw.a	ncurses	minor-alternative	gcc-13-13.3.0	Os	ncurses-6.4	selected		gcc-13-13.3.0/ncurses-6.4/Os/install/lib/libmenuw.a
libmenuw.a	ncurses	minor-alternative	clang-18-18.1.3	O0	ncurses-6.4	selected		clang-18-18.1.3/ncurses-6.4/O0/install/lib/libmenuw.a
libmenuw.a	ncurses	minor-alternative	clang-18-18.1.3	O2	ncurses-6.4	selected		clang-18-18.1.3/ncurses-6.4/O2/install/lib/libmenuw.a
libmenuw.a	ncurses	minor-alternative	clang-18-18.1.3	O3	ncurses-6.4	selected		clang-18-18.1.3/ncurses-6.4/O3/install/lib/libmenuw.a
libmenuw.a	ncurses	minor-alternative	clang-18-18.1.3	Os	ncurses-6.4	selected		clang-18-18.1.3/ncurses-6.4/Os/install/lib/libmenuw.a
libmenuw.a	ncurses	major-alternative	gcc-13-13.3.0	O0	ncurses-5.9	selected		gcc-13-13.3.0/ncurses-5.9/O0/install/lib/libmenuw.a
libmenuw.a	ncurses	major-alternative	gcc-13-13.3.0	O2	ncurses-5.9	selected		gcc-13-13.3.0/ncurses-5.9/O2/install/lib/libmenuw.a
libmenuw.a	ncurses	major-alternative	gcc-13-13.3.0	O3	ncurses-5.9	selected		gcc-13-13.3.0/ncurses-5.9/O3/install/lib/libmenuw.a
libmenuw.a	ncurses	major-alternative	gcc-13-13.3.0	Os	ncurses-5.9	selected		gcc-13-13.3.0/ncurses-5.9/Os/install/lib/libmenuw.a
libmenuw.a	ncurses	major-alternative	clang-18-18.1.3	O0	ncurses-5.9	selected		clang-18-18.1.3/ncurses-5.9/O0/install/lib/libmenuw.a
libmenuw.a	ncurses	major-alternative	clang-18-18.1.3	O2	ncurses-5.9	selected		clang-18-18.1.3/ncurses-5.9/O2/install/lib/libmenuw.a
libmenuw.a	ncurses	major-alternative	clang-18-18.1.3	O3	ncurses-5.9	selected		clang-18-18.1.3/ncurses-5.9/O3/install/lib/libmenuw.a
libmenuw.a	ncurses	major-alternative	clang-18-18.1.3	Os	ncurses-5.9	selected		clang-18-18.1.3/ncurses-5.9/Os/install/lib/libmenuw.a
libmount.a	util-linux	current	gcc-11-11.5.0	O0	util-linux-2.39.3	selected		gcc-11-11.5.0/util-linux-2.39.3/O0/install/lib/libmount.a
libmount.a	util-linux	current	gcc-11-11.5.0	O2	util-linux-2.39.3	selected		gcc-11-11.5.0/util-linux-2.39.3/O2/install/lib/libmount.a
libmount.a	util-linux	current	gcc-11-11.5.0	O3	util-linux-2.39.3	selected		gcc-11-11.5.0/util-linux-2.39.3/O3/install/lib/libmount.a
libmount.a	util-linux	current	gcc-11-11.5.0	Os	util-linux-2.39.3	selected		gcc-11-11.5.0/util-linux-2.39.3/Os/install/lib/libmount.a
libmount.a	util-linux	current	gcc-13-13.3.0	O0	util-linux-2.39.3	selected		gcc-13-13.3.0/util-linux-2.39.3/O0/install/lib/libmount.a
libmount.a	util-linux	current	gcc-13-13.3.0	O2	util-linux-2.39.3	selected		gcc-13-13.3.0/util-linux-2.39.3/O2/install/lib/libmount.a
libmount.a	util-linux	current	gcc-13-13.3.0	O3	util-linux-2.39.3	selected		gcc-13-13.3.0/util-linux-2.39.3/O3/install/lib/libmount.a
libmount.a	util-linux	current	gcc-13-13.3.0	Os	util-linux-2.39.3	selected		gcc-13-13.3.0/util-linux-2.39.3/Os/install/lib/libmount.a
libmount.a	util-linux	current	clang-14-14.0.6	O0	util-linux-2.39.3	selected		clang-14-14.0.6/util-linux-2.39.3/O0/install/lib/libmount.a
libmount.a	util-linux	current	clang-14-14.0.6	O2	util-linux-2.39.3	selected		clang-14-14.0.6/util-linux-2.39.3/O2/install/lib/libmount.a
libmount.a	util-linux	current	clang-14-14.0.6	O3	util-linux-2.39.3	selected		clang-14-14.0.6/util-linux-2.39.3/O3/install/lib/libmount.a
libmount.a	util-linux	current	clang-14-14.0.6	Os	util-linux-2.39.3	selected		clang-14-14.0.6/util-linux-2.39.3/Os/install/lib/libmount.a
libmount.a	util-linux	current	clang-18-18.1.3	O0	util-linux-2.39.3	selected		clang-18-18.1.3/util-linux-2.39.3/O0/install/lib/libmount.a
libmount.a	util-linux	current	clang-18-18.1.3	O2	util-linux-2.39.3	selected		clang-18-18.1.3/util-linux-2.39.3/O2/install/lib/libmount.a
libmount.a	util-linux	current	clang-18-18.1.3	O3	util-linux-2.39.3	selected		clang-18-18.1.3/util-linux-2.39.3/O3/install/lib/libmount.a
libmount.a	util-linux	current	clang-18-18.1.3	Os	util-linux-2.39.3	selected		clang-18-18.1.3/util-linux-2.39.3/Os/install/lib/libmount.a
libmount.a	util-linux	minor-alternative	gcc-13-13.3.0	O0	util-linux-2.39.2	selected		gcc-13-13.3.0/util-linux-2.39.2/O0/install/lib/libmount.a
libmount.a	util-linux	minor-alternative	gcc-13-13.3.0	O2	util-linux-2.39.2	selected		gcc-13-13.3.0/util-linux-2.39.2/O2/install/lib/libmount.a
libmount.a	util-linux	minor-alternative	gcc-13-13.3.0	O3	util-linux-2.39.2	selected		gcc-13-13.3.0/util-linux-2.39.2/O3/install/lib/libmount.a
libmount.a	util-linux	minor-alternative	gcc-13-13.3.0	Os	util-linux-2.39.2	selected		gcc-13-13.3.0/util-linux-2.39.2/Os/install/lib/libmount.a
libmount.a	util-linux	minor-alternative	clang-18-18.1.3	O0	util-linux-2.39.2	selected		clang-18-18.1.3/util-linux-2.39.2/O0/install/lib/libmount.a
libmount.a	util-linux	minor-alternative	clang-18-18.1.3	O2	util-linux-2.39.2	selected		clang-18-18.1.3/util-linux-2.39.2/O2/install/lib/libmount.a
libmount.a	util-linux	minor-alternative	clang-18-18.1.3	O3	util-linux-2.39.2	selected		clang-18-18.1.3/util-linux-2.39.2/O3/install/lib/libmount.a
libmount.a	util-linux	minor-alternative	clang-18-18.1.3	Os	util-linux-2.39.2	selected		clang-18-18.1.3/util-linux-2.39.2/Os/install/lib/libmount.a
libmount.a	util-linux	major-alternative	gcc-13-13.3.0	O0	util-linux-2.38.1	selected		gcc-13-13.3.0/util-linux-2.38.1/O0/install/lib/libmount.a
libmount.a	util-linux	major-alternative	gcc-13-13.3.0	O2	util-linux-2.38.1	selected		gcc-13-13.3.0/util-linux-2.38.1/O2/install/lib/libmount.a
libmount.a	util-linux	major-alternative	gcc-13-13.3.0	O3	util-linux-2.38.1	selected		gcc-13-13.3.0/util-linux-2.38.1/O3/install/lib/libmount.a
libmount.a	util-linux	major-alternative	gcc-13-13.3.0	Os	util-linux-2.38.1	selected		gcc-13-13.3.0/util-linux-2.38.1/Os/install/lib/libmount.a
libmount.a	util-linux	major-alternative	clang-18-18.1.3	O0	util-linux-2.38.1	selected		clang-18-18.1.3/util-linux-2.38.1/O0/install/lib/libmount.a
libmount.a	util-linux	major-alternative	clang-18-18.1.3	O2	util-linux-2.38.1	selected		clang-18-18.1.3/util-linux-2.38.1/O2/install/lib/libmount.a
libmount.a	util-linux	major-alternative	clang-18-18.1.3	O3	util-linux-2.38.1	selected		clang-18-18.1.3/util-linux-2.38.1/O3/install/lib/libmount.a
libmount.a	util-linux	major-alternative	clang-18-18.1.3	Os	util-linux-2.38.1	selected		clang-18-18.1.3/util-linux-2.38.1/Os/install/lib/libmount.a
libmpf.a	gmp	current	gcc-11-11.5.0	O0	gmp-6.3.0|gmp-6.3	selected		gcc-11-11.5.0/gmp-6.3/O0/install/lib/libmpf.a
libmpf.a	gmp	current	gcc-11-11.5.0	O2	gmp-6.3.0|gmp-6.3	selected		gcc-11-11.5.0/gmp-6.3/O2/install/lib/libmpf.a
libmpf.a	gmp	current	gcc-11-11.5.0	O3	gmp-6.3.0|gmp-6.3	selected		gcc-11-11.5.0/gmp-6.3/O3/install/lib/libmpf.a
libmpf.a	gmp	current	gcc-11-11.5.0	Os	gmp-6.3.0|gmp-6.3	selected		gcc-11-11.5.0/gmp-6.3/Os/install/lib/libmpf.a
libmpf.a	gmp	current	gcc-13-13.3.0	O0	gmp-6.3.0|gmp-6.3	selected		gcc-13-13.3.0/gmp-6.3/O0/install/lib/libmpf.a
libmpf.a	gmp	current	gcc-13-13.3.0	O2	gmp-6.3.0|gmp-6.3	selected		gcc-13-13.3.0/gmp-6.3/O2/install/lib/libmpf.a
libmpf.a	gmp	current	gcc-13-13.3.0	O3	gmp-6.3.0|gmp-6.3	selected		gcc-13-13.3.0/gmp-6.3/O3/install/lib/libmpf.a
libmpf.a	gmp	current	gcc-13-13.3.0	Os	gmp-6.3.0|gmp-6.3	selected		gcc-13-13.3.0/gmp-6.3/Os/install/lib/libmpf.a
libmpf.a	gmp	current	clang-14-14.0.6	O0	gmp-6.3.0|gmp-6.3	selected		clang-14-14.0.6/gmp-6.3/O0/install/lib/libmpf.a
libmpf.a	gmp	current	clang-14-14.0.6	O2	gmp-6.3.0|gmp-6.3	selected		clang-14-14.0.6/gmp-6.3/O2/install/lib/libmpf.a
libmpf.a	gmp	current	clang-14-14.0.6	O3	gmp-6.3.0|gmp-6.3	selected		clang-14-14.0.6/gmp-6.3/O3/install/lib/libmpf.a
libmpf.a	gmp	current	clang-14-14.0.6	Os	gmp-6.3.0|gmp-6.3	selected		clang-14-14.0.6/gmp-6.3/Os/install/lib/libmpf.a
libmpf.a	gmp	current	clang-18-18.1.3	O0	gmp-6.3.0|gmp-6.3	selected		clang-18-18.1.3/gmp-6.3/O0/install/lib/libmpf.a
libmpf.a	gmp	current	clang-18-18.1.3	O2	gmp-6.3.0|gmp-6.3	selected		clang-18-18.1.3/gmp-6.3/O2/install/lib/libmpf.a
libmpf.a	gmp	current	clang-18-18.1.3	O3	gmp-6.3.0|gmp-6.3	selected		clang-18-18.1.3/gmp-6.3/O3/install/lib/libmpf.a
libmpf.a	gmp	current	clang-18-18.1.3	Os	gmp-6.3.0|gmp-6.3	selected		clang-18-18.1.3/gmp-6.3/Os/install/lib/libmpf.a
libmpf.a	gmp	minor-alternative	gcc-13-13.3.0	O0	gmp-6.2	selected		gcc-13-13.3.0/gmp-6.2/O0/install/lib/libmpf.a
libmpf.a	gmp	minor-alternative	gcc-13-13.3.0	O2	gmp-6.2	selected		gcc-13-13.3.0/gmp-6.2/O2/install/lib/libmpf.a
libmpf.a	gmp	minor-alternative	gcc-13-13.3.0	O3	gmp-6.2	selected		gcc-13-13.3.0/gmp-6.2/O3/install/lib/libmpf.a
libmpf.a	gmp	minor-alternative	gcc-13-13.3.0	Os	gmp-6.2	selected		gcc-13-13.3.0/gmp-6.2/Os/install/lib/libmpf.a
libmpf.a	gmp	minor-alternative	clang-18-18.1.3	O0	gmp-6.2	selected		clang-18-18.1.3/gmp-6.2/O0/install/lib/libmpf.a
libmpf.a	gmp	minor-alternative	clang-18-18.1.3	O2	gmp-6.2	selected		clang-18-18.1.3/gmp-6.2/O2/install/lib/libmpf.a
libmpf.a	gmp	minor-alternative	clang-18-18.1.3	O3	gmp-6.2	selected		clang-18-18.1.3/gmp-6.2/O3/install/lib/libmpf.a
libmpf.a	gmp	minor-alternative	clang-18-18.1.3	Os	gmp-6.2	selected		clang-18-18.1.3/gmp-6.2/Os/install/lib/libmpf.a
libmpf.a	gmp	major-alternative	gcc-13-13.3.0	O0	gmp-5.1	selected		gcc-13-13.3.0/gmp-5.1/O0/install/lib/libmpf.a
libmpf.a	gmp	major-alternative	gcc-13-13.3.0	O2	gmp-5.1	selected		gcc-13-13.3.0/gmp-5.1/O2/install/lib/libmpf.a
libmpf.a	gmp	major-alternative	gcc-13-13.3.0	O3	gmp-5.1	selected		gcc-13-13.3.0/gmp-5.1/O3/install/lib/libmpf.a
libmpf.a	gmp	major-alternative	gcc-13-13.3.0	Os	gmp-5.1	selected		gcc-13-13.3.0/gmp-5.1/Os/install/lib/libmpf.a
libmpf.a	gmp	major-alternative	clang-18-18.1.3	O0	gmp-5.1	selected		clang-18-18.1.3/gmp-5.1/O0/install/lib/libmpf.a
libmpf.a	gmp	major-alternative	clang-18-18.1.3	O2	gmp-5.1	selected		clang-18-18.1.3/gmp-5.1/O2/install/lib/libmpf.a
libmpf.a	gmp	major-alternative	clang-18-18.1.3	O3	gmp-5.1	selected		clang-18-18.1.3/gmp-5.1/O3/install/lib/libmpf.a
libmpf.a	gmp	major-alternative	clang-18-18.1.3	Os	gmp-5.1	selected		clang-18-18.1.3/gmp-5.1/Os/install/lib/libmpf.a
libmpfr.a	mpfr	current	gcc-11-11.5.0	O0	mpfr-4.2.1	selected		gcc-11-11.5.0/mpfr-4.2.1/O0/install/lib/libmpfr.a
libmpfr.a	mpfr	current	gcc-11-11.5.0	O2	mpfr-4.2.1	selected		gcc-11-11.5.0/mpfr-4.2.1/O2/install/lib/libmpfr.a
libmpfr.a	mpfr	current	gcc-11-11.5.0	O3	mpfr-4.2.1	selected		gcc-11-11.5.0/mpfr-4.2.1/O3/install/lib/libmpfr.a
libmpfr.a	mpfr	current	gcc-11-11.5.0	Os	mpfr-4.2.1	selected		gcc-11-11.5.0/mpfr-4.2.1/Os/install/lib/libmpfr.a
libmpfr.a	mpfr	current	gcc-13-13.3.0	O0	mpfr-4.2.1	selected		gcc-13-13.3.0/mpfr-4.2.1/O0/install/lib/libmpfr.a
libmpfr.a	mpfr	current	gcc-13-13.3.0	O2	mpfr-4.2.1	selected		gcc-13-13.3.0/mpfr-4.2.1/O2/install/lib/libmpfr.a
libmpfr.a	mpfr	current	gcc-13-13.3.0	O3	mpfr-4.2.1	selected		gcc-13-13.3.0/mpfr-4.2.1/O3/install/lib/libmpfr.a
libmpfr.a	mpfr	current	gcc-13-13.3.0	Os	mpfr-4.2.1	selected		gcc-13-13.3.0/mpfr-4.2.1/Os/install/lib/libmpfr.a
libmpfr.a	mpfr	current	clang-14-14.0.6	O0	mpfr-4.2.1	selected		clang-14-14.0.6/mpfr-4.2.1/O0/install/lib/libmpfr.a
libmpfr.a	mpfr	current	clang-14-14.0.6	O2	mpfr-4.2.1	selected		clang-14-14.0.6/mpfr-4.2.1/O2/install/lib/libmpfr.a
libmpfr.a	mpfr	current	clang-14-14.0.6	O3	mpfr-4.2.1	selected		clang-14-14.0.6/mpfr-4.2.1/O3/install/lib/libmpfr.a
libmpfr.a	mpfr	current	clang-14-14.0.6	Os	mpfr-4.2.1	selected		clang-14-14.0.6/mpfr-4.2.1/Os/install/lib/libmpfr.a
libmpfr.a	mpfr	current	clang-18-18.1.3	O0	mpfr-4.2.1	selected		clang-18-18.1.3/mpfr-4.2.1/O0/install/lib/libmpfr.a
libmpfr.a	mpfr	current	clang-18-18.1.3	O2	mpfr-4.2.1	selected		clang-18-18.1.3/mpfr-4.2.1/O2/install/lib/libmpfr.a
libmpfr.a	mpfr	current	clang-18-18.1.3	O3	mpfr-4.2.1	selected		clang-18-18.1.3/mpfr-4.2.1/O3/install/lib/libmpfr.a
libmpfr.a	mpfr	current	clang-18-18.1.3	Os	mpfr-4.2.1	selected		clang-18-18.1.3/mpfr-4.2.1/Os/install/lib/libmpfr.a
libmpfr.a	mpfr	minor-alternative	gcc-13-13.3.0	O0	mpfr-4.1.0	selected		gcc-13-13.3.0/mpfr-4.1.0/O0/install/lib/libmpfr.a
libmpfr.a	mpfr	minor-alternative	gcc-13-13.3.0	O2	mpfr-4.1.0	selected		gcc-13-13.3.0/mpfr-4.1.0/O2/install/lib/libmpfr.a
libmpfr.a	mpfr	minor-alternative	gcc-13-13.3.0	O3	mpfr-4.1.0	selected		gcc-13-13.3.0/mpfr-4.1.0/O3/install/lib/libmpfr.a
libmpfr.a	mpfr	minor-alternative	gcc-13-13.3.0	Os	mpfr-4.1.0	selected		gcc-13-13.3.0/mpfr-4.1.0/Os/install/lib/libmpfr.a
libmpfr.a	mpfr	minor-alternative	clang-18-18.1.3	O0	mpfr-4.1.0	selected		clang-18-18.1.3/mpfr-4.1.0/O0/install/lib/libmpfr.a
libmpfr.a	mpfr	minor-alternative	clang-18-18.1.3	O2	mpfr-4.1.0	selected		clang-18-18.1.3/mpfr-4.1.0/O2/install/lib/libmpfr.a
libmpfr.a	mpfr	minor-alternative	clang-18-18.1.3	O3	mpfr-4.1.0	selected		clang-18-18.1.3/mpfr-4.1.0/O3/install/lib/libmpfr.a
libmpfr.a	mpfr	minor-alternative	clang-18-18.1.3	Os	mpfr-4.1.0	selected		clang-18-18.1.3/mpfr-4.1.0/Os/install/lib/libmpfr.a
libmpfr.a	mpfr	major-alternative	gcc-13-13.3.0	O0	mpfr-3.1.6	selected		gcc-13-13.3.0/mpfr-3.1.6/O0/install/lib/libmpfr.a
libmpfr.a	mpfr	major-alternative	gcc-13-13.3.0	O2	mpfr-3.1.6	selected		gcc-13-13.3.0/mpfr-3.1.6/O2/install/lib/libmpfr.a
libmpfr.a	mpfr	major-alternative	gcc-13-13.3.0	O3	mpfr-3.1.6	selected		gcc-13-13.3.0/mpfr-3.1.6/O3/install/lib/libmpfr.a
libmpfr.a	mpfr	major-alternative	gcc-13-13.3.0	Os	mpfr-3.1.6	selected		gcc-13-13.3.0/mpfr-3.1.6/Os/install/lib/libmpfr.a
libmpfr.a	mpfr	major-alternative	clang-18-18.1.3	O0	mpfr-3.1.6	selected		clang-18-18.1.3/mpfr-3.1.6/O0/install/lib/libmpfr.a
libmpfr.a	mpfr	major-alternative	clang-18-18.1.3	O2	mpfr-3.1.6	selected		clang-18-18.1.3/mpfr-3.1.6/O2/install/lib/libmpfr.a
libmpfr.a	mpfr	major-alternative	clang-18-18.1.3	O3	mpfr-3.1.6	selected		clang-18-18.1.3/mpfr-3.1.6/O3/install/lib/libmpfr.a
libmpfr.a	mpfr	major-alternative	clang-18-18.1.3	Os	mpfr-3.1.6	selected		clang-18-18.1.3/mpfr-3.1.6/Os/install/lib/libmpfr.a
libmpn.a	gmp	current	gcc-11-11.5.0	O0	gmp-6.3.0|gmp-6.3	selected		gcc-11-11.5.0/gmp-6.3/O0/install/lib/libmpn.a
libmpn.a	gmp	current	gcc-11-11.5.0	O2	gmp-6.3.0|gmp-6.3	selected		gcc-11-11.5.0/gmp-6.3/O2/install/lib/libmpn.a
libmpn.a	gmp	current	gcc-11-11.5.0	O3	gmp-6.3.0|gmp-6.3	selected		gcc-11-11.5.0/gmp-6.3/O3/install/lib/libmpn.a
libmpn.a	gmp	current	gcc-11-11.5.0	Os	gmp-6.3.0|gmp-6.3	selected		gcc-11-11.5.0/gmp-6.3/Os/install/lib/libmpn.a
libmpn.a	gmp	current	gcc-13-13.3.0	O0	gmp-6.3.0|gmp-6.3	selected		gcc-13-13.3.0/gmp-6.3/O0/install/lib/libmpn.a
libmpn.a	gmp	current	gcc-13-13.3.0	O2	gmp-6.3.0|gmp-6.3	selected		gcc-13-13.3.0/gmp-6.3/O2/install/lib/libmpn.a
libmpn.a	gmp	current	gcc-13-13.3.0	O3	gmp-6.3.0|gmp-6.3	selected		gcc-13-13.3.0/gmp-6.3/O3/install/lib/libmpn.a
libmpn.a	gmp	current	gcc-13-13.3.0	Os	gmp-6.3.0|gmp-6.3	selected		gcc-13-13.3.0/gmp-6.3/Os/install/lib/libmpn.a
libmpn.a	gmp	current	clang-14-14.0.6	O0	gmp-6.3.0|gmp-6.3	selected		clang-14-14.0.6/gmp-6.3/O0/install/lib/libmpn.a
libmpn.a	gmp	current	clang-14-14.0.6	O2	gmp-6.3.0|gmp-6.3	selected		clang-14-14.0.6/gmp-6.3/O2/install/lib/libmpn.a
libmpn.a	gmp	current	clang-14-14.0.6	O3	gmp-6.3.0|gmp-6.3	selected		clang-14-14.0.6/gmp-6.3/O3/install/lib/libmpn.a
libmpn.a	gmp	current	clang-14-14.0.6	Os	gmp-6.3.0|gmp-6.3	selected		clang-14-14.0.6/gmp-6.3/Os/install/lib/libmpn.a
libmpn.a	gmp	current	clang-18-18.1.3	O0	gmp-6.3.0|gmp-6.3	selected		clang-18-18.1.3/gmp-6.3/O0/install/lib/libmpn.a
libmpn.a	gmp	current	clang-18-18.1.3	O2	gmp-6.3.0|gmp-6.3	selected		clang-18-18.1.3/gmp-6.3/O2/install/lib/libmpn.a
libmpn.a	gmp	current	clang-18-18.1.3	O3	gmp-6.3.0|gmp-6.3	selected		clang-18-18.1.3/gmp-6.3/O3/install/lib/libmpn.a
libmpn.a	gmp	current	clang-18-18.1.3	Os	gmp-6.3.0|gmp-6.3	selected		clang-18-18.1.3/gmp-6.3/Os/install/lib/libmpn.a
libmpn.a	gmp	minor-alternative	gcc-13-13.3.0	O0	gmp-6.2	selected		gcc-13-13.3.0/gmp-6.2/O0/install/lib/libmpn.a
libmpn.a	gmp	minor-alternative	gcc-13-13.3.0	O2	gmp-6.2	selected		gcc-13-13.3.0/gmp-6.2/O2/install/lib/libmpn.a
libmpn.a	gmp	minor-alternative	gcc-13-13.3.0	O3	gmp-6.2	selected		gcc-13-13.3.0/gmp-6.2/O3/install/lib/libmpn.a
libmpn.a	gmp	minor-alternative	gcc-13-13.3.0	Os	gmp-6.2	selected		gcc-13-13.3.0/gmp-6.2/Os/install/lib/libmpn.a
libmpn.a	gmp	minor-alternative	clang-18-18.1.3	O0	gmp-6.2	selected		clang-18-18.1.3/gmp-6.2/O0/install/lib/libmpn.a
libmpn.a	gmp	minor-alternative	clang-18-18.1.3	O2	gmp-6.2	selected		clang-18-18.1.3/gmp-6.2/O2/install/lib/libmpn.a
libmpn.a	gmp	minor-alternative	clang-18-18.1.3	O3	gmp-6.2	selected		clang-18-18.1.3/gmp-6.2/O3/install/lib/libmpn.a
libmpn.a	gmp	minor-alternative	clang-18-18.1.3	Os	gmp-6.2	selected		clang-18-18.1.3/gmp-6.2/Os/install/lib/libmpn.a
libmpn.a	gmp	major-alternative	gcc-13-13.3.0	O0	gmp-5.1	selected		gcc-13-13.3.0/gmp-5.1/O0/install/lib/libmpn.a
libmpn.a	gmp	major-alternative	gcc-13-13.3.0	O2	gmp-5.1	selected		gcc-13-13.3.0/gmp-5.1/O2/install/lib/libmpn.a
libmpn.a	gmp	major-alternative	gcc-13-13.3.0	O3	gmp-5.1	selected		gcc-13-13.3.0/gmp-5.1/O3/install/lib/libmpn.a
libmpn.a	gmp	major-alternative	gcc-13-13.3.0	Os	gmp-5.1	selected		gcc-13-13.3.0/gmp-5.1/Os/install/lib/libmpn.a
libmpn.a	gmp	major-alternative	clang-18-18.1.3	O0	gmp-5.1	selected		clang-18-18.1.3/gmp-5.1/O0/install/lib/libmpn.a
libmpn.a	gmp	major-alternative	clang-18-18.1.3	O2	gmp-5.1	selected		clang-18-18.1.3/gmp-5.1/O2/install/lib/libmpn.a
libmpn.a	gmp	major-alternative	clang-18-18.1.3	O3	gmp-5.1	selected		clang-18-18.1.3/gmp-5.1/O3/install/lib/libmpn.a
libmpn.a	gmp	major-alternative	clang-18-18.1.3	Os	gmp-5.1	selected		clang-18-18.1.3/gmp-5.1/Os/install/lib/libmpn.a
libmpq.a	gmp	current	gcc-11-11.5.0	O0	gmp-6.3.0|gmp-6.3	selected		gcc-11-11.5.0/gmp-6.3/O0/install/lib/libmpq.a
libmpq.a	gmp	current	gcc-11-11.5.0	O2	gmp-6.3.0|gmp-6.3	selected		gcc-11-11.5.0/gmp-6.3/O2/install/lib/libmpq.a
libmpq.a	gmp	current	gcc-11-11.5.0	O3	gmp-6.3.0|gmp-6.3	selected		gcc-11-11.5.0/gmp-6.3/O3/install/lib/libmpq.a
libmpq.a	gmp	current	gcc-11-11.5.0	Os	gmp-6.3.0|gmp-6.3	selected		gcc-11-11.5.0/gmp-6.3/Os/install/lib/libmpq.a
libmpq.a	gmp	current	gcc-13-13.3.0	O0	gmp-6.3.0|gmp-6.3	selected		gcc-13-13.3.0/gmp-6.3/O0/install/lib/libmpq.a
libmpq.a	gmp	current	gcc-13-13.3.0	O2	gmp-6.3.0|gmp-6.3	selected		gcc-13-13.3.0/gmp-6.3/O2/install/lib/libmpq.a
libmpq.a	gmp	current	gcc-13-13.3.0	O3	gmp-6.3.0|gmp-6.3	selected		gcc-13-13.3.0/gmp-6.3/O3/install/lib/libmpq.a
libmpq.a	gmp	current	gcc-13-13.3.0	Os	gmp-6.3.0|gmp-6.3	selected		gcc-13-13.3.0/gmp-6.3/Os/install/lib/libmpq.a
libmpq.a	gmp	current	clang-14-14.0.6	O0	gmp-6.3.0|gmp-6.3	selected		clang-14-14.0.6/gmp-6.3/O0/install/lib/libmpq.a
libmpq.a	gmp	current	clang-14-14.0.6	O2	gmp-6.3.0|gmp-6.3	selected		clang-14-14.0.6/gmp-6.3/O2/install/lib/libmpq.a
libmpq.a	gmp	current	clang-14-14.0.6	O3	gmp-6.3.0|gmp-6.3	selected		clang-14-14.0.6/gmp-6.3/O3/install/lib/libmpq.a
libmpq.a	gmp	current	clang-14-14.0.6	Os	gmp-6.3.0|gmp-6.3	selected		clang-14-14.0.6/gmp-6.3/Os/install/lib/libmpq.a
libmpq.a	gmp	current	clang-18-18.1.3	O0	gmp-6.3.0|gmp-6.3	selected		clang-18-18.1.3/gmp-6.3/O0/install/lib/libmpq.a
libmpq.a	gmp	current	clang-18-18.1.3	O2	gmp-6.3.0|gmp-6.3	selected		clang-18-18.1.3/gmp-6.3/O2/install/lib/libmpq.a
libmpq.a	gmp	current	clang-18-18.1.3	O3	gmp-6.3.0|gmp-6.3	selected		clang-18-18.1.3/gmp-6.3/O3/install/lib/libmpq.a
libmpq.a	gmp	current	clang-18-18.1.3	Os	gmp-6.3.0|gmp-6.3	selected		clang-18-18.1.3/gmp-6.3/Os/install/lib/libmpq.a
libmpq.a	gmp	minor-alternative	gcc-13-13.3.0	O0	gmp-6.2	selected		gcc-13-13.3.0/gmp-6.2/O0/install/lib/libmpq.a
libmpq.a	gmp	minor-alternative	gcc-13-13.3.0	O2	gmp-6.2	selected		gcc-13-13.3.0/gmp-6.2/O2/install/lib/libmpq.a
libmpq.a	gmp	minor-alternative	gcc-13-13.3.0	O3	gmp-6.2	selected		gcc-13-13.3.0/gmp-6.2/O3/install/lib/libmpq.a
libmpq.a	gmp	minor-alternative	gcc-13-13.3.0	Os	gmp-6.2	selected		gcc-13-13.3.0/gmp-6.2/Os/install/lib/libmpq.a
libmpq.a	gmp	minor-alternative	clang-18-18.1.3	O0	gmp-6.2	selected		clang-18-18.1.3/gmp-6.2/O0/install/lib/libmpq.a
libmpq.a	gmp	minor-alternative	clang-18-18.1.3	O2	gmp-6.2	selected		clang-18-18.1.3/gmp-6.2/O2/install/lib/libmpq.a
libmpq.a	gmp	minor-alternative	clang-18-18.1.3	O3	gmp-6.2	selected		clang-18-18.1.3/gmp-6.2/O3/install/lib/libmpq.a
libmpq.a	gmp	minor-alternative	clang-18-18.1.3	Os	gmp-6.2	selected		clang-18-18.1.3/gmp-6.2/Os/install/lib/libmpq.a
libmpq.a	gmp	major-alternative	gcc-13-13.3.0	O0	gmp-5.1	selected		gcc-13-13.3.0/gmp-5.1/O0/install/lib/libmpq.a
libmpq.a	gmp	major-alternative	gcc-13-13.3.0	O2	gmp-5.1	selected		gcc-13-13.3.0/gmp-5.1/O2/install/lib/libmpq.a
libmpq.a	gmp	major-alternative	gcc-13-13.3.0	O3	gmp-5.1	selected		gcc-13-13.3.0/gmp-5.1/O3/install/lib/libmpq.a
libmpq.a	gmp	major-alternative	gcc-13-13.3.0	Os	gmp-5.1	selected		gcc-13-13.3.0/gmp-5.1/Os/install/lib/libmpq.a
libmpq.a	gmp	major-alternative	clang-18-18.1.3	O0	gmp-5.1	selected		clang-18-18.1.3/gmp-5.1/O0/install/lib/libmpq.a
libmpq.a	gmp	major-alternative	clang-18-18.1.3	O2	gmp-5.1	selected		clang-18-18.1.3/gmp-5.1/O2/install/lib/libmpq.a
libmpq.a	gmp	major-alternative	clang-18-18.1.3	O3	gmp-5.1	selected		clang-18-18.1.3/gmp-5.1/O3/install/lib/libmpq.a
libmpq.a	gmp	major-alternative	clang-18-18.1.3	Os	gmp-5.1	selected		clang-18-18.1.3/gmp-5.1/Os/install/lib/libmpq.a
libmpz.a	gmp	current	gcc-11-11.5.0	O0	gmp-6.3.0|gmp-6.3	selected		gcc-11-11.5.0/gmp-6.3/O0/install/lib/libmpz.a
libmpz.a	gmp	current	gcc-11-11.5.0	O2	gmp-6.3.0|gmp-6.3	selected		gcc-11-11.5.0/gmp-6.3/O2/install/lib/libmpz.a
libmpz.a	gmp	current	gcc-11-11.5.0	O3	gmp-6.3.0|gmp-6.3	selected		gcc-11-11.5.0/gmp-6.3/O3/install/lib/libmpz.a
libmpz.a	gmp	current	gcc-11-11.5.0	Os	gmp-6.3.0|gmp-6.3	selected		gcc-11-11.5.0/gmp-6.3/Os/install/lib/libmpz.a
libmpz.a	gmp	current	gcc-13-13.3.0	O0	gmp-6.3.0|gmp-6.3	selected		gcc-13-13.3.0/gmp-6.3/O0/install/lib/libmpz.a
libmpz.a	gmp	current	gcc-13-13.3.0	O2	gmp-6.3.0|gmp-6.3	selected		gcc-13-13.3.0/gmp-6.3/O2/install/lib/libmpz.a
libmpz.a	gmp	current	gcc-13-13.3.0	O3	gmp-6.3.0|gmp-6.3	selected		gcc-13-13.3.0/gmp-6.3/O3/install/lib/libmpz.a
libmpz.a	gmp	current	gcc-13-13.3.0	Os	gmp-6.3.0|gmp-6.3	selected		gcc-13-13.3.0/gmp-6.3/Os/install/lib/libmpz.a
libmpz.a	gmp	current	clang-14-14.0.6	O0	gmp-6.3.0|gmp-6.3	selected		clang-14-14.0.6/gmp-6.3/O0/install/lib/libmpz.a
libmpz.a	gmp	current	clang-14-14.0.6	O2	gmp-6.3.0|gmp-6.3	selected		clang-14-14.0.6/gmp-6.3/O2/install/lib/libmpz.a
libmpz.a	gmp	current	clang-14-14.0.6	O3	gmp-6.3.0|gmp-6.3	selected		clang-14-14.0.6/gmp-6.3/O3/install/lib/libmpz.a
libmpz.a	gmp	current	clang-14-14.0.6	Os	gmp-6.3.0|gmp-6.3	selected		clang-14-14.0.6/gmp-6.3/Os/install/lib/libmpz.a
libmpz.a	gmp	current	clang-18-18.1.3	O0	gmp-6.3.0|gmp-6.3	selected		clang-18-18.1.3/gmp-6.3/O0/install/lib/libmpz.a
libmpz.a	gmp	current	clang-18-18.1.3	O2	gmp-6.3.0|gmp-6.3	selected		clang-18-18.1.3/gmp-6.3/O2/install/lib/libmpz.a
libmpz.a	gmp	current	clang-18-18.1.3	O3	gmp-6.3.0|gmp-6.3	selected		clang-18-18.1.3/gmp-6.3/O3/install/lib/libmpz.a
libmpz.a	gmp	current	clang-18-18.1.3	Os	gmp-6.3.0|gmp-6.3	selected		clang-18-18.1.3/gmp-6.3/Os/install/lib/libmpz.a
libmpz.a	gmp	minor-alternative	gcc-13-13.3.0	O0	gmp-6.2	selected		gcc-13-13.3.0/gmp-6.2/O0/install/lib/libmpz.a
libmpz.a	gmp	minor-alternative	gcc-13-13.3.0	O2	gmp-6.2	selected		gcc-13-13.3.0/gmp-6.2/O2/install/lib/libmpz.a
libmpz.a	gmp	minor-alternative	gcc-13-13.3.0	O3	gmp-6.2	selected		gcc-13-13.3.0/gmp-6.2/O3/install/lib/libmpz.a
libmpz.a	gmp	minor-alternative	gcc-13-13.3.0	Os	gmp-6.2	selected		gcc-13-13.3.0/gmp-6.2/Os/install/lib/libmpz.a
libmpz.a	gmp	minor-alternative	clang-18-18.1.3	O0	gmp-6.2	selected		clang-18-18.1.3/gmp-6.2/O0/install/lib/libmpz.a
libmpz.a	gmp	minor-alternative	clang-18-18.1.3	O2	gmp-6.2	selected		clang-18-18.1.3/gmp-6.2/O2/install/lib/libmpz.a
libmpz.a	gmp	minor-alternative	clang-18-18.1.3	O3	gmp-6.2	selected		clang-18-18.1.3/gmp-6.2/O3/install/lib/libmpz.a
libmpz.a	gmp	minor-alternative	clang-18-18.1.3	Os	gmp-6.2	selected		clang-18-18.1.3/gmp-6.2/Os/install/lib/libmpz.a
libmpz.a	gmp	major-alternative	gcc-13-13.3.0	O0	gmp-5.1	selected		gcc-13-13.3.0/gmp-5.1/O0/install/lib/libmpz.a
libmpz.a	gmp	major-alternative	gcc-13-13.3.0	O2	gmp-5.1	selected		gcc-13-13.3.0/gmp-5.1/O2/install/lib/libmpz.a
libmpz.a	gmp	major-alternative	gcc-13-13.3.0	O3	gmp-5.1	selected		gcc-13-13.3.0/gmp-5.1/O3/install/lib/libmpz.a
libmpz.a	gmp	major-alternative	gcc-13-13.3.0	Os	gmp-5.1	selected		gcc-13-13.3.0/gmp-5.1/Os/install/lib/libmpz.a
libmpz.a	gmp	major-alternative	clang-18-18.1.3	O0	gmp-5.1	selected		clang-18-18.1.3/gmp-5.1/O0/install/lib/libmpz.a
libmpz.a	gmp	major-alternative	clang-18-18.1.3	O2	gmp-5.1	selected		clang-18-18.1.3/gmp-5.1/O2/install/lib/libmpz.a
libmpz.a	gmp	major-alternative	clang-18-18.1.3	O3	gmp-5.1	selected		clang-18-18.1.3/gmp-5.1/O3/install/lib/libmpz.a
libmpz.a	gmp	major-alternative	clang-18-18.1.3	Os	gmp-5.1	selected		clang-18-18.1.3/gmp-5.1/Os/install/lib/libmpz.a
libmvec.a	glibc	current	gcc-11-11.5.0	O0	glibc-2.41	missing	unsupported_optimization	
libmvec.a	glibc	current	gcc-11-11.5.0	O2	glibc-2.41	selected		gcc-11-11.5.0/glibc-2.41/O2/install/lib/libmvec.a
libmvec.a	glibc	current	gcc-11-11.5.0	O3	glibc-2.41	selected		gcc-11-11.5.0/glibc-2.41/O3/install/lib/libmvec.a
libmvec.a	glibc	current	gcc-11-11.5.0	Os	glibc-2.41	selected		gcc-11-11.5.0/glibc-2.41/Os/install/lib/libmvec.a
libmvec.a	glibc	current	gcc-13-13.3.0	O0	glibc-2.41	missing	unsupported_optimization	
libmvec.a	glibc	current	gcc-13-13.3.0	O2	glibc-2.41	selected		gcc-13-13.3.0/glibc-2.41/O2/install/lib/libmvec.a
libmvec.a	glibc	current	gcc-13-13.3.0	O3	glibc-2.41	selected		gcc-13-13.3.0/glibc-2.41/O3/install/lib/libmvec.a
libmvec.a	glibc	current	gcc-13-13.3.0	Os	glibc-2.41	selected		gcc-13-13.3.0/glibc-2.41/Os/install/lib/libmvec.a
libmvec.a	glibc	current	clang-14-14.0.6	O0	glibc-2.41	missing	unsupported_compiler	
libmvec.a	glibc	current	clang-14-14.0.6	O2	glibc-2.41	missing	unsupported_compiler	
libmvec.a	glibc	current	clang-14-14.0.6	O3	glibc-2.41	missing	unsupported_compiler	
libmvec.a	glibc	current	clang-14-14.0.6	Os	glibc-2.41	missing	unsupported_compiler	
libmvec.a	glibc	current	clang-18-18.1.3	O0	glibc-2.41	missing	unsupported_compiler	
libmvec.a	glibc	current	clang-18-18.1.3	O2	glibc-2.41	missing	unsupported_compiler	
libmvec.a	glibc	current	clang-18-18.1.3	O3	glibc-2.41	missing	unsupported_compiler	
libmvec.a	glibc	current	clang-18-18.1.3	Os	glibc-2.41	missing	unsupported_compiler	
libmvec.a	glibc	minor-alternative	gcc-13-13.3.0	O0	glibc-2.39	missing	unsupported_optimization	
libmvec.a	glibc	minor-alternative	gcc-13-13.3.0	O2	glibc-2.39	missing	archive_not_produced_by_version	
libmvec.a	glibc	minor-alternative	gcc-13-13.3.0	O3	glibc-2.39	missing	archive_not_produced_by_version	
libmvec.a	glibc	minor-alternative	gcc-13-13.3.0	Os	glibc-2.39	missing	archive_not_produced_by_version	
libmvec.a	glibc	minor-alternative	clang-18-18.1.3	O0	glibc-2.39	missing	unsupported_compiler	
libmvec.a	glibc	minor-alternative	clang-18-18.1.3	O2	glibc-2.39	missing	unsupported_compiler	
libmvec.a	glibc	minor-alternative	clang-18-18.1.3	O3	glibc-2.39	missing	unsupported_compiler	
libmvec.a	glibc	minor-alternative	clang-18-18.1.3	Os	glibc-2.39	missing	unsupported_compiler	
libmvec.a	glibc	major-alternative	gcc-13-13.3.0	O0	glibc-2.17	missing	unsupported_optimization	
libmvec.a	glibc	major-alternative	gcc-13-13.3.0	O2	glibc-2.17	missing	archive_not_produced_by_version	
libmvec.a	glibc	major-alternative	gcc-13-13.3.0	O3	glibc-2.17	missing	archive_not_produced_by_version	
libmvec.a	glibc	major-alternative	gcc-13-13.3.0	Os	glibc-2.17	missing	archive_not_produced_by_version	
libmvec.a	glibc	major-alternative	clang-18-18.1.3	O0	glibc-2.17	missing	unsupported_compiler	
libmvec.a	glibc	major-alternative	clang-18-18.1.3	O2	glibc-2.17	missing	unsupported_compiler	
libmvec.a	glibc	major-alternative	clang-18-18.1.3	O3	glibc-2.17	missing	unsupported_compiler	
libmvec.a	glibc	major-alternative	clang-18-18.1.3	Os	glibc-2.17	missing	unsupported_compiler	
libncurses++.a	ncurses	current	gcc-11-11.5.0	O0	ncurses-6.5	missing	archive_not_produced_by_version	
libncurses++.a	ncurses	current	gcc-11-11.5.0	O2	ncurses-6.5	missing	archive_not_produced_by_version	
libncurses++.a	ncurses	current	gcc-11-11.5.0	O3	ncurses-6.5	missing	archive_not_produced_by_version	
libncurses++.a	ncurses	current	gcc-11-11.5.0	Os	ncurses-6.5	missing	archive_not_produced_by_version	
libncurses++.a	ncurses	current	gcc-13-13.3.0	O0	ncurses-6.5	missing	archive_not_produced_by_version	
libncurses++.a	ncurses	current	gcc-13-13.3.0	O2	ncurses-6.5	missing	archive_not_produced_by_version	
libncurses++.a	ncurses	current	gcc-13-13.3.0	O3	ncurses-6.5	missing	archive_not_produced_by_version	
libncurses++.a	ncurses	current	gcc-13-13.3.0	Os	ncurses-6.5	missing	archive_not_produced_by_version	
libncurses++.a	ncurses	current	clang-14-14.0.6	O0	ncurses-6.5	missing	archive_not_produced_by_version	
libncurses++.a	ncurses	current	clang-14-14.0.6	O2	ncurses-6.5	missing	archive_not_produced_by_version	
libncurses++.a	ncurses	current	clang-14-14.0.6	O3	ncurses-6.5	missing	archive_not_produced_by_version	
libncurses++.a	ncurses	current	clang-14-14.0.6	Os	ncurses-6.5	missing	archive_not_produced_by_version	
libncurses++.a	ncurses	current	clang-18-18.1.3	O0	ncurses-6.5	missing	archive_not_produced_by_version	
libncurses++.a	ncurses	current	clang-18-18.1.3	O2	ncurses-6.5	missing	archive_not_produced_by_version	
libncurses++.a	ncurses	current	clang-18-18.1.3	O3	ncurses-6.5	missing	archive_not_produced_by_version	
libncurses++.a	ncurses	current	clang-18-18.1.3	Os	ncurses-6.5	missing	archive_not_produced_by_version	
libncurses++.a	ncurses	minor-alternative	gcc-13-13.3.0	O0	ncurses-6.4	selected		gcc-13-13.3.0/ncurses-6.4/O0/install/lib/libncurses++.a
libncurses++.a	ncurses	minor-alternative	gcc-13-13.3.0	O2	ncurses-6.4	selected		gcc-13-13.3.0/ncurses-6.4/O2/install/lib/libncurses++.a
libncurses++.a	ncurses	minor-alternative	gcc-13-13.3.0	O3	ncurses-6.4	selected		gcc-13-13.3.0/ncurses-6.4/O3/install/lib/libncurses++.a
libncurses++.a	ncurses	minor-alternative	gcc-13-13.3.0	Os	ncurses-6.4	selected		gcc-13-13.3.0/ncurses-6.4/Os/install/lib/libncurses++.a
libncurses++.a	ncurses	minor-alternative	clang-18-18.1.3	O0	ncurses-6.4	selected		clang-18-18.1.3/ncurses-6.4/O0/install/lib/libncurses++.a
libncurses++.a	ncurses	minor-alternative	clang-18-18.1.3	O2	ncurses-6.4	selected		clang-18-18.1.3/ncurses-6.4/O2/install/lib/libncurses++.a
libncurses++.a	ncurses	minor-alternative	clang-18-18.1.3	O3	ncurses-6.4	selected		clang-18-18.1.3/ncurses-6.4/O3/install/lib/libncurses++.a
libncurses++.a	ncurses	minor-alternative	clang-18-18.1.3	Os	ncurses-6.4	selected		clang-18-18.1.3/ncurses-6.4/Os/install/lib/libncurses++.a
libncurses++.a	ncurses	major-alternative	gcc-13-13.3.0	O0	ncurses-5.9	missing	archive_not_produced_by_version	
libncurses++.a	ncurses	major-alternative	gcc-13-13.3.0	O2	ncurses-5.9	missing	archive_not_produced_by_version	
libncurses++.a	ncurses	major-alternative	gcc-13-13.3.0	O3	ncurses-5.9	missing	archive_not_produced_by_version	
libncurses++.a	ncurses	major-alternative	gcc-13-13.3.0	Os	ncurses-5.9	missing	archive_not_produced_by_version	
libncurses++.a	ncurses	major-alternative	clang-18-18.1.3	O0	ncurses-5.9	missing	archive_not_produced_by_version	
libncurses++.a	ncurses	major-alternative	clang-18-18.1.3	O2	ncurses-5.9	missing	archive_not_produced_by_version	
libncurses++.a	ncurses	major-alternative	clang-18-18.1.3	O3	ncurses-5.9	missing	archive_not_produced_by_version	
libncurses++.a	ncurses	major-alternative	clang-18-18.1.3	Os	ncurses-5.9	missing	archive_not_produced_by_version	
libncurses++w.a	ncurses	current	gcc-11-11.5.0	O0	ncurses-6.5	missing	archive_not_produced_by_version	
libncurses++w.a	ncurses	current	gcc-11-11.5.0	O2	ncurses-6.5	missing	archive_not_produced_by_version	
libncurses++w.a	ncurses	current	gcc-11-11.5.0	O3	ncurses-6.5	missing	archive_not_produced_by_version	
libncurses++w.a	ncurses	current	gcc-11-11.5.0	Os	ncurses-6.5	missing	archive_not_produced_by_version	
libncurses++w.a	ncurses	current	gcc-13-13.3.0	O0	ncurses-6.5	missing	archive_not_produced_by_version	
libncurses++w.a	ncurses	current	gcc-13-13.3.0	O2	ncurses-6.5	missing	archive_not_produced_by_version	
libncurses++w.a	ncurses	current	gcc-13-13.3.0	O3	ncurses-6.5	missing	archive_not_produced_by_version	
libncurses++w.a	ncurses	current	gcc-13-13.3.0	Os	ncurses-6.5	missing	archive_not_produced_by_version	
libncurses++w.a	ncurses	current	clang-14-14.0.6	O0	ncurses-6.5	missing	archive_not_produced_by_version	
libncurses++w.a	ncurses	current	clang-14-14.0.6	O2	ncurses-6.5	missing	archive_not_produced_by_version	
libncurses++w.a	ncurses	current	clang-14-14.0.6	O3	ncurses-6.5	missing	archive_not_produced_by_version	
libncurses++w.a	ncurses	current	clang-14-14.0.6	Os	ncurses-6.5	missing	archive_not_produced_by_version	
libncurses++w.a	ncurses	current	clang-18-18.1.3	O0	ncurses-6.5	missing	archive_not_produced_by_version	
libncurses++w.a	ncurses	current	clang-18-18.1.3	O2	ncurses-6.5	missing	archive_not_produced_by_version	
libncurses++w.a	ncurses	current	clang-18-18.1.3	O3	ncurses-6.5	missing	archive_not_produced_by_version	
libncurses++w.a	ncurses	current	clang-18-18.1.3	Os	ncurses-6.5	missing	archive_not_produced_by_version	
libncurses++w.a	ncurses	minor-alternative	gcc-13-13.3.0	O0	ncurses-6.4	selected		gcc-13-13.3.0/ncurses-6.4/O0/install/lib/libncurses++w.a
libncurses++w.a	ncurses	minor-alternative	gcc-13-13.3.0	O2	ncurses-6.4	selected		gcc-13-13.3.0/ncurses-6.4/O2/install/lib/libncurses++w.a
libncurses++w.a	ncurses	minor-alternative	gcc-13-13.3.0	O3	ncurses-6.4	selected		gcc-13-13.3.0/ncurses-6.4/O3/install/lib/libncurses++w.a
libncurses++w.a	ncurses	minor-alternative	gcc-13-13.3.0	Os	ncurses-6.4	selected		gcc-13-13.3.0/ncurses-6.4/Os/install/lib/libncurses++w.a
libncurses++w.a	ncurses	minor-alternative	clang-18-18.1.3	O0	ncurses-6.4	selected		clang-18-18.1.3/ncurses-6.4/O0/install/lib/libncurses++w.a
libncurses++w.a	ncurses	minor-alternative	clang-18-18.1.3	O2	ncurses-6.4	selected		clang-18-18.1.3/ncurses-6.4/O2/install/lib/libncurses++w.a
libncurses++w.a	ncurses	minor-alternative	clang-18-18.1.3	O3	ncurses-6.4	selected		clang-18-18.1.3/ncurses-6.4/O3/install/lib/libncurses++w.a
libncurses++w.a	ncurses	minor-alternative	clang-18-18.1.3	Os	ncurses-6.4	selected		clang-18-18.1.3/ncurses-6.4/Os/install/lib/libncurses++w.a
libncurses++w.a	ncurses	major-alternative	gcc-13-13.3.0	O0	ncurses-5.9	missing	archive_not_produced_by_version	
libncurses++w.a	ncurses	major-alternative	gcc-13-13.3.0	O2	ncurses-5.9	missing	archive_not_produced_by_version	
libncurses++w.a	ncurses	major-alternative	gcc-13-13.3.0	O3	ncurses-5.9	missing	archive_not_produced_by_version	
libncurses++w.a	ncurses	major-alternative	gcc-13-13.3.0	Os	ncurses-5.9	missing	archive_not_produced_by_version	
libncurses++w.a	ncurses	major-alternative	clang-18-18.1.3	O0	ncurses-5.9	missing	archive_not_produced_by_version	
libncurses++w.a	ncurses	major-alternative	clang-18-18.1.3	O2	ncurses-5.9	missing	archive_not_produced_by_version	
libncurses++w.a	ncurses	major-alternative	clang-18-18.1.3	O3	ncurses-5.9	missing	archive_not_produced_by_version	
libncurses++w.a	ncurses	major-alternative	clang-18-18.1.3	Os	ncurses-5.9	missing	archive_not_produced_by_version	
libncurses.a	ncurses	current	gcc-11-11.5.0	O0	ncurses-6.5	selected		gcc-11-11.5.0/ncurses-6.5/O0/install/lib/libncurses.a
libncurses.a	ncurses	current	gcc-11-11.5.0	O2	ncurses-6.5	selected		gcc-11-11.5.0/ncurses-6.5/O2/install/lib/libncurses.a
libncurses.a	ncurses	current	gcc-11-11.5.0	O3	ncurses-6.5	selected		gcc-11-11.5.0/ncurses-6.5/O3/install/lib/libncurses.a
libncurses.a	ncurses	current	gcc-11-11.5.0	Os	ncurses-6.5	selected		gcc-11-11.5.0/ncurses-6.5/Os/install/lib/libncurses.a
libncurses.a	ncurses	current	gcc-13-13.3.0	O0	ncurses-6.5	selected		gcc-13-13.3.0/ncurses-6.5/O0/install/lib/libncurses.a
libncurses.a	ncurses	current	gcc-13-13.3.0	O2	ncurses-6.5	selected		gcc-13-13.3.0/ncurses-6.5/O2/install/lib/libncurses.a
libncurses.a	ncurses	current	gcc-13-13.3.0	O3	ncurses-6.5	selected		gcc-13-13.3.0/ncurses-6.5/O3/install/lib/libncurses.a
libncurses.a	ncurses	current	gcc-13-13.3.0	Os	ncurses-6.5	selected		gcc-13-13.3.0/ncurses-6.5/Os/install/lib/libncurses.a
libncurses.a	ncurses	current	clang-14-14.0.6	O0	ncurses-6.5	selected		clang-14-14.0.6/ncurses-6.5/O0/install/lib/libncurses.a
libncurses.a	ncurses	current	clang-14-14.0.6	O2	ncurses-6.5	selected		clang-14-14.0.6/ncurses-6.5/O2/install/lib/libncurses.a
libncurses.a	ncurses	current	clang-14-14.0.6	O3	ncurses-6.5	selected		clang-14-14.0.6/ncurses-6.5/O3/install/lib/libncurses.a
libncurses.a	ncurses	current	clang-14-14.0.6	Os	ncurses-6.5	selected		clang-14-14.0.6/ncurses-6.5/Os/install/lib/libncurses.a
libncurses.a	ncurses	current	clang-18-18.1.3	O0	ncurses-6.5	selected		clang-18-18.1.3/ncurses-6.5/O0/install/lib/libncurses.a
libncurses.a	ncurses	current	clang-18-18.1.3	O2	ncurses-6.5	selected		clang-18-18.1.3/ncurses-6.5/O2/install/lib/libncurses.a
libncurses.a	ncurses	current	clang-18-18.1.3	O3	ncurses-6.5	selected		clang-18-18.1.3/ncurses-6.5/O3/install/lib/libncurses.a
libncurses.a	ncurses	current	clang-18-18.1.3	Os	ncurses-6.5	selected		clang-18-18.1.3/ncurses-6.5/Os/install/lib/libncurses.a
libncurses.a	ncurses	minor-alternative	gcc-13-13.3.0	O0	ncurses-6.4	selected		gcc-13-13.3.0/ncurses-6.4/O0/install/lib/libncurses.a
libncurses.a	ncurses	minor-alternative	gcc-13-13.3.0	O2	ncurses-6.4	selected		gcc-13-13.3.0/ncurses-6.4/O2/install/lib/libncurses.a
libncurses.a	ncurses	minor-alternative	gcc-13-13.3.0	O3	ncurses-6.4	selected		gcc-13-13.3.0/ncurses-6.4/O3/install/lib/libncurses.a
libncurses.a	ncurses	minor-alternative	gcc-13-13.3.0	Os	ncurses-6.4	selected		gcc-13-13.3.0/ncurses-6.4/Os/install/lib/libncurses.a
libncurses.a	ncurses	minor-alternative	clang-18-18.1.3	O0	ncurses-6.4	selected		clang-18-18.1.3/ncurses-6.4/O0/install/lib/libncurses.a
libncurses.a	ncurses	minor-alternative	clang-18-18.1.3	O2	ncurses-6.4	selected		clang-18-18.1.3/ncurses-6.4/O2/install/lib/libncurses.a
libncurses.a	ncurses	minor-alternative	clang-18-18.1.3	O3	ncurses-6.4	selected		clang-18-18.1.3/ncurses-6.4/O3/install/lib/libncurses.a
libncurses.a	ncurses	minor-alternative	clang-18-18.1.3	Os	ncurses-6.4	selected		clang-18-18.1.3/ncurses-6.4/Os/install/lib/libncurses.a
libncurses.a	ncurses	major-alternative	gcc-13-13.3.0	O0	ncurses-5.9	selected		gcc-13-13.3.0/ncurses-5.9/O0/install/lib/libncurses.a
libncurses.a	ncurses	major-alternative	gcc-13-13.3.0	O2	ncurses-5.9	selected		gcc-13-13.3.0/ncurses-5.9/O2/install/lib/libncurses.a
libncurses.a	ncurses	major-alternative	gcc-13-13.3.0	O3	ncurses-5.9	selected		gcc-13-13.3.0/ncurses-5.9/O3/install/lib/libncurses.a
libncurses.a	ncurses	major-alternative	gcc-13-13.3.0	Os	ncurses-5.9	selected		gcc-13-13.3.0/ncurses-5.9/Os/install/lib/libncurses.a
libncurses.a	ncurses	major-alternative	clang-18-18.1.3	O0	ncurses-5.9	selected		clang-18-18.1.3/ncurses-5.9/O0/install/lib/libncurses.a
libncurses.a	ncurses	major-alternative	clang-18-18.1.3	O2	ncurses-5.9	selected		clang-18-18.1.3/ncurses-5.9/O2/install/lib/libncurses.a
libncurses.a	ncurses	major-alternative	clang-18-18.1.3	O3	ncurses-5.9	selected		clang-18-18.1.3/ncurses-5.9/O3/install/lib/libncurses.a
libncurses.a	ncurses	major-alternative	clang-18-18.1.3	Os	ncurses-5.9	selected		clang-18-18.1.3/ncurses-5.9/Os/install/lib/libncurses.a
libncursesw.a	ncurses	current	gcc-11-11.5.0	O0	ncurses-6.5	selected		gcc-11-11.5.0/ncurses-6.5/O0/install/lib/libncursesw.a
libncursesw.a	ncurses	current	gcc-11-11.5.0	O2	ncurses-6.5	selected		gcc-11-11.5.0/ncurses-6.5/O2/install/lib/libncursesw.a
libncursesw.a	ncurses	current	gcc-11-11.5.0	O3	ncurses-6.5	selected		gcc-11-11.5.0/ncurses-6.5/O3/install/lib/libncursesw.a
libncursesw.a	ncurses	current	gcc-11-11.5.0	Os	ncurses-6.5	selected		gcc-11-11.5.0/ncurses-6.5/Os/install/lib/libncursesw.a
libncursesw.a	ncurses	current	gcc-13-13.3.0	O0	ncurses-6.5	selected		gcc-13-13.3.0/ncurses-6.5/O0/install/lib/libncursesw.a
libncursesw.a	ncurses	current	gcc-13-13.3.0	O2	ncurses-6.5	selected		gcc-13-13.3.0/ncurses-6.5/O2/install/lib/libncursesw.a
libncursesw.a	ncurses	current	gcc-13-13.3.0	O3	ncurses-6.5	selected		gcc-13-13.3.0/ncurses-6.5/O3/install/lib/libncursesw.a
libncursesw.a	ncurses	current	gcc-13-13.3.0	Os	ncurses-6.5	selected		gcc-13-13.3.0/ncurses-6.5/Os/install/lib/libncursesw.a
libncursesw.a	ncurses	current	clang-14-14.0.6	O0	ncurses-6.5	selected		clang-14-14.0.6/ncurses-6.5/O0/install/lib/libncursesw.a
libncursesw.a	ncurses	current	clang-14-14.0.6	O2	ncurses-6.5	selected		clang-14-14.0.6/ncurses-6.5/O2/install/lib/libncursesw.a
libncursesw.a	ncurses	current	clang-14-14.0.6	O3	ncurses-6.5	selected		clang-14-14.0.6/ncurses-6.5/O3/install/lib/libncursesw.a
libncursesw.a	ncurses	current	clang-14-14.0.6	Os	ncurses-6.5	selected		clang-14-14.0.6/ncurses-6.5/Os/install/lib/libncursesw.a
libncursesw.a	ncurses	current	clang-18-18.1.3	O0	ncurses-6.5	selected		clang-18-18.1.3/ncurses-6.5/O0/install/lib/libncursesw.a
libncursesw.a	ncurses	current	clang-18-18.1.3	O2	ncurses-6.5	selected		clang-18-18.1.3/ncurses-6.5/O2/install/lib/libncursesw.a
libncursesw.a	ncurses	current	clang-18-18.1.3	O3	ncurses-6.5	selected		clang-18-18.1.3/ncurses-6.5/O3/install/lib/libncursesw.a
libncursesw.a	ncurses	current	clang-18-18.1.3	Os	ncurses-6.5	selected		clang-18-18.1.3/ncurses-6.5/Os/install/lib/libncursesw.a
libncursesw.a	ncurses	minor-alternative	gcc-13-13.3.0	O0	ncurses-6.4	selected		gcc-13-13.3.0/ncurses-6.4/O0/install/lib/libncursesw.a
libncursesw.a	ncurses	minor-alternative	gcc-13-13.3.0	O2	ncurses-6.4	selected		gcc-13-13.3.0/ncurses-6.4/O2/install/lib/libncursesw.a
libncursesw.a	ncurses	minor-alternative	gcc-13-13.3.0	O3	ncurses-6.4	selected		gcc-13-13.3.0/ncurses-6.4/O3/install/lib/libncursesw.a
libncursesw.a	ncurses	minor-alternative	gcc-13-13.3.0	Os	ncurses-6.4	selected		gcc-13-13.3.0/ncurses-6.4/Os/install/lib/libncursesw.a
libncursesw.a	ncurses	minor-alternative	clang-18-18.1.3	O0	ncurses-6.4	selected		clang-18-18.1.3/ncurses-6.4/O0/install/lib/libncursesw.a
libncursesw.a	ncurses	minor-alternative	clang-18-18.1.3	O2	ncurses-6.4	selected		clang-18-18.1.3/ncurses-6.4/O2/install/lib/libncursesw.a
libncursesw.a	ncurses	minor-alternative	clang-18-18.1.3	O3	ncurses-6.4	selected		clang-18-18.1.3/ncurses-6.4/O3/install/lib/libncursesw.a
libncursesw.a	ncurses	minor-alternative	clang-18-18.1.3	Os	ncurses-6.4	selected		clang-18-18.1.3/ncurses-6.4/Os/install/lib/libncursesw.a
libncursesw.a	ncurses	major-alternative	gcc-13-13.3.0	O0	ncurses-5.9	selected		gcc-13-13.3.0/ncurses-5.9/O0/install/lib/libncursesw.a
libncursesw.a	ncurses	major-alternative	gcc-13-13.3.0	O2	ncurses-5.9	selected		gcc-13-13.3.0/ncurses-5.9/O2/install/lib/libncursesw.a
libncursesw.a	ncurses	major-alternative	gcc-13-13.3.0	O3	ncurses-5.9	selected		gcc-13-13.3.0/ncurses-5.9/O3/install/lib/libncursesw.a
libncursesw.a	ncurses	major-alternative	gcc-13-13.3.0	Os	ncurses-5.9	selected		gcc-13-13.3.0/ncurses-5.9/Os/install/lib/libncursesw.a
libncursesw.a	ncurses	major-alternative	clang-18-18.1.3	O0	ncurses-5.9	selected		clang-18-18.1.3/ncurses-5.9/O0/install/lib/libncursesw.a
libncursesw.a	ncurses	major-alternative	clang-18-18.1.3	O2	ncurses-5.9	selected		clang-18-18.1.3/ncurses-5.9/O2/install/lib/libncursesw.a
libncursesw.a	ncurses	major-alternative	clang-18-18.1.3	O3	ncurses-5.9	selected		clang-18-18.1.3/ncurses-5.9/O3/install/lib/libncursesw.a
libncursesw.a	ncurses	major-alternative	clang-18-18.1.3	Os	ncurses-5.9	selected		clang-18-18.1.3/ncurses-5.9/Os/install/lib/libncursesw.a
libpanel.a	ncurses	current	gcc-11-11.5.0	O0	ncurses-6.5	missing	archive_not_produced_by_version	
libpanel.a	ncurses	current	gcc-11-11.5.0	O2	ncurses-6.5	missing	archive_not_produced_by_version	
libpanel.a	ncurses	current	gcc-11-11.5.0	O3	ncurses-6.5	missing	archive_not_produced_by_version	
libpanel.a	ncurses	current	gcc-11-11.5.0	Os	ncurses-6.5	missing	archive_not_produced_by_version	
libpanel.a	ncurses	current	gcc-13-13.3.0	O0	ncurses-6.5	missing	archive_not_produced_by_version	
libpanel.a	ncurses	current	gcc-13-13.3.0	O2	ncurses-6.5	missing	archive_not_produced_by_version	
libpanel.a	ncurses	current	gcc-13-13.3.0	O3	ncurses-6.5	missing	archive_not_produced_by_version	
libpanel.a	ncurses	current	gcc-13-13.3.0	Os	ncurses-6.5	missing	archive_not_produced_by_version	
libpanel.a	ncurses	current	clang-14-14.0.6	O0	ncurses-6.5	missing	archive_not_produced_by_version	
libpanel.a	ncurses	current	clang-14-14.0.6	O2	ncurses-6.5	missing	archive_not_produced_by_version	
libpanel.a	ncurses	current	clang-14-14.0.6	O3	ncurses-6.5	missing	archive_not_produced_by_version	
libpanel.a	ncurses	current	clang-14-14.0.6	Os	ncurses-6.5	missing	archive_not_produced_by_version	
libpanel.a	ncurses	current	clang-18-18.1.3	O0	ncurses-6.5	missing	archive_not_produced_by_version	
libpanel.a	ncurses	current	clang-18-18.1.3	O2	ncurses-6.5	missing	archive_not_produced_by_version	
libpanel.a	ncurses	current	clang-18-18.1.3	O3	ncurses-6.5	missing	archive_not_produced_by_version	
libpanel.a	ncurses	current	clang-18-18.1.3	Os	ncurses-6.5	missing	archive_not_produced_by_version	
libpanel.a	ncurses	minor-alternative	gcc-13-13.3.0	O0	ncurses-6.4	selected		gcc-13-13.3.0/ncurses-6.4/O0/install/lib/libpanel.a
libpanel.a	ncurses	minor-alternative	gcc-13-13.3.0	O2	ncurses-6.4	selected		gcc-13-13.3.0/ncurses-6.4/O2/install/lib/libpanel.a
libpanel.a	ncurses	minor-alternative	gcc-13-13.3.0	O3	ncurses-6.4	selected		gcc-13-13.3.0/ncurses-6.4/O3/install/lib/libpanel.a
libpanel.a	ncurses	minor-alternative	gcc-13-13.3.0	Os	ncurses-6.4	selected		gcc-13-13.3.0/ncurses-6.4/Os/install/lib/libpanel.a
libpanel.a	ncurses	minor-alternative	clang-18-18.1.3	O0	ncurses-6.4	selected		clang-18-18.1.3/ncurses-6.4/O0/install/lib/libpanel.a
libpanel.a	ncurses	minor-alternative	clang-18-18.1.3	O2	ncurses-6.4	selected		clang-18-18.1.3/ncurses-6.4/O2/install/lib/libpanel.a
libpanel.a	ncurses	minor-alternative	clang-18-18.1.3	O3	ncurses-6.4	selected		clang-18-18.1.3/ncurses-6.4/O3/install/lib/libpanel.a
libpanel.a	ncurses	minor-alternative	clang-18-18.1.3	Os	ncurses-6.4	selected		clang-18-18.1.3/ncurses-6.4/Os/install/lib/libpanel.a
libpanel.a	ncurses	major-alternative	gcc-13-13.3.0	O0	ncurses-5.9	selected		gcc-13-13.3.0/ncurses-5.9/O0/install/lib/libpanel.a
libpanel.a	ncurses	major-alternative	gcc-13-13.3.0	O2	ncurses-5.9	selected		gcc-13-13.3.0/ncurses-5.9/O2/install/lib/libpanel.a
libpanel.a	ncurses	major-alternative	gcc-13-13.3.0	O3	ncurses-5.9	selected		gcc-13-13.3.0/ncurses-5.9/O3/install/lib/libpanel.a
libpanel.a	ncurses	major-alternative	gcc-13-13.3.0	Os	ncurses-5.9	selected		gcc-13-13.3.0/ncurses-5.9/Os/install/lib/libpanel.a
libpanel.a	ncurses	major-alternative	clang-18-18.1.3	O0	ncurses-5.9	selected		clang-18-18.1.3/ncurses-5.9/O0/install/lib/libpanel.a
libpanel.a	ncurses	major-alternative	clang-18-18.1.3	O2	ncurses-5.9	selected		clang-18-18.1.3/ncurses-5.9/O2/install/lib/libpanel.a
libpanel.a	ncurses	major-alternative	clang-18-18.1.3	O3	ncurses-5.9	selected		clang-18-18.1.3/ncurses-5.9/O3/install/lib/libpanel.a
libpanel.a	ncurses	major-alternative	clang-18-18.1.3	Os	ncurses-5.9	selected		clang-18-18.1.3/ncurses-5.9/Os/install/lib/libpanel.a
libpanelw.a	ncurses	current	gcc-11-11.5.0	O0	ncurses-6.5	selected		gcc-11-11.5.0/ncurses-6.5/O0/install/lib/libpanelw.a
libpanelw.a	ncurses	current	gcc-11-11.5.0	O2	ncurses-6.5	selected		gcc-11-11.5.0/ncurses-6.5/O2/install/lib/libpanelw.a
libpanelw.a	ncurses	current	gcc-11-11.5.0	O3	ncurses-6.5	selected		gcc-11-11.5.0/ncurses-6.5/O3/install/lib/libpanelw.a
libpanelw.a	ncurses	current	gcc-11-11.5.0	Os	ncurses-6.5	selected		gcc-11-11.5.0/ncurses-6.5/Os/install/lib/libpanelw.a
libpanelw.a	ncurses	current	gcc-13-13.3.0	O0	ncurses-6.5	selected		gcc-13-13.3.0/ncurses-6.5/O0/install/lib/libpanelw.a
libpanelw.a	ncurses	current	gcc-13-13.3.0	O2	ncurses-6.5	selected		gcc-13-13.3.0/ncurses-6.5/O2/install/lib/libpanelw.a
libpanelw.a	ncurses	current	gcc-13-13.3.0	O3	ncurses-6.5	selected		gcc-13-13.3.0/ncurses-6.5/O3/install/lib/libpanelw.a
libpanelw.a	ncurses	current	gcc-13-13.3.0	Os	ncurses-6.5	selected		gcc-13-13.3.0/ncurses-6.5/Os/install/lib/libpanelw.a
libpanelw.a	ncurses	current	clang-14-14.0.6	O0	ncurses-6.5	selected		clang-14-14.0.6/ncurses-6.5/O0/install/lib/libpanelw.a
libpanelw.a	ncurses	current	clang-14-14.0.6	O2	ncurses-6.5	selected		clang-14-14.0.6/ncurses-6.5/O2/install/lib/libpanelw.a
libpanelw.a	ncurses	current	clang-14-14.0.6	O3	ncurses-6.5	selected		clang-14-14.0.6/ncurses-6.5/O3/install/lib/libpanelw.a
libpanelw.a	ncurses	current	clang-14-14.0.6	Os	ncurses-6.5	selected		clang-14-14.0.6/ncurses-6.5/Os/install/lib/libpanelw.a
libpanelw.a	ncurses	current	clang-18-18.1.3	O0	ncurses-6.5	selected		clang-18-18.1.3/ncurses-6.5/O0/install/lib/libpanelw.a
libpanelw.a	ncurses	current	clang-18-18.1.3	O2	ncurses-6.5	selected		clang-18-18.1.3/ncurses-6.5/O2/install/lib/libpanelw.a
libpanelw.a	ncurses	current	clang-18-18.1.3	O3	ncurses-6.5	selected		clang-18-18.1.3/ncurses-6.5/O3/install/lib/libpanelw.a
libpanelw.a	ncurses	current	clang-18-18.1.3	Os	ncurses-6.5	selected		clang-18-18.1.3/ncurses-6.5/Os/install/lib/libpanelw.a
libpanelw.a	ncurses	minor-alternative	gcc-13-13.3.0	O0	ncurses-6.4	selected		gcc-13-13.3.0/ncurses-6.4/O0/install/lib/libpanelw.a
libpanelw.a	ncurses	minor-alternative	gcc-13-13.3.0	O2	ncurses-6.4	selected		gcc-13-13.3.0/ncurses-6.4/O2/install/lib/libpanelw.a
libpanelw.a	ncurses	minor-alternative	gcc-13-13.3.0	O3	ncurses-6.4	selected		gcc-13-13.3.0/ncurses-6.4/O3/install/lib/libpanelw.a
libpanelw.a	ncurses	minor-alternative	gcc-13-13.3.0	Os	ncurses-6.4	selected		gcc-13-13.3.0/ncurses-6.4/Os/install/lib/libpanelw.a
libpanelw.a	ncurses	minor-alternative	clang-18-18.1.3	O0	ncurses-6.4	selected		clang-18-18.1.3/ncurses-6.4/O0/install/lib/libpanelw.a
libpanelw.a	ncurses	minor-alternative	clang-18-18.1.3	O2	ncurses-6.4	selected		clang-18-18.1.3/ncurses-6.4/O2/install/lib/libpanelw.a
libpanelw.a	ncurses	minor-alternative	clang-18-18.1.3	O3	ncurses-6.4	selected		clang-18-18.1.3/ncurses-6.4/O3/install/lib/libpanelw.a
libpanelw.a	ncurses	minor-alternative	clang-18-18.1.3	Os	ncurses-6.4	selected		clang-18-18.1.3/ncurses-6.4/Os/install/lib/libpanelw.a
libpanelw.a	ncurses	major-alternative	gcc-13-13.3.0	O0	ncurses-5.9	selected		gcc-13-13.3.0/ncurses-5.9/O0/install/lib/libpanelw.a
libpanelw.a	ncurses	major-alternative	gcc-13-13.3.0	O2	ncurses-5.9	selected		gcc-13-13.3.0/ncurses-5.9/O2/install/lib/libpanelw.a
libpanelw.a	ncurses	major-alternative	gcc-13-13.3.0	O3	ncurses-5.9	selected		gcc-13-13.3.0/ncurses-5.9/O3/install/lib/libpanelw.a
libpanelw.a	ncurses	major-alternative	gcc-13-13.3.0	Os	ncurses-5.9	selected		gcc-13-13.3.0/ncurses-5.9/Os/install/lib/libpanelw.a
libpanelw.a	ncurses	major-alternative	clang-18-18.1.3	O0	ncurses-5.9	selected		clang-18-18.1.3/ncurses-5.9/O0/install/lib/libpanelw.a
libpanelw.a	ncurses	major-alternative	clang-18-18.1.3	O2	ncurses-5.9	selected		clang-18-18.1.3/ncurses-5.9/O2/install/lib/libpanelw.a
libpanelw.a	ncurses	major-alternative	clang-18-18.1.3	O3	ncurses-5.9	selected		clang-18-18.1.3/ncurses-5.9/O3/install/lib/libpanelw.a
libpanelw.a	ncurses	major-alternative	clang-18-18.1.3	Os	ncurses-5.9	selected		clang-18-18.1.3/ncurses-5.9/Os/install/lib/libpanelw.a
libpango-1.0.a	pango	current	gcc-11-11.5.0	O0	pango-1.52.1	selected		gcc-11-11.5.0/pango-1.52.1/O0/install/lib/libpango-1.0.a
libpango-1.0.a	pango	current	gcc-11-11.5.0	O2	pango-1.52.1	selected		gcc-11-11.5.0/pango-1.52.1/O2/install/lib/libpango-1.0.a
libpango-1.0.a	pango	current	gcc-11-11.5.0	O3	pango-1.52.1	selected		gcc-11-11.5.0/pango-1.52.1/O3/install/lib/libpango-1.0.a
libpango-1.0.a	pango	current	gcc-11-11.5.0	Os	pango-1.52.1	selected		gcc-11-11.5.0/pango-1.52.1/Os/install/lib/libpango-1.0.a
libpango-1.0.a	pango	current	gcc-13-13.3.0	O0	pango-1.52.1	selected		gcc-13-13.3.0/pango-1.52.1/O0/install/lib/libpango-1.0.a
libpango-1.0.a	pango	current	gcc-13-13.3.0	O2	pango-1.52.1	selected		gcc-13-13.3.0/pango-1.52.1/O2/install/lib/libpango-1.0.a
libpango-1.0.a	pango	current	gcc-13-13.3.0	O3	pango-1.52.1	selected		gcc-13-13.3.0/pango-1.52.1/O3/install/lib/libpango-1.0.a
libpango-1.0.a	pango	current	gcc-13-13.3.0	Os	pango-1.52.1	selected		gcc-13-13.3.0/pango-1.52.1/Os/install/lib/libpango-1.0.a
libpango-1.0.a	pango	current	clang-14-14.0.6	O0	pango-1.52.1	selected		clang-14-14.0.6/pango-1.52.1/O0/install/lib/libpango-1.0.a
libpango-1.0.a	pango	current	clang-14-14.0.6	O2	pango-1.52.1	selected		clang-14-14.0.6/pango-1.52.1/O2/install/lib/libpango-1.0.a
libpango-1.0.a	pango	current	clang-14-14.0.6	O3	pango-1.52.1	selected		clang-14-14.0.6/pango-1.52.1/O3/install/lib/libpango-1.0.a
libpango-1.0.a	pango	current	clang-14-14.0.6	Os	pango-1.52.1	selected		clang-14-14.0.6/pango-1.52.1/Os/install/lib/libpango-1.0.a
libpango-1.0.a	pango	current	clang-18-18.1.3	O0	pango-1.52.1	selected		clang-18-18.1.3/pango-1.52.1/O0/install/lib/libpango-1.0.a
libpango-1.0.a	pango	current	clang-18-18.1.3	O2	pango-1.52.1	selected		clang-18-18.1.3/pango-1.52.1/O2/install/lib/libpango-1.0.a
libpango-1.0.a	pango	current	clang-18-18.1.3	O3	pango-1.52.1	selected		clang-18-18.1.3/pango-1.52.1/O3/install/lib/libpango-1.0.a
libpango-1.0.a	pango	current	clang-18-18.1.3	Os	pango-1.52.1	selected		clang-18-18.1.3/pango-1.52.1/Os/install/lib/libpango-1.0.a
libpango-1.0.a	pango	minor-alternative	gcc-13-13.3.0	O0	pango-1.52.0	selected		gcc-13-13.3.0/pango-1.52.0/O0/install/lib/libpango-1.0.a
libpango-1.0.a	pango	minor-alternative	gcc-13-13.3.0	O2	pango-1.52.0	selected		gcc-13-13.3.0/pango-1.52.0/O2/install/lib/libpango-1.0.a
libpango-1.0.a	pango	minor-alternative	gcc-13-13.3.0	O3	pango-1.52.0	selected		gcc-13-13.3.0/pango-1.52.0/O3/install/lib/libpango-1.0.a
libpango-1.0.a	pango	minor-alternative	gcc-13-13.3.0	Os	pango-1.52.0	selected		gcc-13-13.3.0/pango-1.52.0/Os/install/lib/libpango-1.0.a
libpango-1.0.a	pango	minor-alternative	clang-18-18.1.3	O0	pango-1.52.0	selected		clang-18-18.1.3/pango-1.52.0/O0/install/lib/libpango-1.0.a
libpango-1.0.a	pango	minor-alternative	clang-18-18.1.3	O2	pango-1.52.0	selected		clang-18-18.1.3/pango-1.52.0/O2/install/lib/libpango-1.0.a
libpango-1.0.a	pango	minor-alternative	clang-18-18.1.3	O3	pango-1.52.0	selected		clang-18-18.1.3/pango-1.52.0/O3/install/lib/libpango-1.0.a
libpango-1.0.a	pango	minor-alternative	clang-18-18.1.3	Os	pango-1.52.0	selected		clang-18-18.1.3/pango-1.52.0/Os/install/lib/libpango-1.0.a
libpango-1.0.a	pango	major-alternative	gcc-13-13.3.0	O0	pango-0.26	missing	archive_not_produced_by_version	
libpango-1.0.a	pango	major-alternative	gcc-13-13.3.0	O2	pango-0.26	missing	archive_not_produced_by_version	
libpango-1.0.a	pango	major-alternative	gcc-13-13.3.0	O3	pango-0.26	missing	archive_not_produced_by_version	
libpango-1.0.a	pango	major-alternative	gcc-13-13.3.0	Os	pango-0.26	missing	archive_not_produced_by_version	
libpango-1.0.a	pango	major-alternative	clang-18-18.1.3	O0	pango-0.26	missing	archive_not_produced_by_version	
libpango-1.0.a	pango	major-alternative	clang-18-18.1.3	O2	pango-0.26	missing	archive_not_produced_by_version	
libpango-1.0.a	pango	major-alternative	clang-18-18.1.3	O3	pango-0.26	missing	archive_not_produced_by_version	
libpango-1.0.a	pango	major-alternative	clang-18-18.1.3	Os	pango-0.26	missing	archive_not_produced_by_version	
libpangocairo-1.0.a	pango	current	gcc-11-11.5.0	O0	pango-1.52.1	selected		gcc-11-11.5.0/pango-1.52.1/O0/install/lib/libpangocairo-1.0.a
libpangocairo-1.0.a	pango	current	gcc-11-11.5.0	O2	pango-1.52.1	selected		gcc-11-11.5.0/pango-1.52.1/O2/install/lib/libpangocairo-1.0.a
libpangocairo-1.0.a	pango	current	gcc-11-11.5.0	O3	pango-1.52.1	selected		gcc-11-11.5.0/pango-1.52.1/O3/install/lib/libpangocairo-1.0.a
libpangocairo-1.0.a	pango	current	gcc-11-11.5.0	Os	pango-1.52.1	selected		gcc-11-11.5.0/pango-1.52.1/Os/install/lib/libpangocairo-1.0.a
libpangocairo-1.0.a	pango	current	gcc-13-13.3.0	O0	pango-1.52.1	selected		gcc-13-13.3.0/pango-1.52.1/O0/install/lib/libpangocairo-1.0.a
libpangocairo-1.0.a	pango	current	gcc-13-13.3.0	O2	pango-1.52.1	selected		gcc-13-13.3.0/pango-1.52.1/O2/install/lib/libpangocairo-1.0.a
libpangocairo-1.0.a	pango	current	gcc-13-13.3.0	O3	pango-1.52.1	selected		gcc-13-13.3.0/pango-1.52.1/O3/install/lib/libpangocairo-1.0.a
libpangocairo-1.0.a	pango	current	gcc-13-13.3.0	Os	pango-1.52.1	selected		gcc-13-13.3.0/pango-1.52.1/Os/install/lib/libpangocairo-1.0.a
libpangocairo-1.0.a	pango	current	clang-14-14.0.6	O0	pango-1.52.1	selected		clang-14-14.0.6/pango-1.52.1/O0/install/lib/libpangocairo-1.0.a
libpangocairo-1.0.a	pango	current	clang-14-14.0.6	O2	pango-1.52.1	selected		clang-14-14.0.6/pango-1.52.1/O2/install/lib/libpangocairo-1.0.a
libpangocairo-1.0.a	pango	current	clang-14-14.0.6	O3	pango-1.52.1	selected		clang-14-14.0.6/pango-1.52.1/O3/install/lib/libpangocairo-1.0.a
libpangocairo-1.0.a	pango	current	clang-14-14.0.6	Os	pango-1.52.1	selected		clang-14-14.0.6/pango-1.52.1/Os/install/lib/libpangocairo-1.0.a
libpangocairo-1.0.a	pango	current	clang-18-18.1.3	O0	pango-1.52.1	selected		clang-18-18.1.3/pango-1.52.1/O0/install/lib/libpangocairo-1.0.a
libpangocairo-1.0.a	pango	current	clang-18-18.1.3	O2	pango-1.52.1	selected		clang-18-18.1.3/pango-1.52.1/O2/install/lib/libpangocairo-1.0.a
libpangocairo-1.0.a	pango	current	clang-18-18.1.3	O3	pango-1.52.1	selected		clang-18-18.1.3/pango-1.52.1/O3/install/lib/libpangocairo-1.0.a
libpangocairo-1.0.a	pango	current	clang-18-18.1.3	Os	pango-1.52.1	selected		clang-18-18.1.3/pango-1.52.1/Os/install/lib/libpangocairo-1.0.a
libpangocairo-1.0.a	pango	minor-alternative	gcc-13-13.3.0	O0	pango-1.52.0	selected		gcc-13-13.3.0/pango-1.52.0/O0/install/lib/libpangocairo-1.0.a
libpangocairo-1.0.a	pango	minor-alternative	gcc-13-13.3.0	O2	pango-1.52.0	selected		gcc-13-13.3.0/pango-1.52.0/O2/install/lib/libpangocairo-1.0.a
libpangocairo-1.0.a	pango	minor-alternative	gcc-13-13.3.0	O3	pango-1.52.0	selected		gcc-13-13.3.0/pango-1.52.0/O3/install/lib/libpangocairo-1.0.a
libpangocairo-1.0.a	pango	minor-alternative	gcc-13-13.3.0	Os	pango-1.52.0	selected		gcc-13-13.3.0/pango-1.52.0/Os/install/lib/libpangocairo-1.0.a
libpangocairo-1.0.a	pango	minor-alternative	clang-18-18.1.3	O0	pango-1.52.0	selected		clang-18-18.1.3/pango-1.52.0/O0/install/lib/libpangocairo-1.0.a
libpangocairo-1.0.a	pango	minor-alternative	clang-18-18.1.3	O2	pango-1.52.0	selected		clang-18-18.1.3/pango-1.52.0/O2/install/lib/libpangocairo-1.0.a
libpangocairo-1.0.a	pango	minor-alternative	clang-18-18.1.3	O3	pango-1.52.0	selected		clang-18-18.1.3/pango-1.52.0/O3/install/lib/libpangocairo-1.0.a
libpangocairo-1.0.a	pango	minor-alternative	clang-18-18.1.3	Os	pango-1.52.0	selected		clang-18-18.1.3/pango-1.52.0/Os/install/lib/libpangocairo-1.0.a
libpangocairo-1.0.a	pango	major-alternative	gcc-13-13.3.0	O0	pango-0.26	missing	archive_not_produced_by_version	
libpangocairo-1.0.a	pango	major-alternative	gcc-13-13.3.0	O2	pango-0.26	missing	archive_not_produced_by_version	
libpangocairo-1.0.a	pango	major-alternative	gcc-13-13.3.0	O3	pango-0.26	missing	archive_not_produced_by_version	
libpangocairo-1.0.a	pango	major-alternative	gcc-13-13.3.0	Os	pango-0.26	missing	archive_not_produced_by_version	
libpangocairo-1.0.a	pango	major-alternative	clang-18-18.1.3	O0	pango-0.26	missing	archive_not_produced_by_version	
libpangocairo-1.0.a	pango	major-alternative	clang-18-18.1.3	O2	pango-0.26	missing	archive_not_produced_by_version	
libpangocairo-1.0.a	pango	major-alternative	clang-18-18.1.3	O3	pango-0.26	missing	archive_not_produced_by_version	
libpangocairo-1.0.a	pango	major-alternative	clang-18-18.1.3	Os	pango-0.26	missing	archive_not_produced_by_version	
libpangoft2-1.0.a	pango	current	gcc-11-11.5.0	O0	pango-1.52.1	selected		gcc-11-11.5.0/pango-1.52.1/O0/install/lib/libpangoft2-1.0.a
libpangoft2-1.0.a	pango	current	gcc-11-11.5.0	O2	pango-1.52.1	selected		gcc-11-11.5.0/pango-1.52.1/O2/install/lib/libpangoft2-1.0.a
libpangoft2-1.0.a	pango	current	gcc-11-11.5.0	O3	pango-1.52.1	selected		gcc-11-11.5.0/pango-1.52.1/O3/install/lib/libpangoft2-1.0.a
libpangoft2-1.0.a	pango	current	gcc-11-11.5.0	Os	pango-1.52.1	selected		gcc-11-11.5.0/pango-1.52.1/Os/install/lib/libpangoft2-1.0.a
libpangoft2-1.0.a	pango	current	gcc-13-13.3.0	O0	pango-1.52.1	selected		gcc-13-13.3.0/pango-1.52.1/O0/install/lib/libpangoft2-1.0.a
libpangoft2-1.0.a	pango	current	gcc-13-13.3.0	O2	pango-1.52.1	selected		gcc-13-13.3.0/pango-1.52.1/O2/install/lib/libpangoft2-1.0.a
libpangoft2-1.0.a	pango	current	gcc-13-13.3.0	O3	pango-1.52.1	selected		gcc-13-13.3.0/pango-1.52.1/O3/install/lib/libpangoft2-1.0.a
libpangoft2-1.0.a	pango	current	gcc-13-13.3.0	Os	pango-1.52.1	selected		gcc-13-13.3.0/pango-1.52.1/Os/install/lib/libpangoft2-1.0.a
libpangoft2-1.0.a	pango	current	clang-14-14.0.6	O0	pango-1.52.1	selected		clang-14-14.0.6/pango-1.52.1/O0/install/lib/libpangoft2-1.0.a
libpangoft2-1.0.a	pango	current	clang-14-14.0.6	O2	pango-1.52.1	selected		clang-14-14.0.6/pango-1.52.1/O2/install/lib/libpangoft2-1.0.a
libpangoft2-1.0.a	pango	current	clang-14-14.0.6	O3	pango-1.52.1	selected		clang-14-14.0.6/pango-1.52.1/O3/install/lib/libpangoft2-1.0.a
libpangoft2-1.0.a	pango	current	clang-14-14.0.6	Os	pango-1.52.1	selected		clang-14-14.0.6/pango-1.52.1/Os/install/lib/libpangoft2-1.0.a
libpangoft2-1.0.a	pango	current	clang-18-18.1.3	O0	pango-1.52.1	selected		clang-18-18.1.3/pango-1.52.1/O0/install/lib/libpangoft2-1.0.a
libpangoft2-1.0.a	pango	current	clang-18-18.1.3	O2	pango-1.52.1	selected		clang-18-18.1.3/pango-1.52.1/O2/install/lib/libpangoft2-1.0.a
libpangoft2-1.0.a	pango	current	clang-18-18.1.3	O3	pango-1.52.1	selected		clang-18-18.1.3/pango-1.52.1/O3/install/lib/libpangoft2-1.0.a
libpangoft2-1.0.a	pango	current	clang-18-18.1.3	Os	pango-1.52.1	selected		clang-18-18.1.3/pango-1.52.1/Os/install/lib/libpangoft2-1.0.a
libpangoft2-1.0.a	pango	minor-alternative	gcc-13-13.3.0	O0	pango-1.52.0	selected		gcc-13-13.3.0/pango-1.52.0/O0/install/lib/libpangoft2-1.0.a
libpangoft2-1.0.a	pango	minor-alternative	gcc-13-13.3.0	O2	pango-1.52.0	selected		gcc-13-13.3.0/pango-1.52.0/O2/install/lib/libpangoft2-1.0.a
libpangoft2-1.0.a	pango	minor-alternative	gcc-13-13.3.0	O3	pango-1.52.0	selected		gcc-13-13.3.0/pango-1.52.0/O3/install/lib/libpangoft2-1.0.a
libpangoft2-1.0.a	pango	minor-alternative	gcc-13-13.3.0	Os	pango-1.52.0	selected		gcc-13-13.3.0/pango-1.52.0/Os/install/lib/libpangoft2-1.0.a
libpangoft2-1.0.a	pango	minor-alternative	clang-18-18.1.3	O0	pango-1.52.0	selected		clang-18-18.1.3/pango-1.52.0/O0/install/lib/libpangoft2-1.0.a
libpangoft2-1.0.a	pango	minor-alternative	clang-18-18.1.3	O2	pango-1.52.0	selected		clang-18-18.1.3/pango-1.52.0/O2/install/lib/libpangoft2-1.0.a
libpangoft2-1.0.a	pango	minor-alternative	clang-18-18.1.3	O3	pango-1.52.0	selected		clang-18-18.1.3/pango-1.52.0/O3/install/lib/libpangoft2-1.0.a
libpangoft2-1.0.a	pango	minor-alternative	clang-18-18.1.3	Os	pango-1.52.0	selected		clang-18-18.1.3/pango-1.52.0/Os/install/lib/libpangoft2-1.0.a
libpangoft2-1.0.a	pango	major-alternative	gcc-13-13.3.0	O0	pango-0.26	missing	archive_not_produced_by_version	
libpangoft2-1.0.a	pango	major-alternative	gcc-13-13.3.0	O2	pango-0.26	missing	archive_not_produced_by_version	
libpangoft2-1.0.a	pango	major-alternative	gcc-13-13.3.0	O3	pango-0.26	missing	archive_not_produced_by_version	
libpangoft2-1.0.a	pango	major-alternative	gcc-13-13.3.0	Os	pango-0.26	missing	archive_not_produced_by_version	
libpangoft2-1.0.a	pango	major-alternative	clang-18-18.1.3	O0	pango-0.26	missing	archive_not_produced_by_version	
libpangoft2-1.0.a	pango	major-alternative	clang-18-18.1.3	O2	pango-0.26	missing	archive_not_produced_by_version	
libpangoft2-1.0.a	pango	major-alternative	clang-18-18.1.3	O3	pango-0.26	missing	archive_not_produced_by_version	
libpangoft2-1.0.a	pango	major-alternative	clang-18-18.1.3	Os	pango-0.26	missing	archive_not_produced_by_version	
libpangoxft-1.0.a	pango	current	gcc-11-11.5.0	O0	pango-1.52.1	missing	archive_not_produced_by_version	
libpangoxft-1.0.a	pango	current	gcc-11-11.5.0	O2	pango-1.52.1	missing	archive_not_produced_by_version	
libpangoxft-1.0.a	pango	current	gcc-11-11.5.0	O3	pango-1.52.1	missing	archive_not_produced_by_version	
libpangoxft-1.0.a	pango	current	gcc-11-11.5.0	Os	pango-1.52.1	missing	archive_not_produced_by_version	
libpangoxft-1.0.a	pango	current	gcc-13-13.3.0	O0	pango-1.52.1	selected		gcc-13-13.3.0/pango-1.52.1/O0/install/lib/libpangoxft-1.0.a
libpangoxft-1.0.a	pango	current	gcc-13-13.3.0	O2	pango-1.52.1	selected		gcc-13-13.3.0/pango-1.52.1/O2/install/lib/libpangoxft-1.0.a
libpangoxft-1.0.a	pango	current	gcc-13-13.3.0	O3	pango-1.52.1	selected		gcc-13-13.3.0/pango-1.52.1/O3/install/lib/libpangoxft-1.0.a
libpangoxft-1.0.a	pango	current	gcc-13-13.3.0	Os	pango-1.52.1	selected		gcc-13-13.3.0/pango-1.52.1/Os/install/lib/libpangoxft-1.0.a
libpangoxft-1.0.a	pango	current	clang-14-14.0.6	O0	pango-1.52.1	selected		clang-14-14.0.6/pango-1.52.1/O0/install/lib/libpangoxft-1.0.a
libpangoxft-1.0.a	pango	current	clang-14-14.0.6	O2	pango-1.52.1	selected		clang-14-14.0.6/pango-1.52.1/O2/install/lib/libpangoxft-1.0.a
libpangoxft-1.0.a	pango	current	clang-14-14.0.6	O3	pango-1.52.1	selected		clang-14-14.0.6/pango-1.52.1/O3/install/lib/libpangoxft-1.0.a
libpangoxft-1.0.a	pango	current	clang-14-14.0.6	Os	pango-1.52.1	selected		clang-14-14.0.6/pango-1.52.1/Os/install/lib/libpangoxft-1.0.a
libpangoxft-1.0.a	pango	current	clang-18-18.1.3	O0	pango-1.52.1	selected		clang-18-18.1.3/pango-1.52.1/O0/install/lib/libpangoxft-1.0.a
libpangoxft-1.0.a	pango	current	clang-18-18.1.3	O2	pango-1.52.1	selected		clang-18-18.1.3/pango-1.52.1/O2/install/lib/libpangoxft-1.0.a
libpangoxft-1.0.a	pango	current	clang-18-18.1.3	O3	pango-1.52.1	selected		clang-18-18.1.3/pango-1.52.1/O3/install/lib/libpangoxft-1.0.a
libpangoxft-1.0.a	pango	current	clang-18-18.1.3	Os	pango-1.52.1	selected		clang-18-18.1.3/pango-1.52.1/Os/install/lib/libpangoxft-1.0.a
libpangoxft-1.0.a	pango	minor-alternative	gcc-13-13.3.0	O0	pango-1.52.0	selected		gcc-13-13.3.0/pango-1.52.0/O0/install/lib/libpangoxft-1.0.a
libpangoxft-1.0.a	pango	minor-alternative	gcc-13-13.3.0	O2	pango-1.52.0	selected		gcc-13-13.3.0/pango-1.52.0/O2/install/lib/libpangoxft-1.0.a
libpangoxft-1.0.a	pango	minor-alternative	gcc-13-13.3.0	O3	pango-1.52.0	selected		gcc-13-13.3.0/pango-1.52.0/O3/install/lib/libpangoxft-1.0.a
libpangoxft-1.0.a	pango	minor-alternative	gcc-13-13.3.0	Os	pango-1.52.0	selected		gcc-13-13.3.0/pango-1.52.0/Os/install/lib/libpangoxft-1.0.a
libpangoxft-1.0.a	pango	minor-alternative	clang-18-18.1.3	O0	pango-1.52.0	selected		clang-18-18.1.3/pango-1.52.0/O0/install/lib/libpangoxft-1.0.a
libpangoxft-1.0.a	pango	minor-alternative	clang-18-18.1.3	O2	pango-1.52.0	selected		clang-18-18.1.3/pango-1.52.0/O2/install/lib/libpangoxft-1.0.a
libpangoxft-1.0.a	pango	minor-alternative	clang-18-18.1.3	O3	pango-1.52.0	selected		clang-18-18.1.3/pango-1.52.0/O3/install/lib/libpangoxft-1.0.a
libpangoxft-1.0.a	pango	minor-alternative	clang-18-18.1.3	Os	pango-1.52.0	selected		clang-18-18.1.3/pango-1.52.0/Os/install/lib/libpangoxft-1.0.a
libpangoxft-1.0.a	pango	major-alternative	gcc-13-13.3.0	O0	pango-0.26	missing	archive_not_produced_by_version	
libpangoxft-1.0.a	pango	major-alternative	gcc-13-13.3.0	O2	pango-0.26	missing	archive_not_produced_by_version	
libpangoxft-1.0.a	pango	major-alternative	gcc-13-13.3.0	O3	pango-0.26	missing	archive_not_produced_by_version	
libpangoxft-1.0.a	pango	major-alternative	gcc-13-13.3.0	Os	pango-0.26	missing	archive_not_produced_by_version	
libpangoxft-1.0.a	pango	major-alternative	clang-18-18.1.3	O0	pango-0.26	missing	archive_not_produced_by_version	
libpangoxft-1.0.a	pango	major-alternative	clang-18-18.1.3	O2	pango-0.26	missing	archive_not_produced_by_version	
libpangoxft-1.0.a	pango	major-alternative	clang-18-18.1.3	O3	pango-0.26	missing	archive_not_produced_by_version	
libpangoxft-1.0.a	pango	major-alternative	clang-18-18.1.3	Os	pango-0.26	missing	archive_not_produced_by_version	
libpcre2-8.a	pcre2	current	gcc-11-11.5.0	O0	pcre2-10.47|pcre2-2-10.47	selected		gcc-11-11.5.0/pcre2-10.47/O0/install/lib/libpcre2-8.a
libpcre2-8.a	pcre2	current	gcc-11-11.5.0	O2	pcre2-10.47|pcre2-2-10.47	selected		gcc-11-11.5.0/pcre2-10.47/O2/install/lib/libpcre2-8.a
libpcre2-8.a	pcre2	current	gcc-11-11.5.0	O3	pcre2-10.47|pcre2-2-10.47	selected		gcc-11-11.5.0/pcre2-10.47/O3/install/lib/libpcre2-8.a
libpcre2-8.a	pcre2	current	gcc-11-11.5.0	Os	pcre2-10.47|pcre2-2-10.47	selected		gcc-11-11.5.0/pcre2-10.47/Os/install/lib/libpcre2-8.a
libpcre2-8.a	pcre2	current	gcc-13-13.3.0	O0	pcre2-10.47|pcre2-2-10.47	selected		gcc-13-13.3.0/pcre2-10.47/O0/install/lib/libpcre2-8.a
libpcre2-8.a	pcre2	current	gcc-13-13.3.0	O2	pcre2-10.47|pcre2-2-10.47	selected		gcc-13-13.3.0/pcre2-10.47/O2/install/lib/libpcre2-8.a
libpcre2-8.a	pcre2	current	gcc-13-13.3.0	O3	pcre2-10.47|pcre2-2-10.47	selected		gcc-13-13.3.0/pcre2-10.47/O3/install/lib/libpcre2-8.a
libpcre2-8.a	pcre2	current	gcc-13-13.3.0	Os	pcre2-10.47|pcre2-2-10.47	selected		gcc-13-13.3.0/pcre2-10.47/Os/install/lib/libpcre2-8.a
libpcre2-8.a	pcre2	current	clang-14-14.0.6	O0	pcre2-10.47|pcre2-2-10.47	selected		clang-14-14.0.6/pcre2-10.47/O0/install/lib/libpcre2-8.a
libpcre2-8.a	pcre2	current	clang-14-14.0.6	O2	pcre2-10.47|pcre2-2-10.47	selected		clang-14-14.0.6/pcre2-10.47/O2/install/lib/libpcre2-8.a
libpcre2-8.a	pcre2	current	clang-14-14.0.6	O3	pcre2-10.47|pcre2-2-10.47	selected		clang-14-14.0.6/pcre2-10.47/O3/install/lib/libpcre2-8.a
libpcre2-8.a	pcre2	current	clang-14-14.0.6	Os	pcre2-10.47|pcre2-2-10.47	selected		clang-14-14.0.6/pcre2-10.47/Os/install/lib/libpcre2-8.a
libpcre2-8.a	pcre2	current	clang-18-18.1.3	O0	pcre2-10.47|pcre2-2-10.47	selected		clang-18-18.1.3/pcre2-10.47/O0/install/lib/libpcre2-8.a
libpcre2-8.a	pcre2	current	clang-18-18.1.3	O2	pcre2-10.47|pcre2-2-10.47	selected		clang-18-18.1.3/pcre2-10.47/O2/install/lib/libpcre2-8.a
libpcre2-8.a	pcre2	current	clang-18-18.1.3	O3	pcre2-10.47|pcre2-2-10.47	selected		clang-18-18.1.3/pcre2-10.47/O3/install/lib/libpcre2-8.a
libpcre2-8.a	pcre2	current	clang-18-18.1.3	Os	pcre2-10.47|pcre2-2-10.47	selected		clang-18-18.1.3/pcre2-10.47/Os/install/lib/libpcre2-8.a
libpcre2-8.a	pcre2	minor-alternative	gcc-13-13.3.0	O0	pcre2-10.41|pcre2-2-10.41	selected		gcc-13-13.3.0/pcre2-10.41/O0/install/lib/libpcre2-8.a
libpcre2-8.a	pcre2	minor-alternative	gcc-13-13.3.0	O2	pcre2-10.41|pcre2-2-10.41	selected		gcc-13-13.3.0/pcre2-10.41/O2/install/lib/libpcre2-8.a
libpcre2-8.a	pcre2	minor-alternative	gcc-13-13.3.0	O3	pcre2-10.41|pcre2-2-10.41	selected		gcc-13-13.3.0/pcre2-10.41/O3/install/lib/libpcre2-8.a
libpcre2-8.a	pcre2	minor-alternative	gcc-13-13.3.0	Os	pcre2-10.41|pcre2-2-10.41	selected		gcc-13-13.3.0/pcre2-10.41/Os/install/lib/libpcre2-8.a
libpcre2-8.a	pcre2	minor-alternative	clang-18-18.1.3	O0	pcre2-10.41|pcre2-2-10.41	selected		clang-18-18.1.3/pcre2-10.41/O0/install/lib/libpcre2-8.a
libpcre2-8.a	pcre2	minor-alternative	clang-18-18.1.3	O2	pcre2-10.41|pcre2-2-10.41	selected		clang-18-18.1.3/pcre2-10.41/O2/install/lib/libpcre2-8.a
libpcre2-8.a	pcre2	minor-alternative	clang-18-18.1.3	O3	pcre2-10.41|pcre2-2-10.41	selected		clang-18-18.1.3/pcre2-10.41/O3/install/lib/libpcre2-8.a
libpcre2-8.a	pcre2	minor-alternative	clang-18-18.1.3	Os	pcre2-10.41|pcre2-2-10.41	selected		clang-18-18.1.3/pcre2-10.41/Os/install/lib/libpcre2-8.a
libpcre2-8.a	pcre2	major-alternative	gcc-13-13.3.0	O0	pcre2-10.00|pcre2-2-10.00	selected		gcc-13-13.3.0/pcre2-10.00/O0/install/lib/libpcre2-8.a
libpcre2-8.a	pcre2	major-alternative	gcc-13-13.3.0	O2	pcre2-10.00|pcre2-2-10.00	selected		gcc-13-13.3.0/pcre2-10.00/O2/install/lib/libpcre2-8.a
libpcre2-8.a	pcre2	major-alternative	gcc-13-13.3.0	O3	pcre2-10.00|pcre2-2-10.00	selected		gcc-13-13.3.0/pcre2-10.00/O3/install/lib/libpcre2-8.a
libpcre2-8.a	pcre2	major-alternative	gcc-13-13.3.0	Os	pcre2-10.00|pcre2-2-10.00	selected		gcc-13-13.3.0/pcre2-10.00/Os/install/lib/libpcre2-8.a
libpcre2-8.a	pcre2	major-alternative	clang-18-18.1.3	O0	pcre2-10.00|pcre2-2-10.00	selected		clang-18-18.1.3/pcre2-10.00/O0/install/lib/libpcre2-8.a
libpcre2-8.a	pcre2	major-alternative	clang-18-18.1.3	O2	pcre2-10.00|pcre2-2-10.00	selected		clang-18-18.1.3/pcre2-10.00/O2/install/lib/libpcre2-8.a
libpcre2-8.a	pcre2	major-alternative	clang-18-18.1.3	O3	pcre2-10.00|pcre2-2-10.00	selected		clang-18-18.1.3/pcre2-10.00/O3/install/lib/libpcre2-8.a
libpcre2-8.a	pcre2	major-alternative	clang-18-18.1.3	Os	pcre2-10.00|pcre2-2-10.00	selected		clang-18-18.1.3/pcre2-10.00/Os/install/lib/libpcre2-8.a
libpcre2-posix.a	pcre2	current	gcc-11-11.5.0	O0	pcre2-10.47|pcre2-2-10.47	selected		gcc-11-11.5.0/pcre2-10.47/O0/install/lib/libpcre2-posix.a
libpcre2-posix.a	pcre2	current	gcc-11-11.5.0	O2	pcre2-10.47|pcre2-2-10.47	selected		gcc-11-11.5.0/pcre2-10.47/O2/install/lib/libpcre2-posix.a
libpcre2-posix.a	pcre2	current	gcc-11-11.5.0	O3	pcre2-10.47|pcre2-2-10.47	selected		gcc-11-11.5.0/pcre2-10.47/O3/install/lib/libpcre2-posix.a
libpcre2-posix.a	pcre2	current	gcc-11-11.5.0	Os	pcre2-10.47|pcre2-2-10.47	selected		gcc-11-11.5.0/pcre2-10.47/Os/install/lib/libpcre2-posix.a
libpcre2-posix.a	pcre2	current	gcc-13-13.3.0	O0	pcre2-10.47|pcre2-2-10.47	selected		gcc-13-13.3.0/pcre2-10.47/O0/install/lib/libpcre2-posix.a
libpcre2-posix.a	pcre2	current	gcc-13-13.3.0	O2	pcre2-10.47|pcre2-2-10.47	selected		gcc-13-13.3.0/pcre2-10.47/O2/install/lib/libpcre2-posix.a
libpcre2-posix.a	pcre2	current	gcc-13-13.3.0	O3	pcre2-10.47|pcre2-2-10.47	selected		gcc-13-13.3.0/pcre2-10.47/O3/install/lib/libpcre2-posix.a
libpcre2-posix.a	pcre2	current	gcc-13-13.3.0	Os	pcre2-10.47|pcre2-2-10.47	selected		gcc-13-13.3.0/pcre2-10.47/Os/install/lib/libpcre2-posix.a
libpcre2-posix.a	pcre2	current	clang-14-14.0.6	O0	pcre2-10.47|pcre2-2-10.47	selected		clang-14-14.0.6/pcre2-10.47/O0/install/lib/libpcre2-posix.a
libpcre2-posix.a	pcre2	current	clang-14-14.0.6	O2	pcre2-10.47|pcre2-2-10.47	selected		clang-14-14.0.6/pcre2-10.47/O2/install/lib/libpcre2-posix.a
libpcre2-posix.a	pcre2	current	clang-14-14.0.6	O3	pcre2-10.47|pcre2-2-10.47	selected		clang-14-14.0.6/pcre2-10.47/O3/install/lib/libpcre2-posix.a
libpcre2-posix.a	pcre2	current	clang-14-14.0.6	Os	pcre2-10.47|pcre2-2-10.47	selected		clang-14-14.0.6/pcre2-10.47/Os/install/lib/libpcre2-posix.a
libpcre2-posix.a	pcre2	current	clang-18-18.1.3	O0	pcre2-10.47|pcre2-2-10.47	selected		clang-18-18.1.3/pcre2-10.47/O0/install/lib/libpcre2-posix.a
libpcre2-posix.a	pcre2	current	clang-18-18.1.3	O2	pcre2-10.47|pcre2-2-10.47	selected		clang-18-18.1.3/pcre2-10.47/O2/install/lib/libpcre2-posix.a
libpcre2-posix.a	pcre2	current	clang-18-18.1.3	O3	pcre2-10.47|pcre2-2-10.47	selected		clang-18-18.1.3/pcre2-10.47/O3/install/lib/libpcre2-posix.a
libpcre2-posix.a	pcre2	current	clang-18-18.1.3	Os	pcre2-10.47|pcre2-2-10.47	selected		clang-18-18.1.3/pcre2-10.47/Os/install/lib/libpcre2-posix.a
libpcre2-posix.a	pcre2	minor-alternative	gcc-13-13.3.0	O0	pcre2-10.41|pcre2-2-10.41	selected		gcc-13-13.3.0/pcre2-10.41/O0/install/lib/libpcre2-posix.a
libpcre2-posix.a	pcre2	minor-alternative	gcc-13-13.3.0	O2	pcre2-10.41|pcre2-2-10.41	selected		gcc-13-13.3.0/pcre2-10.41/O2/install/lib/libpcre2-posix.a
libpcre2-posix.a	pcre2	minor-alternative	gcc-13-13.3.0	O3	pcre2-10.41|pcre2-2-10.41	selected		gcc-13-13.3.0/pcre2-10.41/O3/install/lib/libpcre2-posix.a
libpcre2-posix.a	pcre2	minor-alternative	gcc-13-13.3.0	Os	pcre2-10.41|pcre2-2-10.41	selected		gcc-13-13.3.0/pcre2-10.41/Os/install/lib/libpcre2-posix.a
libpcre2-posix.a	pcre2	minor-alternative	clang-18-18.1.3	O0	pcre2-10.41|pcre2-2-10.41	selected		clang-18-18.1.3/pcre2-10.41/O0/install/lib/libpcre2-posix.a
libpcre2-posix.a	pcre2	minor-alternative	clang-18-18.1.3	O2	pcre2-10.41|pcre2-2-10.41	selected		clang-18-18.1.3/pcre2-10.41/O2/install/lib/libpcre2-posix.a
libpcre2-posix.a	pcre2	minor-alternative	clang-18-18.1.3	O3	pcre2-10.41|pcre2-2-10.41	selected		clang-18-18.1.3/pcre2-10.41/O3/install/lib/libpcre2-posix.a
libpcre2-posix.a	pcre2	minor-alternative	clang-18-18.1.3	Os	pcre2-10.41|pcre2-2-10.41	selected		clang-18-18.1.3/pcre2-10.41/Os/install/lib/libpcre2-posix.a
libpcre2-posix.a	pcre2	major-alternative	gcc-13-13.3.0	O0	pcre2-10.00|pcre2-2-10.00	selected		gcc-13-13.3.0/pcre2-10.00/O0/install/lib/libpcre2-posix.a
libpcre2-posix.a	pcre2	major-alternative	gcc-13-13.3.0	O2	pcre2-10.00|pcre2-2-10.00	selected		gcc-13-13.3.0/pcre2-10.00/O2/install/lib/libpcre2-posix.a
libpcre2-posix.a	pcre2	major-alternative	gcc-13-13.3.0	O3	pcre2-10.00|pcre2-2-10.00	selected		gcc-13-13.3.0/pcre2-10.00/O3/install/lib/libpcre2-posix.a
libpcre2-posix.a	pcre2	major-alternative	gcc-13-13.3.0	Os	pcre2-10.00|pcre2-2-10.00	selected		gcc-13-13.3.0/pcre2-10.00/Os/install/lib/libpcre2-posix.a
libpcre2-posix.a	pcre2	major-alternative	clang-18-18.1.3	O0	pcre2-10.00|pcre2-2-10.00	selected		clang-18-18.1.3/pcre2-10.00/O0/install/lib/libpcre2-posix.a
libpcre2-posix.a	pcre2	major-alternative	clang-18-18.1.3	O2	pcre2-10.00|pcre2-2-10.00	selected		clang-18-18.1.3/pcre2-10.00/O2/install/lib/libpcre2-posix.a
libpcre2-posix.a	pcre2	major-alternative	clang-18-18.1.3	O3	pcre2-10.00|pcre2-2-10.00	selected		clang-18-18.1.3/pcre2-10.00/O3/install/lib/libpcre2-posix.a
libpcre2-posix.a	pcre2	major-alternative	clang-18-18.1.3	Os	pcre2-10.00|pcre2-2-10.00	selected		clang-18-18.1.3/pcre2-10.00/Os/install/lib/libpcre2-posix.a
libpixman-1.a	pixman	current	gcc-11-11.5.0	O0	pixman-0.42.2	selected		gcc-11-11.5.0/pixman-0.42.2/O0/install/lib/libpixman-1.a
libpixman-1.a	pixman	current	gcc-11-11.5.0	O2	pixman-0.42.2	selected		gcc-11-11.5.0/pixman-0.42.2/O2/install/lib/libpixman-1.a
libpixman-1.a	pixman	current	gcc-11-11.5.0	O3	pixman-0.42.2	selected		gcc-11-11.5.0/pixman-0.42.2/O3/install/lib/libpixman-1.a
libpixman-1.a	pixman	current	gcc-11-11.5.0	Os	pixman-0.42.2	selected		gcc-11-11.5.0/pixman-0.42.2/Os/install/lib/libpixman-1.a
libpixman-1.a	pixman	current	gcc-13-13.3.0	O0	pixman-0.42.2	selected		gcc-13-13.3.0/pixman-0.42.2/O0/install/lib/libpixman-1.a
libpixman-1.a	pixman	current	gcc-13-13.3.0	O2	pixman-0.42.2	selected		gcc-13-13.3.0/pixman-0.42.2/O2/install/lib/libpixman-1.a
libpixman-1.a	pixman	current	gcc-13-13.3.0	O3	pixman-0.42.2	selected		gcc-13-13.3.0/pixman-0.42.2/O3/install/lib/libpixman-1.a
libpixman-1.a	pixman	current	gcc-13-13.3.0	Os	pixman-0.42.2	selected		gcc-13-13.3.0/pixman-0.42.2/Os/install/lib/libpixman-1.a
libpixman-1.a	pixman	current	clang-14-14.0.6	O0	pixman-0.42.2	selected		clang-14-14.0.6/pixman-0.42.2/O0/install/lib/libpixman-1.a
libpixman-1.a	pixman	current	clang-14-14.0.6	O2	pixman-0.42.2	selected		clang-14-14.0.6/pixman-0.42.2/O2/install/lib/libpixman-1.a
libpixman-1.a	pixman	current	clang-14-14.0.6	O3	pixman-0.42.2	selected		clang-14-14.0.6/pixman-0.42.2/O3/install/lib/libpixman-1.a
libpixman-1.a	pixman	current	clang-14-14.0.6	Os	pixman-0.42.2	selected		clang-14-14.0.6/pixman-0.42.2/Os/install/lib/libpixman-1.a
libpixman-1.a	pixman	current	clang-18-18.1.3	O0	pixman-0.42.2	selected		clang-18-18.1.3/pixman-0.42.2/O0/install/lib/libpixman-1.a
libpixman-1.a	pixman	current	clang-18-18.1.3	O2	pixman-0.42.2	selected		clang-18-18.1.3/pixman-0.42.2/O2/install/lib/libpixman-1.a
libpixman-1.a	pixman	current	clang-18-18.1.3	O3	pixman-0.42.2	selected		clang-18-18.1.3/pixman-0.42.2/O3/install/lib/libpixman-1.a
libpixman-1.a	pixman	current	clang-18-18.1.3	Os	pixman-0.42.2	selected		clang-18-18.1.3/pixman-0.42.2/Os/install/lib/libpixman-1.a
libpixman-1.a	pixman	minor-alternative	gcc-13-13.3.0	O0	pixman-0.42.0	selected		gcc-13-13.3.0/pixman-0.42.0/O0/install/lib/libpixman-1.a
libpixman-1.a	pixman	minor-alternative	gcc-13-13.3.0	O2	pixman-0.42.0	selected		gcc-13-13.3.0/pixman-0.42.0/O2/install/lib/libpixman-1.a
libpixman-1.a	pixman	minor-alternative	gcc-13-13.3.0	O3	pixman-0.42.0	selected		gcc-13-13.3.0/pixman-0.42.0/O3/install/lib/libpixman-1.a
libpixman-1.a	pixman	minor-alternative	gcc-13-13.3.0	Os	pixman-0.42.0	selected		gcc-13-13.3.0/pixman-0.42.0/Os/install/lib/libpixman-1.a
libpixman-1.a	pixman	minor-alternative	clang-18-18.1.3	O0	pixman-0.42.0	selected		clang-18-18.1.3/pixman-0.42.0/O0/install/lib/libpixman-1.a
libpixman-1.a	pixman	minor-alternative	clang-18-18.1.3	O2	pixman-0.42.0	selected		clang-18-18.1.3/pixman-0.42.0/O2/install/lib/libpixman-1.a
libpixman-1.a	pixman	minor-alternative	clang-18-18.1.3	O3	pixman-0.42.0	selected		clang-18-18.1.3/pixman-0.42.0/O3/install/lib/libpixman-1.a
libpixman-1.a	pixman	minor-alternative	clang-18-18.1.3	Os	pixman-0.42.0	selected		clang-18-18.1.3/pixman-0.42.0/Os/install/lib/libpixman-1.a
libpixman-1.a	pixman	major-alternative	gcc-13-13.3.0	O0	pixman-0.40.0	selected		gcc-13-13.3.0/pixman-0.40.0/O0/install/lib/libpixman-1.a
libpixman-1.a	pixman	major-alternative	gcc-13-13.3.0	O2	pixman-0.40.0	selected		gcc-13-13.3.0/pixman-0.40.0/O2/install/lib/libpixman-1.a
libpixman-1.a	pixman	major-alternative	gcc-13-13.3.0	O3	pixman-0.40.0	selected		gcc-13-13.3.0/pixman-0.40.0/O3/install/lib/libpixman-1.a
libpixman-1.a	pixman	major-alternative	gcc-13-13.3.0	Os	pixman-0.40.0	selected		gcc-13-13.3.0/pixman-0.40.0/Os/install/lib/libpixman-1.a
libpixman-1.a	pixman	major-alternative	clang-18-18.1.3	O0	pixman-0.40.0	selected		clang-18-18.1.3/pixman-0.40.0/O0/install/lib/libpixman-1.a
libpixman-1.a	pixman	major-alternative	clang-18-18.1.3	O2	pixman-0.40.0	selected		clang-18-18.1.3/pixman-0.40.0/O2/install/lib/libpixman-1.a
libpixman-1.a	pixman	major-alternative	clang-18-18.1.3	O3	pixman-0.40.0	selected		clang-18-18.1.3/pixman-0.40.0/O3/install/lib/libpixman-1.a
libpixman-1.a	pixman	major-alternative	clang-18-18.1.3	Os	pixman-0.40.0	selected		clang-18-18.1.3/pixman-0.40.0/Os/install/lib/libpixman-1.a
libpng.a	libpng	current	gcc-11-11.5.0	O0	libpng-1.6.43	selected		gcc-11-11.5.0/libpng-1.6.43/O0/install/lib/libpng.a
libpng.a	libpng	current	gcc-11-11.5.0	O2	libpng-1.6.43	selected		gcc-11-11.5.0/libpng-1.6.43/O2/install/lib/libpng.a
libpng.a	libpng	current	gcc-11-11.5.0	O3	libpng-1.6.43	selected		gcc-11-11.5.0/libpng-1.6.43/O3/install/lib/libpng.a
libpng.a	libpng	current	gcc-11-11.5.0	Os	libpng-1.6.43	selected		gcc-11-11.5.0/libpng-1.6.43/Os/install/lib/libpng.a
libpng.a	libpng	current	gcc-13-13.3.0	O0	libpng-1.6.43	selected		gcc-13-13.3.0/libpng-1.6.43/O0/install/lib/libpng.a
libpng.a	libpng	current	gcc-13-13.3.0	O2	libpng-1.6.43	selected		gcc-13-13.3.0/libpng-1.6.43/O2/install/lib/libpng.a
libpng.a	libpng	current	gcc-13-13.3.0	O3	libpng-1.6.43	selected		gcc-13-13.3.0/libpng-1.6.43/O3/install/lib/libpng.a
libpng.a	libpng	current	gcc-13-13.3.0	Os	libpng-1.6.43	selected		gcc-13-13.3.0/libpng-1.6.43/Os/install/lib/libpng.a
libpng.a	libpng	current	clang-14-14.0.6	O0	libpng-1.6.43	selected		clang-14-14.0.6/libpng-1.6.43/O0/install/lib/libpng.a
libpng.a	libpng	current	clang-14-14.0.6	O2	libpng-1.6.43	selected		clang-14-14.0.6/libpng-1.6.43/O2/install/lib/libpng.a
libpng.a	libpng	current	clang-14-14.0.6	O3	libpng-1.6.43	selected		clang-14-14.0.6/libpng-1.6.43/O3/install/lib/libpng.a
libpng.a	libpng	current	clang-14-14.0.6	Os	libpng-1.6.43	selected		clang-14-14.0.6/libpng-1.6.43/Os/install/lib/libpng.a
libpng.a	libpng	current	clang-18-18.1.3	O0	libpng-1.6.43	selected		clang-18-18.1.3/libpng-1.6.43/O0/install/lib/libpng.a
libpng.a	libpng	current	clang-18-18.1.3	O2	libpng-1.6.43	selected		clang-18-18.1.3/libpng-1.6.43/O2/install/lib/libpng.a
libpng.a	libpng	current	clang-18-18.1.3	O3	libpng-1.6.43	selected		clang-18-18.1.3/libpng-1.6.43/O3/install/lib/libpng.a
libpng.a	libpng	current	clang-18-18.1.3	Os	libpng-1.6.43	selected		clang-18-18.1.3/libpng-1.6.43/Os/install/lib/libpng.a
libpng.a	libpng	minor-alternative	gcc-13-13.3.0	O0	libpng-1.6.42	selected		gcc-13-13.3.0/libpng-1.6.42/O0/install/lib/libpng.a
libpng.a	libpng	minor-alternative	gcc-13-13.3.0	O2	libpng-1.6.42	selected		gcc-13-13.3.0/libpng-1.6.42/O2/install/lib/libpng.a
libpng.a	libpng	minor-alternative	gcc-13-13.3.0	O3	libpng-1.6.42	selected		gcc-13-13.3.0/libpng-1.6.42/O3/install/lib/libpng.a
libpng.a	libpng	minor-alternative	gcc-13-13.3.0	Os	libpng-1.6.42	selected		gcc-13-13.3.0/libpng-1.6.42/Os/install/lib/libpng.a
libpng.a	libpng	minor-alternative	clang-18-18.1.3	O0	libpng-1.6.42	selected		clang-18-18.1.3/libpng-1.6.42/O0/install/lib/libpng.a
libpng.a	libpng	minor-alternative	clang-18-18.1.3	O2	libpng-1.6.42	selected		clang-18-18.1.3/libpng-1.6.42/O2/install/lib/libpng.a
libpng.a	libpng	minor-alternative	clang-18-18.1.3	O3	libpng-1.6.42	selected		clang-18-18.1.3/libpng-1.6.42/O3/install/lib/libpng.a
libpng.a	libpng	minor-alternative	clang-18-18.1.3	Os	libpng-1.6.42	selected		clang-18-18.1.3/libpng-1.6.42/Os/install/lib/libpng.a
libpng.a	libpng	major-alternative	gcc-13-13.3.0	O0	libpng-1.6.30	selected		gcc-13-13.3.0/libpng-1.6.30/O0/install/lib/libpng.a
libpng.a	libpng	major-alternative	gcc-13-13.3.0	O2	libpng-1.6.30	selected		gcc-13-13.3.0/libpng-1.6.30/O2/install/lib/libpng.a
libpng.a	libpng	major-alternative	gcc-13-13.3.0	O3	libpng-1.6.30	selected		gcc-13-13.3.0/libpng-1.6.30/O3/install/lib/libpng.a
libpng.a	libpng	major-alternative	gcc-13-13.3.0	Os	libpng-1.6.30	selected		gcc-13-13.3.0/libpng-1.6.30/Os/install/lib/libpng.a
libpng.a	libpng	major-alternative	clang-18-18.1.3	O0	libpng-1.6.30	selected		clang-18-18.1.3/libpng-1.6.30/O0/install/lib/libpng.a
libpng.a	libpng	major-alternative	clang-18-18.1.3	O2	libpng-1.6.30	selected		clang-18-18.1.3/libpng-1.6.30/O2/install/lib/libpng.a
libpng.a	libpng	major-alternative	clang-18-18.1.3	O3	libpng-1.6.30	selected		clang-18-18.1.3/libpng-1.6.30/O3/install/lib/libpng.a
libpng.a	libpng	major-alternative	clang-18-18.1.3	Os	libpng-1.6.30	selected		clang-18-18.1.3/libpng-1.6.30/Os/install/lib/libpng.a
libprintf.a	gmp	current	gcc-11-11.5.0	O0	gmp-6.3.0|gmp-6.3	selected		gcc-11-11.5.0/gmp-6.3/O0/install/lib/libprintf.a
libprintf.a	gmp	current	gcc-11-11.5.0	O2	gmp-6.3.0|gmp-6.3	selected		gcc-11-11.5.0/gmp-6.3/O2/install/lib/libprintf.a
libprintf.a	gmp	current	gcc-11-11.5.0	O3	gmp-6.3.0|gmp-6.3	selected		gcc-11-11.5.0/gmp-6.3/O3/install/lib/libprintf.a
libprintf.a	gmp	current	gcc-11-11.5.0	Os	gmp-6.3.0|gmp-6.3	selected		gcc-11-11.5.0/gmp-6.3/Os/install/lib/libprintf.a
libprintf.a	gmp	current	gcc-13-13.3.0	O0	gmp-6.3.0|gmp-6.3	selected		gcc-13-13.3.0/gmp-6.3/O0/install/lib/libprintf.a
libprintf.a	gmp	current	gcc-13-13.3.0	O2	gmp-6.3.0|gmp-6.3	selected		gcc-13-13.3.0/gmp-6.3/O2/install/lib/libprintf.a
libprintf.a	gmp	current	gcc-13-13.3.0	O3	gmp-6.3.0|gmp-6.3	selected		gcc-13-13.3.0/gmp-6.3/O3/install/lib/libprintf.a
libprintf.a	gmp	current	gcc-13-13.3.0	Os	gmp-6.3.0|gmp-6.3	selected		gcc-13-13.3.0/gmp-6.3/Os/install/lib/libprintf.a
libprintf.a	gmp	current	clang-14-14.0.6	O0	gmp-6.3.0|gmp-6.3	selected		clang-14-14.0.6/gmp-6.3/O0/install/lib/libprintf.a
libprintf.a	gmp	current	clang-14-14.0.6	O2	gmp-6.3.0|gmp-6.3	selected		clang-14-14.0.6/gmp-6.3/O2/install/lib/libprintf.a
libprintf.a	gmp	current	clang-14-14.0.6	O3	gmp-6.3.0|gmp-6.3	selected		clang-14-14.0.6/gmp-6.3/O3/install/lib/libprintf.a
libprintf.a	gmp	current	clang-14-14.0.6	Os	gmp-6.3.0|gmp-6.3	selected		clang-14-14.0.6/gmp-6.3/Os/install/lib/libprintf.a
libprintf.a	gmp	current	clang-18-18.1.3	O0	gmp-6.3.0|gmp-6.3	selected		clang-18-18.1.3/gmp-6.3/O0/install/lib/libprintf.a
libprintf.a	gmp	current	clang-18-18.1.3	O2	gmp-6.3.0|gmp-6.3	selected		clang-18-18.1.3/gmp-6.3/O2/install/lib/libprintf.a
libprintf.a	gmp	current	clang-18-18.1.3	O3	gmp-6.3.0|gmp-6.3	selected		clang-18-18.1.3/gmp-6.3/O3/install/lib/libprintf.a
libprintf.a	gmp	current	clang-18-18.1.3	Os	gmp-6.3.0|gmp-6.3	selected		clang-18-18.1.3/gmp-6.3/Os/install/lib/libprintf.a
libprintf.a	gmp	minor-alternative	gcc-13-13.3.0	O0	gmp-6.2	selected		gcc-13-13.3.0/gmp-6.2/O0/install/lib/libprintf.a
libprintf.a	gmp	minor-alternative	gcc-13-13.3.0	O2	gmp-6.2	selected		gcc-13-13.3.0/gmp-6.2/O2/install/lib/libprintf.a
libprintf.a	gmp	minor-alternative	gcc-13-13.3.0	O3	gmp-6.2	selected		gcc-13-13.3.0/gmp-6.2/O3/install/lib/libprintf.a
libprintf.a	gmp	minor-alternative	gcc-13-13.3.0	Os	gmp-6.2	selected		gcc-13-13.3.0/gmp-6.2/Os/install/lib/libprintf.a
libprintf.a	gmp	minor-alternative	clang-18-18.1.3	O0	gmp-6.2	selected		clang-18-18.1.3/gmp-6.2/O0/install/lib/libprintf.a
libprintf.a	gmp	minor-alternative	clang-18-18.1.3	O2	gmp-6.2	selected		clang-18-18.1.3/gmp-6.2/O2/install/lib/libprintf.a
libprintf.a	gmp	minor-alternative	clang-18-18.1.3	O3	gmp-6.2	selected		clang-18-18.1.3/gmp-6.2/O3/install/lib/libprintf.a
libprintf.a	gmp	minor-alternative	clang-18-18.1.3	Os	gmp-6.2	selected		clang-18-18.1.3/gmp-6.2/Os/install/lib/libprintf.a
libprintf.a	gmp	major-alternative	gcc-13-13.3.0	O0	gmp-5.1	selected		gcc-13-13.3.0/gmp-5.1/O0/install/lib/libprintf.a
libprintf.a	gmp	major-alternative	gcc-13-13.3.0	O2	gmp-5.1	selected		gcc-13-13.3.0/gmp-5.1/O2/install/lib/libprintf.a
libprintf.a	gmp	major-alternative	gcc-13-13.3.0	O3	gmp-5.1	selected		gcc-13-13.3.0/gmp-5.1/O3/install/lib/libprintf.a
libprintf.a	gmp	major-alternative	gcc-13-13.3.0	Os	gmp-5.1	selected		gcc-13-13.3.0/gmp-5.1/Os/install/lib/libprintf.a
libprintf.a	gmp	major-alternative	clang-18-18.1.3	O0	gmp-5.1	selected		clang-18-18.1.3/gmp-5.1/O0/install/lib/libprintf.a
libprintf.a	gmp	major-alternative	clang-18-18.1.3	O2	gmp-5.1	selected		clang-18-18.1.3/gmp-5.1/O2/install/lib/libprintf.a
libprintf.a	gmp	major-alternative	clang-18-18.1.3	O3	gmp-5.1	selected		clang-18-18.1.3/gmp-5.1/O3/install/lib/libprintf.a
libprintf.a	gmp	major-alternative	clang-18-18.1.3	Os	gmp-5.1	selected		clang-18-18.1.3/gmp-5.1/Os/install/lib/libprintf.a
libpsl.a	libpsl	current	gcc-11-11.5.0	O0	libpsl-0.21.5	selected		gcc-11-11.5.0/libpsl-0.21.5/O0/install/lib/libpsl.a
libpsl.a	libpsl	current	gcc-11-11.5.0	O2	libpsl-0.21.5	selected		gcc-11-11.5.0/libpsl-0.21.5/O2/install/lib/libpsl.a
libpsl.a	libpsl	current	gcc-11-11.5.0	O3	libpsl-0.21.5	selected		gcc-11-11.5.0/libpsl-0.21.5/O3/install/lib/libpsl.a
libpsl.a	libpsl	current	gcc-11-11.5.0	Os	libpsl-0.21.5	selected		gcc-11-11.5.0/libpsl-0.21.5/Os/install/lib/libpsl.a
libpsl.a	libpsl	current	gcc-13-13.3.0	O0	libpsl-0.21.5	selected		gcc-13-13.3.0/libpsl-0.21.5/O0/install/lib/libpsl.a
libpsl.a	libpsl	current	gcc-13-13.3.0	O2	libpsl-0.21.5	selected		gcc-13-13.3.0/libpsl-0.21.5/O2/install/lib/libpsl.a
libpsl.a	libpsl	current	gcc-13-13.3.0	O3	libpsl-0.21.5	selected		gcc-13-13.3.0/libpsl-0.21.5/O3/install/lib/libpsl.a
libpsl.a	libpsl	current	gcc-13-13.3.0	Os	libpsl-0.21.5	selected		gcc-13-13.3.0/libpsl-0.21.5/Os/install/lib/libpsl.a
libpsl.a	libpsl	current	clang-14-14.0.6	O0	libpsl-0.21.5	selected		clang-14-14.0.6/libpsl-0.21.5/O0/install/lib/libpsl.a
libpsl.a	libpsl	current	clang-14-14.0.6	O2	libpsl-0.21.5	selected		clang-14-14.0.6/libpsl-0.21.5/O2/install/lib/libpsl.a
libpsl.a	libpsl	current	clang-14-14.0.6	O3	libpsl-0.21.5	selected		clang-14-14.0.6/libpsl-0.21.5/O3/install/lib/libpsl.a
libpsl.a	libpsl	current	clang-14-14.0.6	Os	libpsl-0.21.5	selected		clang-14-14.0.6/libpsl-0.21.5/Os/install/lib/libpsl.a
libpsl.a	libpsl	current	clang-18-18.1.3	O0	libpsl-0.21.5	selected		clang-18-18.1.3/libpsl-0.21.5/O0/install/lib/libpsl.a
libpsl.a	libpsl	current	clang-18-18.1.3	O2	libpsl-0.21.5	selected		clang-18-18.1.3/libpsl-0.21.5/O2/install/lib/libpsl.a
libpsl.a	libpsl	current	clang-18-18.1.3	O3	libpsl-0.21.5	selected		clang-18-18.1.3/libpsl-0.21.5/O3/install/lib/libpsl.a
libpsl.a	libpsl	current	clang-18-18.1.3	Os	libpsl-0.21.5	selected		clang-18-18.1.3/libpsl-0.21.5/Os/install/lib/libpsl.a
libpsl.a	libpsl	minor-alternative	gcc-13-13.3.0	O0	libpsl-0.20.2	selected		gcc-13-13.3.0/libpsl-0.20.2/O0/install/lib/libpsl.a
libpsl.a	libpsl	minor-alternative	gcc-13-13.3.0	O2	libpsl-0.20.2	selected		gcc-13-13.3.0/libpsl-0.20.2/O2/install/lib/libpsl.a
libpsl.a	libpsl	minor-alternative	gcc-13-13.3.0	O3	libpsl-0.20.2	selected		gcc-13-13.3.0/libpsl-0.20.2/O3/install/lib/libpsl.a
libpsl.a	libpsl	minor-alternative	gcc-13-13.3.0	Os	libpsl-0.20.2	selected		gcc-13-13.3.0/libpsl-0.20.2/Os/install/lib/libpsl.a
libpsl.a	libpsl	minor-alternative	clang-18-18.1.3	O0	libpsl-0.20.2	selected		clang-18-18.1.3/libpsl-0.20.2/O0/install/lib/libpsl.a
libpsl.a	libpsl	minor-alternative	clang-18-18.1.3	O2	libpsl-0.20.2	selected		clang-18-18.1.3/libpsl-0.20.2/O2/install/lib/libpsl.a
libpsl.a	libpsl	minor-alternative	clang-18-18.1.3	O3	libpsl-0.20.2	selected		clang-18-18.1.3/libpsl-0.20.2/O3/install/lib/libpsl.a
libpsl.a	libpsl	minor-alternative	clang-18-18.1.3	Os	libpsl-0.20.2	selected		clang-18-18.1.3/libpsl-0.20.2/Os/install/lib/libpsl.a
libpsl.a	libpsl	major-alternative	gcc-13-13.3.0	O0	libpsl-0.13.0	selected		gcc-13-13.3.0/libpsl-0.13.0/O0/install/lib/libpsl.a
libpsl.a	libpsl	major-alternative	gcc-13-13.3.0	O2	libpsl-0.13.0	selected		gcc-13-13.3.0/libpsl-0.13.0/O2/install/lib/libpsl.a
libpsl.a	libpsl	major-alternative	gcc-13-13.3.0	O3	libpsl-0.13.0	selected		gcc-13-13.3.0/libpsl-0.13.0/O3/install/lib/libpsl.a
libpsl.a	libpsl	major-alternative	gcc-13-13.3.0	Os	libpsl-0.13.0	selected		gcc-13-13.3.0/libpsl-0.13.0/Os/install/lib/libpsl.a
libpsl.a	libpsl	major-alternative	clang-18-18.1.3	O0	libpsl-0.13.0	selected		clang-18-18.1.3/libpsl-0.13.0/O0/install/lib/libpsl.a
libpsl.a	libpsl	major-alternative	clang-18-18.1.3	O2	libpsl-0.13.0	selected		clang-18-18.1.3/libpsl-0.13.0/O2/install/lib/libpsl.a
libpsl.a	libpsl	major-alternative	clang-18-18.1.3	O3	libpsl-0.13.0	selected		clang-18-18.1.3/libpsl-0.13.0/O3/install/lib/libpsl.a
libpsl.a	libpsl	major-alternative	clang-18-18.1.3	Os	libpsl-0.13.0	selected		clang-18-18.1.3/libpsl-0.13.0/Os/install/lib/libpsl.a
libpsx.a	libcap	current	gcc-11-11.5.0	O0	libcap|libcap-2.75	selected		gcc-11-11.5.0/libcap/O0/install/lib/libpsx.a
libpsx.a	libcap	current	gcc-11-11.5.0	O2	libcap|libcap-2.75	selected		gcc-11-11.5.0/libcap/O2/install/lib/libpsx.a
libpsx.a	libcap	current	gcc-11-11.5.0	O3	libcap|libcap-2.75	selected		gcc-11-11.5.0/libcap/O3/install/lib/libpsx.a
libpsx.a	libcap	current	gcc-11-11.5.0	Os	libcap|libcap-2.75	selected		gcc-11-11.5.0/libcap/Os/install/lib/libpsx.a
libpsx.a	libcap	current	gcc-13-13.3.0	O0	libcap|libcap-2.75	selected		gcc-13-13.3.0/libcap-2.75/O0/install/lib/libpsx.a
libpsx.a	libcap	current	gcc-13-13.3.0	O2	libcap|libcap-2.75	selected		gcc-13-13.3.0/libcap-2.75/O2/install/lib/libpsx.a
libpsx.a	libcap	current	gcc-13-13.3.0	O3	libcap|libcap-2.75	selected		gcc-13-13.3.0/libcap-2.75/O3/install/lib/libpsx.a
libpsx.a	libcap	current	gcc-13-13.3.0	Os	libcap|libcap-2.75	selected		gcc-13-13.3.0/libcap-2.75/Os/install/lib/libpsx.a
libpsx.a	libcap	current	clang-14-14.0.6	O0	libcap|libcap-2.75	selected		clang-14-14.0.6/libcap-2.75/O0/install/lib/libpsx.a
libpsx.a	libcap	current	clang-14-14.0.6	O2	libcap|libcap-2.75	selected		clang-14-14.0.6/libcap-2.75/O2/install/lib/libpsx.a
libpsx.a	libcap	current	clang-14-14.0.6	O3	libcap|libcap-2.75	selected		clang-14-14.0.6/libcap-2.75/O3/install/lib/libpsx.a
libpsx.a	libcap	current	clang-14-14.0.6	Os	libcap|libcap-2.75	selected		clang-14-14.0.6/libcap-2.75/Os/install/lib/libpsx.a
libpsx.a	libcap	current	clang-18-18.1.3	O0	libcap|libcap-2.75	selected		clang-18-18.1.3/libcap-2.75/O0/install/lib/libpsx.a
libpsx.a	libcap	current	clang-18-18.1.3	O2	libcap|libcap-2.75	selected		clang-18-18.1.3/libcap-2.75/O2/install/lib/libpsx.a
libpsx.a	libcap	current	clang-18-18.1.3	O3	libcap|libcap-2.75	selected		clang-18-18.1.3/libcap-2.75/O3/install/lib/libpsx.a
libpsx.a	libcap	current	clang-18-18.1.3	Os	libcap|libcap-2.75	selected		clang-18-18.1.3/libcap-2.75/Os/install/lib/libpsx.a
libpsx.a	libcap	minor-alternative	gcc-13-13.3.0	O0	libcap-2.65	selected		gcc-13-13.3.0/libcap-2.65/O0/install/lib/libpsx.a
libpsx.a	libcap	minor-alternative	gcc-13-13.3.0	O2	libcap-2.65	selected		gcc-13-13.3.0/libcap-2.65/O2/install/lib/libpsx.a
libpsx.a	libcap	minor-alternative	gcc-13-13.3.0	O3	libcap-2.65	selected		gcc-13-13.3.0/libcap-2.65/O3/install/lib/libpsx.a
libpsx.a	libcap	minor-alternative	gcc-13-13.3.0	Os	libcap-2.65	selected		gcc-13-13.3.0/libcap-2.65/Os/install/lib/libpsx.a
libpsx.a	libcap	minor-alternative	clang-18-18.1.3	O0	libcap-2.65	selected		clang-18-18.1.3/libcap-2.65/O0/install/lib/libpsx.a
libpsx.a	libcap	minor-alternative	clang-18-18.1.3	O2	libcap-2.65	selected		clang-18-18.1.3/libcap-2.65/O2/install/lib/libpsx.a
libpsx.a	libcap	minor-alternative	clang-18-18.1.3	O3	libcap-2.65	selected		clang-18-18.1.3/libcap-2.65/O3/install/lib/libpsx.a
libpsx.a	libcap	minor-alternative	clang-18-18.1.3	Os	libcap-2.65	selected		clang-18-18.1.3/libcap-2.65/Os/install/lib/libpsx.a
libpsx.a	libcap	major-alternative	gcc-13-13.3.0	O0	libcap-1.10	missing	archive_not_produced_by_version	
libpsx.a	libcap	major-alternative	gcc-13-13.3.0	O2	libcap-1.10	missing	archive_not_produced_by_version	
libpsx.a	libcap	major-alternative	gcc-13-13.3.0	O3	libcap-1.10	missing	archive_not_produced_by_version	
libpsx.a	libcap	major-alternative	gcc-13-13.3.0	Os	libcap-1.10	missing	archive_not_produced_by_version	
libpsx.a	libcap	major-alternative	clang-18-18.1.3	O0	libcap-1.10	missing	archive_not_produced_by_version	
libpsx.a	libcap	major-alternative	clang-18-18.1.3	O2	libcap-1.10	missing	archive_not_produced_by_version	
libpsx.a	libcap	major-alternative	clang-18-18.1.3	O3	libcap-1.10	missing	archive_not_produced_by_version	
libpsx.a	libcap	major-alternative	clang-18-18.1.3	Os	libcap-1.10	missing	archive_not_produced_by_version	
libpthread.a	glibc	current	gcc-11-11.5.0	O0	glibc-2.41	missing	unsupported_optimization	
libpthread.a	glibc	current	gcc-11-11.5.0	O2	glibc-2.41	selected		gcc-11-11.5.0/glibc-2.41/O2/install/lib/libpthread.a
libpthread.a	glibc	current	gcc-11-11.5.0	O3	glibc-2.41	selected		gcc-11-11.5.0/glibc-2.41/O3/install/lib/libpthread.a
libpthread.a	glibc	current	gcc-11-11.5.0	Os	glibc-2.41	selected		gcc-11-11.5.0/glibc-2.41/Os/install/lib/libpthread.a
libpthread.a	glibc	current	gcc-13-13.3.0	O0	glibc-2.41	missing	unsupported_optimization	
libpthread.a	glibc	current	gcc-13-13.3.0	O2	glibc-2.41	selected		gcc-13-13.3.0/glibc-2.41/O2/install/lib/libpthread.a
libpthread.a	glibc	current	gcc-13-13.3.0	O3	glibc-2.41	selected		gcc-13-13.3.0/glibc-2.41/O3/install/lib/libpthread.a
libpthread.a	glibc	current	gcc-13-13.3.0	Os	glibc-2.41	selected		gcc-13-13.3.0/glibc-2.41/Os/install/lib/libpthread.a
libpthread.a	glibc	current	clang-14-14.0.6	O0	glibc-2.41	missing	unsupported_compiler	
libpthread.a	glibc	current	clang-14-14.0.6	O2	glibc-2.41	missing	unsupported_compiler	
libpthread.a	glibc	current	clang-14-14.0.6	O3	glibc-2.41	missing	unsupported_compiler	
libpthread.a	glibc	current	clang-14-14.0.6	Os	glibc-2.41	missing	unsupported_compiler	
libpthread.a	glibc	current	clang-18-18.1.3	O0	glibc-2.41	missing	unsupported_compiler	
libpthread.a	glibc	current	clang-18-18.1.3	O2	glibc-2.41	missing	unsupported_compiler	
libpthread.a	glibc	current	clang-18-18.1.3	O3	glibc-2.41	missing	unsupported_compiler	
libpthread.a	glibc	current	clang-18-18.1.3	Os	glibc-2.41	missing	unsupported_compiler	
libpthread.a	glibc	minor-alternative	gcc-13-13.3.0	O0	glibc-2.39	missing	unsupported_optimization	
libpthread.a	glibc	minor-alternative	gcc-13-13.3.0	O2	glibc-2.39	missing	archive_not_produced_by_version	
libpthread.a	glibc	minor-alternative	gcc-13-13.3.0	O3	glibc-2.39	missing	archive_not_produced_by_version	
libpthread.a	glibc	minor-alternative	gcc-13-13.3.0	Os	glibc-2.39	missing	archive_not_produced_by_version	
libpthread.a	glibc	minor-alternative	clang-18-18.1.3	O0	glibc-2.39	missing	unsupported_compiler	
libpthread.a	glibc	minor-alternative	clang-18-18.1.3	O2	glibc-2.39	missing	unsupported_compiler	
libpthread.a	glibc	minor-alternative	clang-18-18.1.3	O3	glibc-2.39	missing	unsupported_compiler	
libpthread.a	glibc	minor-alternative	clang-18-18.1.3	Os	glibc-2.39	missing	unsupported_compiler	
libpthread.a	glibc	major-alternative	gcc-13-13.3.0	O0	glibc-2.17	missing	unsupported_optimization	
libpthread.a	glibc	major-alternative	gcc-13-13.3.0	O2	glibc-2.17	missing	archive_not_produced_by_version	
libpthread.a	glibc	major-alternative	gcc-13-13.3.0	O3	glibc-2.17	missing	archive_not_produced_by_version	
libpthread.a	glibc	major-alternative	gcc-13-13.3.0	Os	glibc-2.17	missing	archive_not_produced_by_version	
libpthread.a	glibc	major-alternative	clang-18-18.1.3	O0	glibc-2.17	missing	unsupported_compiler	
libpthread.a	glibc	major-alternative	clang-18-18.1.3	O2	glibc-2.17	missing	unsupported_compiler	
libpthread.a	glibc	major-alternative	clang-18-18.1.3	O3	glibc-2.17	missing	unsupported_compiler	
libpthread.a	glibc	major-alternative	clang-18-18.1.3	Os	glibc-2.17	missing	unsupported_compiler	
libpthread_syms.a	glibc	current	gcc-11-11.5.0	O0	glibc-2.41	missing	unsupported_optimization	
libpthread_syms.a	glibc	current	gcc-11-11.5.0	O2	glibc-2.41	missing	archive_not_produced_by_version	
libpthread_syms.a	glibc	current	gcc-11-11.5.0	O3	glibc-2.41	missing	archive_not_produced_by_version	
libpthread_syms.a	glibc	current	gcc-11-11.5.0	Os	glibc-2.41	missing	archive_not_produced_by_version	
libpthread_syms.a	glibc	current	gcc-13-13.3.0	O0	glibc-2.41	missing	unsupported_optimization	
libpthread_syms.a	glibc	current	gcc-13-13.3.0	O2	glibc-2.41	missing	archive_not_produced_by_version	
libpthread_syms.a	glibc	current	gcc-13-13.3.0	O3	glibc-2.41	missing	archive_not_produced_by_version	
libpthread_syms.a	glibc	current	gcc-13-13.3.0	Os	glibc-2.41	missing	archive_not_produced_by_version	
libpthread_syms.a	glibc	current	clang-14-14.0.6	O0	glibc-2.41	missing	unsupported_compiler	
libpthread_syms.a	glibc	current	clang-14-14.0.6	O2	glibc-2.41	missing	unsupported_compiler	
libpthread_syms.a	glibc	current	clang-14-14.0.6	O3	glibc-2.41	missing	unsupported_compiler	
libpthread_syms.a	glibc	current	clang-14-14.0.6	Os	glibc-2.41	missing	unsupported_compiler	
libpthread_syms.a	glibc	current	clang-18-18.1.3	O0	glibc-2.41	missing	unsupported_compiler	
libpthread_syms.a	glibc	current	clang-18-18.1.3	O2	glibc-2.41	missing	unsupported_compiler	
libpthread_syms.a	glibc	current	clang-18-18.1.3	O3	glibc-2.41	missing	unsupported_compiler	
libpthread_syms.a	glibc	current	clang-18-18.1.3	Os	glibc-2.41	missing	unsupported_compiler	
libpthread_syms.a	glibc	minor-alternative	gcc-13-13.3.0	O0	glibc-2.39	missing	unsupported_optimization	
libpthread_syms.a	glibc	minor-alternative	gcc-13-13.3.0	O2	glibc-2.39	missing	archive_not_produced_by_version	
libpthread_syms.a	glibc	minor-alternative	gcc-13-13.3.0	O3	glibc-2.39	missing	archive_not_produced_by_version	
libpthread_syms.a	glibc	minor-alternative	gcc-13-13.3.0	Os	glibc-2.39	missing	archive_not_produced_by_version	
libpthread_syms.a	glibc	minor-alternative	clang-18-18.1.3	O0	glibc-2.39	missing	unsupported_compiler	
libpthread_syms.a	glibc	minor-alternative	clang-18-18.1.3	O2	glibc-2.39	missing	unsupported_compiler	
libpthread_syms.a	glibc	minor-alternative	clang-18-18.1.3	O3	glibc-2.39	missing	unsupported_compiler	
libpthread_syms.a	glibc	minor-alternative	clang-18-18.1.3	Os	glibc-2.39	missing	unsupported_compiler	
libpthread_syms.a	glibc	major-alternative	gcc-13-13.3.0	O0	glibc-2.17	missing	unsupported_optimization	
libpthread_syms.a	glibc	major-alternative	gcc-13-13.3.0	O2	glibc-2.17	missing	archive_not_produced_by_version	
libpthread_syms.a	glibc	major-alternative	gcc-13-13.3.0	O3	glibc-2.17	missing	archive_not_produced_by_version	
libpthread_syms.a	glibc	major-alternative	gcc-13-13.3.0	Os	glibc-2.17	missing	archive_not_produced_by_version	
libpthread_syms.a	glibc	major-alternative	clang-18-18.1.3	O0	glibc-2.17	missing	unsupported_compiler	
libpthread_syms.a	glibc	major-alternative	clang-18-18.1.3	O2	glibc-2.17	missing	unsupported_compiler	
libpthread_syms.a	glibc	major-alternative	clang-18-18.1.3	O3	glibc-2.17	missing	unsupported_compiler	
libpthread_syms.a	glibc	major-alternative	clang-18-18.1.3	Os	glibc-2.17	missing	unsupported_compiler	
librandom.a	gmp	current	gcc-11-11.5.0	O0	gmp-6.3.0|gmp-6.3	selected		gcc-11-11.5.0/gmp-6.3/O0/install/lib/librandom.a
librandom.a	gmp	current	gcc-11-11.5.0	O2	gmp-6.3.0|gmp-6.3	selected		gcc-11-11.5.0/gmp-6.3/O2/install/lib/librandom.a
librandom.a	gmp	current	gcc-11-11.5.0	O3	gmp-6.3.0|gmp-6.3	selected		gcc-11-11.5.0/gmp-6.3/O3/install/lib/librandom.a
librandom.a	gmp	current	gcc-11-11.5.0	Os	gmp-6.3.0|gmp-6.3	selected		gcc-11-11.5.0/gmp-6.3/Os/install/lib/librandom.a
librandom.a	gmp	current	gcc-13-13.3.0	O0	gmp-6.3.0|gmp-6.3	selected		gcc-13-13.3.0/gmp-6.3/O0/install/lib/librandom.a
librandom.a	gmp	current	gcc-13-13.3.0	O2	gmp-6.3.0|gmp-6.3	selected		gcc-13-13.3.0/gmp-6.3/O2/install/lib/librandom.a
librandom.a	gmp	current	gcc-13-13.3.0	O3	gmp-6.3.0|gmp-6.3	selected		gcc-13-13.3.0/gmp-6.3/O3/install/lib/librandom.a
librandom.a	gmp	current	gcc-13-13.3.0	Os	gmp-6.3.0|gmp-6.3	selected		gcc-13-13.3.0/gmp-6.3/Os/install/lib/librandom.a
librandom.a	gmp	current	clang-14-14.0.6	O0	gmp-6.3.0|gmp-6.3	selected		clang-14-14.0.6/gmp-6.3/O0/install/lib/librandom.a
librandom.a	gmp	current	clang-14-14.0.6	O2	gmp-6.3.0|gmp-6.3	selected		clang-14-14.0.6/gmp-6.3/O2/install/lib/librandom.a
librandom.a	gmp	current	clang-14-14.0.6	O3	gmp-6.3.0|gmp-6.3	selected		clang-14-14.0.6/gmp-6.3/O3/install/lib/librandom.a
librandom.a	gmp	current	clang-14-14.0.6	Os	gmp-6.3.0|gmp-6.3	selected		clang-14-14.0.6/gmp-6.3/Os/install/lib/librandom.a
librandom.a	gmp	current	clang-18-18.1.3	O0	gmp-6.3.0|gmp-6.3	selected		clang-18-18.1.3/gmp-6.3/O0/install/lib/librandom.a
librandom.a	gmp	current	clang-18-18.1.3	O2	gmp-6.3.0|gmp-6.3	selected		clang-18-18.1.3/gmp-6.3/O2/install/lib/librandom.a
librandom.a	gmp	current	clang-18-18.1.3	O3	gmp-6.3.0|gmp-6.3	selected		clang-18-18.1.3/gmp-6.3/O3/install/lib/librandom.a
librandom.a	gmp	current	clang-18-18.1.3	Os	gmp-6.3.0|gmp-6.3	selected		clang-18-18.1.3/gmp-6.3/Os/install/lib/librandom.a
librandom.a	gmp	minor-alternative	gcc-13-13.3.0	O0	gmp-6.2	selected		gcc-13-13.3.0/gmp-6.2/O0/install/lib/librandom.a
librandom.a	gmp	minor-alternative	gcc-13-13.3.0	O2	gmp-6.2	selected		gcc-13-13.3.0/gmp-6.2/O2/install/lib/librandom.a
librandom.a	gmp	minor-alternative	gcc-13-13.3.0	O3	gmp-6.2	selected		gcc-13-13.3.0/gmp-6.2/O3/install/lib/librandom.a
librandom.a	gmp	minor-alternative	gcc-13-13.3.0	Os	gmp-6.2	selected		gcc-13-13.3.0/gmp-6.2/Os/install/lib/librandom.a
librandom.a	gmp	minor-alternative	clang-18-18.1.3	O0	gmp-6.2	selected		clang-18-18.1.3/gmp-6.2/O0/install/lib/librandom.a
librandom.a	gmp	minor-alternative	clang-18-18.1.3	O2	gmp-6.2	selected		clang-18-18.1.3/gmp-6.2/O2/install/lib/librandom.a
librandom.a	gmp	minor-alternative	clang-18-18.1.3	O3	gmp-6.2	selected		clang-18-18.1.3/gmp-6.2/O3/install/lib/librandom.a
librandom.a	gmp	minor-alternative	clang-18-18.1.3	Os	gmp-6.2	selected		clang-18-18.1.3/gmp-6.2/Os/install/lib/librandom.a
librandom.a	gmp	major-alternative	gcc-13-13.3.0	O0	gmp-5.1	selected		gcc-13-13.3.0/gmp-5.1/O0/install/lib/librandom.a
librandom.a	gmp	major-alternative	gcc-13-13.3.0	O2	gmp-5.1	selected		gcc-13-13.3.0/gmp-5.1/O2/install/lib/librandom.a
librandom.a	gmp	major-alternative	gcc-13-13.3.0	O3	gmp-5.1	selected		gcc-13-13.3.0/gmp-5.1/O3/install/lib/librandom.a
librandom.a	gmp	major-alternative	gcc-13-13.3.0	Os	gmp-5.1	selected		gcc-13-13.3.0/gmp-5.1/Os/install/lib/librandom.a
librandom.a	gmp	major-alternative	clang-18-18.1.3	O0	gmp-5.1	selected		clang-18-18.1.3/gmp-5.1/O0/install/lib/librandom.a
librandom.a	gmp	major-alternative	clang-18-18.1.3	O2	gmp-5.1	selected		clang-18-18.1.3/gmp-5.1/O2/install/lib/librandom.a
librandom.a	gmp	major-alternative	clang-18-18.1.3	O3	gmp-5.1	selected		clang-18-18.1.3/gmp-5.1/O3/install/lib/librandom.a
librandom.a	gmp	major-alternative	clang-18-18.1.3	Os	gmp-5.1	selected		clang-18-18.1.3/gmp-5.1/Os/install/lib/librandom.a
libreadline.a	readline	current	gcc-11-11.5.0	O0	readline-8.2|readline-8.2-1	selected		gcc-11-11.5.0/readline-8.2/O0/install/lib/libreadline.a
libreadline.a	readline	current	gcc-11-11.5.0	O2	readline-8.2|readline-8.2-1	selected		gcc-11-11.5.0/readline-8.2/O2/install/lib/libreadline.a
libreadline.a	readline	current	gcc-11-11.5.0	O3	readline-8.2|readline-8.2-1	selected		gcc-11-11.5.0/readline-8.2/O3/install/lib/libreadline.a
libreadline.a	readline	current	gcc-11-11.5.0	Os	readline-8.2|readline-8.2-1	selected		gcc-11-11.5.0/readline-8.2/Os/install/lib/libreadline.a
libreadline.a	readline	current	gcc-13-13.3.0	O0	readline-8.2|readline-8.2-1	selected		gcc-13-13.3.0/readline-8.2/O0/install/lib/libreadline.a
libreadline.a	readline	current	gcc-13-13.3.0	O2	readline-8.2|readline-8.2-1	selected		gcc-13-13.3.0/readline-8.2/O2/install/lib/libreadline.a
libreadline.a	readline	current	gcc-13-13.3.0	O3	readline-8.2|readline-8.2-1	selected		gcc-13-13.3.0/readline-8.2/O3/install/lib/libreadline.a
libreadline.a	readline	current	gcc-13-13.3.0	Os	readline-8.2|readline-8.2-1	selected		gcc-13-13.3.0/readline-8.2/Os/install/lib/libreadline.a
libreadline.a	readline	current	clang-14-14.0.6	O0	readline-8.2|readline-8.2-1	selected		clang-14-14.0.6/readline-8.2/O0/install/lib/libreadline.a
libreadline.a	readline	current	clang-14-14.0.6	O2	readline-8.2|readline-8.2-1	selected		clang-14-14.0.6/readline-8.2/O2/install/lib/libreadline.a
libreadline.a	readline	current	clang-14-14.0.6	O3	readline-8.2|readline-8.2-1	selected		clang-14-14.0.6/readline-8.2/O3/install/lib/libreadline.a
libreadline.a	readline	current	clang-14-14.0.6	Os	readline-8.2|readline-8.2-1	selected		clang-14-14.0.6/readline-8.2/Os/install/lib/libreadline.a
libreadline.a	readline	current	clang-18-18.1.3	O0	readline-8.2|readline-8.2-1	selected		clang-18-18.1.3/readline-8.2/O0/install/lib/libreadline.a
libreadline.a	readline	current	clang-18-18.1.3	O2	readline-8.2|readline-8.2-1	selected		clang-18-18.1.3/readline-8.2/O2/install/lib/libreadline.a
libreadline.a	readline	current	clang-18-18.1.3	O3	readline-8.2|readline-8.2-1	selected		clang-18-18.1.3/readline-8.2/O3/install/lib/libreadline.a
libreadline.a	readline	current	clang-18-18.1.3	Os	readline-8.2|readline-8.2-1	selected		clang-18-18.1.3/readline-8.2/Os/install/lib/libreadline.a
libreadline.a	readline	minor-alternative	gcc-13-13.3.0	O0	readline-8.1-1	selected		gcc-13-13.3.0/readline-8.1-1/O0/install/lib/libreadline.a
libreadline.a	readline	minor-alternative	gcc-13-13.3.0	O2	readline-8.1-1	selected		gcc-13-13.3.0/readline-8.1-1/O2/install/lib/libreadline.a
libreadline.a	readline	minor-alternative	gcc-13-13.3.0	O3	readline-8.1-1	selected		gcc-13-13.3.0/readline-8.1-1/O3/install/lib/libreadline.a
libreadline.a	readline	minor-alternative	gcc-13-13.3.0	Os	readline-8.1-1	selected		gcc-13-13.3.0/readline-8.1-1/Os/install/lib/libreadline.a
libreadline.a	readline	minor-alternative	clang-18-18.1.3	O0	readline-8.1-1	selected		clang-18-18.1.3/readline-8.1-1/O0/install/lib/libreadline.a
libreadline.a	readline	minor-alternative	clang-18-18.1.3	O2	readline-8.1-1	selected		clang-18-18.1.3/readline-8.1-1/O2/install/lib/libreadline.a
libreadline.a	readline	minor-alternative	clang-18-18.1.3	O3	readline-8.1-1	selected		clang-18-18.1.3/readline-8.1-1/O3/install/lib/libreadline.a
libreadline.a	readline	minor-alternative	clang-18-18.1.3	Os	readline-8.1-1	selected		clang-18-18.1.3/readline-8.1-1/Os/install/lib/libreadline.a
libreadline.a	readline	major-alternative	gcc-13-13.3.0	O0	readline-7.0-1	selected		gcc-13-13.3.0/readline-7.0-1/O0/install/lib/libreadline.a
libreadline.a	readline	major-alternative	gcc-13-13.3.0	O2	readline-7.0-1	selected		gcc-13-13.3.0/readline-7.0-1/O2/install/lib/libreadline.a
libreadline.a	readline	major-alternative	gcc-13-13.3.0	O3	readline-7.0-1	selected		gcc-13-13.3.0/readline-7.0-1/O3/install/lib/libreadline.a
libreadline.a	readline	major-alternative	gcc-13-13.3.0	Os	readline-7.0-1	selected		gcc-13-13.3.0/readline-7.0-1/Os/install/lib/libreadline.a
libreadline.a	readline	major-alternative	clang-18-18.1.3	O0	readline-7.0-1	selected		clang-18-18.1.3/readline-7.0-1/O0/install/lib/libreadline.a
libreadline.a	readline	major-alternative	clang-18-18.1.3	O2	readline-7.0-1	selected		clang-18-18.1.3/readline-7.0-1/O2/install/lib/libreadline.a
libreadline.a	readline	major-alternative	clang-18-18.1.3	O3	readline-7.0-1	selected		clang-18-18.1.3/readline-7.0-1/O3/install/lib/libreadline.a
libreadline.a	readline	major-alternative	clang-18-18.1.3	Os	readline-7.0-1	selected		clang-18-18.1.3/readline-7.0-1/Os/install/lib/libreadline.a
libresolv.a	glibc	current	gcc-11-11.5.0	O0	glibc-2.41	missing	unsupported_optimization	
libresolv.a	glibc	current	gcc-11-11.5.0	O2	glibc-2.41	selected		gcc-11-11.5.0/glibc-2.41/O2/install/lib/libresolv.a
libresolv.a	glibc	current	gcc-11-11.5.0	O3	glibc-2.41	selected		gcc-11-11.5.0/glibc-2.41/O3/install/lib/libresolv.a
libresolv.a	glibc	current	gcc-11-11.5.0	Os	glibc-2.41	selected		gcc-11-11.5.0/glibc-2.41/Os/install/lib/libresolv.a
libresolv.a	glibc	current	gcc-13-13.3.0	O0	glibc-2.41	missing	unsupported_optimization	
libresolv.a	glibc	current	gcc-13-13.3.0	O2	glibc-2.41	selected		gcc-13-13.3.0/glibc-2.41/O2/install/lib/libresolv.a
libresolv.a	glibc	current	gcc-13-13.3.0	O3	glibc-2.41	selected		gcc-13-13.3.0/glibc-2.41/O3/install/lib/libresolv.a
libresolv.a	glibc	current	gcc-13-13.3.0	Os	glibc-2.41	selected		gcc-13-13.3.0/glibc-2.41/Os/install/lib/libresolv.a
libresolv.a	glibc	current	clang-14-14.0.6	O0	glibc-2.41	missing	unsupported_compiler	
libresolv.a	glibc	current	clang-14-14.0.6	O2	glibc-2.41	missing	unsupported_compiler	
libresolv.a	glibc	current	clang-14-14.0.6	O3	glibc-2.41	missing	unsupported_compiler	
libresolv.a	glibc	current	clang-14-14.0.6	Os	glibc-2.41	missing	unsupported_compiler	
libresolv.a	glibc	current	clang-18-18.1.3	O0	glibc-2.41	missing	unsupported_compiler	
libresolv.a	glibc	current	clang-18-18.1.3	O2	glibc-2.41	missing	unsupported_compiler	
libresolv.a	glibc	current	clang-18-18.1.3	O3	glibc-2.41	missing	unsupported_compiler	
libresolv.a	glibc	current	clang-18-18.1.3	Os	glibc-2.41	missing	unsupported_compiler	
libresolv.a	glibc	minor-alternative	gcc-13-13.3.0	O0	glibc-2.39	missing	unsupported_optimization	
libresolv.a	glibc	minor-alternative	gcc-13-13.3.0	O2	glibc-2.39	missing	archive_not_produced_by_version	
libresolv.a	glibc	minor-alternative	gcc-13-13.3.0	O3	glibc-2.39	missing	archive_not_produced_by_version	
libresolv.a	glibc	minor-alternative	gcc-13-13.3.0	Os	glibc-2.39	missing	archive_not_produced_by_version	
libresolv.a	glibc	minor-alternative	clang-18-18.1.3	O0	glibc-2.39	missing	unsupported_compiler	
libresolv.a	glibc	minor-alternative	clang-18-18.1.3	O2	glibc-2.39	missing	unsupported_compiler	
libresolv.a	glibc	minor-alternative	clang-18-18.1.3	O3	glibc-2.39	missing	unsupported_compiler	
libresolv.a	glibc	minor-alternative	clang-18-18.1.3	Os	glibc-2.39	missing	unsupported_compiler	
libresolv.a	glibc	major-alternative	gcc-13-13.3.0	O0	glibc-2.17	missing	unsupported_optimization	
libresolv.a	glibc	major-alternative	gcc-13-13.3.0	O2	glibc-2.17	missing	archive_not_produced_by_version	
libresolv.a	glibc	major-alternative	gcc-13-13.3.0	O3	glibc-2.17	missing	archive_not_produced_by_version	
libresolv.a	glibc	major-alternative	gcc-13-13.3.0	Os	glibc-2.17	missing	archive_not_produced_by_version	
libresolv.a	glibc	major-alternative	clang-18-18.1.3	O0	glibc-2.17	missing	unsupported_compiler	
libresolv.a	glibc	major-alternative	clang-18-18.1.3	O2	glibc-2.17	missing	unsupported_compiler	
libresolv.a	glibc	major-alternative	clang-18-18.1.3	O3	glibc-2.17	missing	unsupported_compiler	
libresolv.a	glibc	major-alternative	clang-18-18.1.3	Os	glibc-2.17	missing	unsupported_compiler	
librt.a	glibc	current	gcc-11-11.5.0	O0	glibc-2.41	missing	unsupported_optimization	
librt.a	glibc	current	gcc-11-11.5.0	O2	glibc-2.41	selected		gcc-11-11.5.0/glibc-2.41/O2/install/lib/librt.a
librt.a	glibc	current	gcc-11-11.5.0	O3	glibc-2.41	selected		gcc-11-11.5.0/glibc-2.41/O3/install/lib/librt.a
librt.a	glibc	current	gcc-11-11.5.0	Os	glibc-2.41	selected		gcc-11-11.5.0/glibc-2.41/Os/install/lib/librt.a
librt.a	glibc	current	gcc-13-13.3.0	O0	glibc-2.41	missing	unsupported_optimization	
librt.a	glibc	current	gcc-13-13.3.0	O2	glibc-2.41	selected		gcc-13-13.3.0/glibc-2.41/O2/install/lib/librt.a
librt.a	glibc	current	gcc-13-13.3.0	O3	glibc-2.41	selected		gcc-13-13.3.0/glibc-2.41/O3/install/lib/librt.a
librt.a	glibc	current	gcc-13-13.3.0	Os	glibc-2.41	selected		gcc-13-13.3.0/glibc-2.41/Os/install/lib/librt.a
librt.a	glibc	current	clang-14-14.0.6	O0	glibc-2.41	missing	unsupported_compiler	
librt.a	glibc	current	clang-14-14.0.6	O2	glibc-2.41	missing	unsupported_compiler	
librt.a	glibc	current	clang-14-14.0.6	O3	glibc-2.41	missing	unsupported_compiler	
librt.a	glibc	current	clang-14-14.0.6	Os	glibc-2.41	missing	unsupported_compiler	
librt.a	glibc	current	clang-18-18.1.3	O0	glibc-2.41	missing	unsupported_compiler	
librt.a	glibc	current	clang-18-18.1.3	O2	glibc-2.41	missing	unsupported_compiler	
librt.a	glibc	current	clang-18-18.1.3	O3	glibc-2.41	missing	unsupported_compiler	
librt.a	glibc	current	clang-18-18.1.3	Os	glibc-2.41	missing	unsupported_compiler	
librt.a	glibc	minor-alternative	gcc-13-13.3.0	O0	glibc-2.39	missing	unsupported_optimization	
librt.a	glibc	minor-alternative	gcc-13-13.3.0	O2	glibc-2.39	missing	archive_not_produced_by_version	
librt.a	glibc	minor-alternative	gcc-13-13.3.0	O3	glibc-2.39	missing	archive_not_produced_by_version	
librt.a	glibc	minor-alternative	gcc-13-13.3.0	Os	glibc-2.39	missing	archive_not_produced_by_version	
librt.a	glibc	minor-alternative	clang-18-18.1.3	O0	glibc-2.39	missing	unsupported_compiler	
librt.a	glibc	minor-alternative	clang-18-18.1.3	O2	glibc-2.39	missing	unsupported_compiler	
librt.a	glibc	minor-alternative	clang-18-18.1.3	O3	glibc-2.39	missing	unsupported_compiler	
librt.a	glibc	minor-alternative	clang-18-18.1.3	Os	glibc-2.39	missing	unsupported_compiler	
librt.a	glibc	major-alternative	gcc-13-13.3.0	O0	glibc-2.17	missing	unsupported_optimization	
librt.a	glibc	major-alternative	gcc-13-13.3.0	O2	glibc-2.17	missing	archive_not_produced_by_version	
librt.a	glibc	major-alternative	gcc-13-13.3.0	O3	glibc-2.17	missing	archive_not_produced_by_version	
librt.a	glibc	major-alternative	gcc-13-13.3.0	Os	glibc-2.17	missing	archive_not_produced_by_version	
librt.a	glibc	major-alternative	clang-18-18.1.3	O0	glibc-2.17	missing	unsupported_compiler	
librt.a	glibc	major-alternative	clang-18-18.1.3	O2	glibc-2.17	missing	unsupported_compiler	
librt.a	glibc	major-alternative	clang-18-18.1.3	O3	glibc-2.17	missing	unsupported_compiler	
librt.a	glibc	major-alternative	clang-18-18.1.3	Os	glibc-2.17	missing	unsupported_compiler	
libscanf.a	gmp	current	gcc-11-11.5.0	O0	gmp-6.3.0|gmp-6.3	selected		gcc-11-11.5.0/gmp-6.3/O0/install/lib/libscanf.a
libscanf.a	gmp	current	gcc-11-11.5.0	O2	gmp-6.3.0|gmp-6.3	selected		gcc-11-11.5.0/gmp-6.3/O2/install/lib/libscanf.a
libscanf.a	gmp	current	gcc-11-11.5.0	O3	gmp-6.3.0|gmp-6.3	selected		gcc-11-11.5.0/gmp-6.3/O3/install/lib/libscanf.a
libscanf.a	gmp	current	gcc-11-11.5.0	Os	gmp-6.3.0|gmp-6.3	selected		gcc-11-11.5.0/gmp-6.3/Os/install/lib/libscanf.a
libscanf.a	gmp	current	gcc-13-13.3.0	O0	gmp-6.3.0|gmp-6.3	selected		gcc-13-13.3.0/gmp-6.3/O0/install/lib/libscanf.a
libscanf.a	gmp	current	gcc-13-13.3.0	O2	gmp-6.3.0|gmp-6.3	selected		gcc-13-13.3.0/gmp-6.3/O2/install/lib/libscanf.a
libscanf.a	gmp	current	gcc-13-13.3.0	O3	gmp-6.3.0|gmp-6.3	selected		gcc-13-13.3.0/gmp-6.3/O3/install/lib/libscanf.a
libscanf.a	gmp	current	gcc-13-13.3.0	Os	gmp-6.3.0|gmp-6.3	selected		gcc-13-13.3.0/gmp-6.3/Os/install/lib/libscanf.a
libscanf.a	gmp	current	clang-14-14.0.6	O0	gmp-6.3.0|gmp-6.3	selected		clang-14-14.0.6/gmp-6.3/O0/install/lib/libscanf.a
libscanf.a	gmp	current	clang-14-14.0.6	O2	gmp-6.3.0|gmp-6.3	selected		clang-14-14.0.6/gmp-6.3/O2/install/lib/libscanf.a
libscanf.a	gmp	current	clang-14-14.0.6	O3	gmp-6.3.0|gmp-6.3	selected		clang-14-14.0.6/gmp-6.3/O3/install/lib/libscanf.a
libscanf.a	gmp	current	clang-14-14.0.6	Os	gmp-6.3.0|gmp-6.3	selected		clang-14-14.0.6/gmp-6.3/Os/install/lib/libscanf.a
libscanf.a	gmp	current	clang-18-18.1.3	O0	gmp-6.3.0|gmp-6.3	selected		clang-18-18.1.3/gmp-6.3/O0/install/lib/libscanf.a
libscanf.a	gmp	current	clang-18-18.1.3	O2	gmp-6.3.0|gmp-6.3	selected		clang-18-18.1.3/gmp-6.3/O2/install/lib/libscanf.a
libscanf.a	gmp	current	clang-18-18.1.3	O3	gmp-6.3.0|gmp-6.3	selected		clang-18-18.1.3/gmp-6.3/O3/install/lib/libscanf.a
libscanf.a	gmp	current	clang-18-18.1.3	Os	gmp-6.3.0|gmp-6.3	selected		clang-18-18.1.3/gmp-6.3/Os/install/lib/libscanf.a
libscanf.a	gmp	minor-alternative	gcc-13-13.3.0	O0	gmp-6.2	selected		gcc-13-13.3.0/gmp-6.2/O0/install/lib/libscanf.a
libscanf.a	gmp	minor-alternative	gcc-13-13.3.0	O2	gmp-6.2	selected		gcc-13-13.3.0/gmp-6.2/O2/install/lib/libscanf.a
libscanf.a	gmp	minor-alternative	gcc-13-13.3.0	O3	gmp-6.2	selected		gcc-13-13.3.0/gmp-6.2/O3/install/lib/libscanf.a
libscanf.a	gmp	minor-alternative	gcc-13-13.3.0	Os	gmp-6.2	selected		gcc-13-13.3.0/gmp-6.2/Os/install/lib/libscanf.a
libscanf.a	gmp	minor-alternative	clang-18-18.1.3	O0	gmp-6.2	selected		clang-18-18.1.3/gmp-6.2/O0/install/lib/libscanf.a
libscanf.a	gmp	minor-alternative	clang-18-18.1.3	O2	gmp-6.2	selected		clang-18-18.1.3/gmp-6.2/O2/install/lib/libscanf.a
libscanf.a	gmp	minor-alternative	clang-18-18.1.3	O3	gmp-6.2	selected		clang-18-18.1.3/gmp-6.2/O3/install/lib/libscanf.a
libscanf.a	gmp	minor-alternative	clang-18-18.1.3	Os	gmp-6.2	selected		clang-18-18.1.3/gmp-6.2/Os/install/lib/libscanf.a
libscanf.a	gmp	major-alternative	gcc-13-13.3.0	O0	gmp-5.1	selected		gcc-13-13.3.0/gmp-5.1/O0/install/lib/libscanf.a
libscanf.a	gmp	major-alternative	gcc-13-13.3.0	O2	gmp-5.1	selected		gcc-13-13.3.0/gmp-5.1/O2/install/lib/libscanf.a
libscanf.a	gmp	major-alternative	gcc-13-13.3.0	O3	gmp-5.1	selected		gcc-13-13.3.0/gmp-5.1/O3/install/lib/libscanf.a
libscanf.a	gmp	major-alternative	gcc-13-13.3.0	Os	gmp-5.1	selected		gcc-13-13.3.0/gmp-5.1/Os/install/lib/libscanf.a
libscanf.a	gmp	major-alternative	clang-18-18.1.3	O0	gmp-5.1	selected		clang-18-18.1.3/gmp-5.1/O0/install/lib/libscanf.a
libscanf.a	gmp	major-alternative	clang-18-18.1.3	O2	gmp-5.1	selected		clang-18-18.1.3/gmp-5.1/O2/install/lib/libscanf.a
libscanf.a	gmp	major-alternative	clang-18-18.1.3	O3	gmp-5.1	selected		clang-18-18.1.3/gmp-5.1/O3/install/lib/libscanf.a
libscanf.a	gmp	major-alternative	clang-18-18.1.3	Os	gmp-5.1	selected		clang-18-18.1.3/gmp-5.1/Os/install/lib/libscanf.a
libselinux.a	selinux	current	gcc-11-11.5.0	O0	selinux-3.7	selected		gcc-11-11.5.0/selinux-3.7/O0/install/lib/libselinux.a
libselinux.a	selinux	current	gcc-11-11.5.0	O2	selinux-3.7	selected		gcc-11-11.5.0/selinux-3.7/O2/install/lib/libselinux.a
libselinux.a	selinux	current	gcc-11-11.5.0	O3	selinux-3.7	selected		gcc-11-11.5.0/selinux-3.7/O3/install/lib/libselinux.a
libselinux.a	selinux	current	gcc-11-11.5.0	Os	selinux-3.7	selected		gcc-11-11.5.0/selinux-3.7/Os/install/lib/libselinux.a
libselinux.a	selinux	current	gcc-13-13.3.0	O0	selinux-3.7	selected		gcc-13-13.3.0/selinux-3.7/O0/install/lib/libselinux.a
libselinux.a	selinux	current	gcc-13-13.3.0	O2	selinux-3.7	selected		gcc-13-13.3.0/selinux-3.7/O2/install/lib/libselinux.a
libselinux.a	selinux	current	gcc-13-13.3.0	O3	selinux-3.7	selected		gcc-13-13.3.0/selinux-3.7/O3/install/lib/libselinux.a
libselinux.a	selinux	current	gcc-13-13.3.0	Os	selinux-3.7	selected		gcc-13-13.3.0/selinux-3.7/Os/install/lib/libselinux.a
libselinux.a	selinux	current	clang-14-14.0.6	O0	selinux-3.7	selected		clang-14-14.0.6/selinux-3.7/O0/install/lib/libselinux.a
libselinux.a	selinux	current	clang-14-14.0.6	O2	selinux-3.7	selected		clang-14-14.0.6/selinux-3.7/O2/install/lib/libselinux.a
libselinux.a	selinux	current	clang-14-14.0.6	O3	selinux-3.7	selected		clang-14-14.0.6/selinux-3.7/O3/install/lib/libselinux.a
libselinux.a	selinux	current	clang-14-14.0.6	Os	selinux-3.7	selected		clang-14-14.0.6/selinux-3.7/Os/install/lib/libselinux.a
libselinux.a	selinux	current	clang-18-18.1.3	O0	selinux-3.7	selected		clang-18-18.1.3/selinux-3.7/O0/install/lib/libselinux.a
libselinux.a	selinux	current	clang-18-18.1.3	O2	selinux-3.7	selected		clang-18-18.1.3/selinux-3.7/O2/install/lib/libselinux.a
libselinux.a	selinux	current	clang-18-18.1.3	O3	selinux-3.7	selected		clang-18-18.1.3/selinux-3.7/O3/install/lib/libselinux.a
libselinux.a	selinux	current	clang-18-18.1.3	Os	selinux-3.7	selected		clang-18-18.1.3/selinux-3.7/Os/install/lib/libselinux.a
libselinux.a	selinux	minor-alternative	gcc-13-13.3.0	O0	selinux-3.2	selected		gcc-13-13.3.0/selinux-3.2/O0/install/lib/libselinux.a
libselinux.a	selinux	minor-alternative	gcc-13-13.3.0	O2	selinux-3.2	selected		gcc-13-13.3.0/selinux-3.2/O2/install/lib/libselinux.a
libselinux.a	selinux	minor-alternative	gcc-13-13.3.0	O3	selinux-3.2	selected		gcc-13-13.3.0/selinux-3.2/O3/install/lib/libselinux.a
libselinux.a	selinux	minor-alternative	gcc-13-13.3.0	Os	selinux-3.2	selected		gcc-13-13.3.0/selinux-3.2/Os/install/lib/libselinux.a
libselinux.a	selinux	minor-alternative	clang-18-18.1.3	O0	selinux-3.2	selected		clang-18-18.1.3/selinux-3.2/O0/install/lib/libselinux.a
libselinux.a	selinux	minor-alternative	clang-18-18.1.3	O2	selinux-3.2	selected		clang-18-18.1.3/selinux-3.2/O2/install/lib/libselinux.a
libselinux.a	selinux	minor-alternative	clang-18-18.1.3	O3	selinux-3.2	selected		clang-18-18.1.3/selinux-3.2/O3/install/lib/libselinux.a
libselinux.a	selinux	minor-alternative	clang-18-18.1.3	Os	selinux-3.2	selected		clang-18-18.1.3/selinux-3.2/Os/install/lib/libselinux.a
libselinux.a	selinux	major-alternative	gcc-13-13.3.0	O0	selinux-2.9-3	selected		gcc-13-13.3.0/selinux-2.9-3/O0/install/lib/libselinux.a
libselinux.a	selinux	major-alternative	gcc-13-13.3.0	O2	selinux-2.9-3	selected		gcc-13-13.3.0/selinux-2.9-3/O2/install/lib/libselinux.a
libselinux.a	selinux	major-alternative	gcc-13-13.3.0	O3	selinux-2.9-3	selected		gcc-13-13.3.0/selinux-2.9-3/O3/install/lib/libselinux.a
libselinux.a	selinux	major-alternative	gcc-13-13.3.0	Os	selinux-2.9-3	selected		gcc-13-13.3.0/selinux-2.9-3/Os/install/lib/libselinux.a
libselinux.a	selinux	major-alternative	clang-18-18.1.3	O0	selinux-2.9-3	selected		clang-18-18.1.3/selinux-2.9-3/O0/install/lib/libselinux.a
libselinux.a	selinux	major-alternative	clang-18-18.1.3	O2	selinux-2.9-3	selected		clang-18-18.1.3/selinux-2.9-3/O2/install/lib/libselinux.a
libselinux.a	selinux	major-alternative	clang-18-18.1.3	O3	selinux-2.9-3	selected		clang-18-18.1.3/selinux-2.9-3/O3/install/lib/libselinux.a
libselinux.a	selinux	major-alternative	clang-18-18.1.3	Os	selinux-2.9-3	selected		clang-18-18.1.3/selinux-2.9-3/Os/install/lib/libselinux.a
libsemanage.a	selinux	current	gcc-11-11.5.0	O0	selinux-3.7	missing	archive_not_produced_by_version	
libsemanage.a	selinux	current	gcc-11-11.5.0	O2	selinux-3.7	missing	archive_not_produced_by_version	
libsemanage.a	selinux	current	gcc-11-11.5.0	O3	selinux-3.7	missing	archive_not_produced_by_version	
libsemanage.a	selinux	current	gcc-11-11.5.0	Os	selinux-3.7	missing	archive_not_produced_by_version	
libsemanage.a	selinux	current	gcc-13-13.3.0	O0	selinux-3.7	missing	archive_not_produced_by_version	
libsemanage.a	selinux	current	gcc-13-13.3.0	O2	selinux-3.7	missing	archive_not_produced_by_version	
libsemanage.a	selinux	current	gcc-13-13.3.0	O3	selinux-3.7	missing	archive_not_produced_by_version	
libsemanage.a	selinux	current	gcc-13-13.3.0	Os	selinux-3.7	missing	archive_not_produced_by_version	
libsemanage.a	selinux	current	clang-14-14.0.6	O0	selinux-3.7	missing	archive_not_produced_by_version	
libsemanage.a	selinux	current	clang-14-14.0.6	O2	selinux-3.7	missing	archive_not_produced_by_version	
libsemanage.a	selinux	current	clang-14-14.0.6	O3	selinux-3.7	missing	archive_not_produced_by_version	
libsemanage.a	selinux	current	clang-14-14.0.6	Os	selinux-3.7	missing	archive_not_produced_by_version	
libsemanage.a	selinux	current	clang-18-18.1.3	O0	selinux-3.7	missing	archive_not_produced_by_version	
libsemanage.a	selinux	current	clang-18-18.1.3	O2	selinux-3.7	missing	archive_not_produced_by_version	
libsemanage.a	selinux	current	clang-18-18.1.3	O3	selinux-3.7	missing	archive_not_produced_by_version	
libsemanage.a	selinux	current	clang-18-18.1.3	Os	selinux-3.7	missing	archive_not_produced_by_version	
libsemanage.a	selinux	minor-alternative	gcc-13-13.3.0	O0	selinux-3.2	missing	archive_not_produced_by_version	
libsemanage.a	selinux	minor-alternative	gcc-13-13.3.0	O2	selinux-3.2	missing	archive_not_produced_by_version	
libsemanage.a	selinux	minor-alternative	gcc-13-13.3.0	O3	selinux-3.2	missing	archive_not_produced_by_version	
libsemanage.a	selinux	minor-alternative	gcc-13-13.3.0	Os	selinux-3.2	missing	archive_not_produced_by_version	
libsemanage.a	selinux	minor-alternative	clang-18-18.1.3	O0	selinux-3.2	missing	archive_not_produced_by_version	
libsemanage.a	selinux	minor-alternative	clang-18-18.1.3	O2	selinux-3.2	missing	archive_not_produced_by_version	
libsemanage.a	selinux	minor-alternative	clang-18-18.1.3	O3	selinux-3.2	missing	archive_not_produced_by_version	
libsemanage.a	selinux	minor-alternative	clang-18-18.1.3	Os	selinux-3.2	missing	archive_not_produced_by_version	
libsemanage.a	selinux	major-alternative	gcc-13-13.3.0	O0	selinux-2.9-3	missing	archive_not_produced_by_version	
libsemanage.a	selinux	major-alternative	gcc-13-13.3.0	O2	selinux-2.9-3	missing	archive_not_produced_by_version	
libsemanage.a	selinux	major-alternative	gcc-13-13.3.0	O3	selinux-2.9-3	missing	archive_not_produced_by_version	
libsemanage.a	selinux	major-alternative	gcc-13-13.3.0	Os	selinux-2.9-3	missing	archive_not_produced_by_version	
libsemanage.a	selinux	major-alternative	clang-18-18.1.3	O0	selinux-2.9-3	missing	archive_not_produced_by_version	
libsemanage.a	selinux	major-alternative	clang-18-18.1.3	O2	selinux-2.9-3	missing	archive_not_produced_by_version	
libsemanage.a	selinux	major-alternative	clang-18-18.1.3	O3	selinux-2.9-3	missing	archive_not_produced_by_version	
libsemanage.a	selinux	major-alternative	clang-18-18.1.3	Os	selinux-2.9-3	missing	archive_not_produced_by_version	
libsepol.a	selinux	current	gcc-11-11.5.0	O0	selinux-3.7	missing	archive_not_produced_by_version	
libsepol.a	selinux	current	gcc-11-11.5.0	O2	selinux-3.7	missing	archive_not_produced_by_version	
libsepol.a	selinux	current	gcc-11-11.5.0	O3	selinux-3.7	missing	archive_not_produced_by_version	
libsepol.a	selinux	current	gcc-11-11.5.0	Os	selinux-3.7	missing	archive_not_produced_by_version	
libsepol.a	selinux	current	gcc-13-13.3.0	O0	selinux-3.7	missing	archive_not_produced_by_version	
libsepol.a	selinux	current	gcc-13-13.3.0	O2	selinux-3.7	missing	archive_not_produced_by_version	
libsepol.a	selinux	current	gcc-13-13.3.0	O3	selinux-3.7	missing	archive_not_produced_by_version	
libsepol.a	selinux	current	gcc-13-13.3.0	Os	selinux-3.7	missing	archive_not_produced_by_version	
libsepol.a	selinux	current	clang-14-14.0.6	O0	selinux-3.7	missing	archive_not_produced_by_version	
libsepol.a	selinux	current	clang-14-14.0.6	O2	selinux-3.7	missing	archive_not_produced_by_version	
libsepol.a	selinux	current	clang-14-14.0.6	O3	selinux-3.7	missing	archive_not_produced_by_version	
libsepol.a	selinux	current	clang-14-14.0.6	Os	selinux-3.7	missing	archive_not_produced_by_version	
libsepol.a	selinux	current	clang-18-18.1.3	O0	selinux-3.7	missing	archive_not_produced_by_version	
libsepol.a	selinux	current	clang-18-18.1.3	O2	selinux-3.7	missing	archive_not_produced_by_version	
libsepol.a	selinux	current	clang-18-18.1.3	O3	selinux-3.7	missing	archive_not_produced_by_version	
libsepol.a	selinux	current	clang-18-18.1.3	Os	selinux-3.7	missing	archive_not_produced_by_version	
libsepol.a	selinux	minor-alternative	gcc-13-13.3.0	O0	selinux-3.2	missing	archive_not_produced_by_version	
libsepol.a	selinux	minor-alternative	gcc-13-13.3.0	O2	selinux-3.2	missing	archive_not_produced_by_version	
libsepol.a	selinux	minor-alternative	gcc-13-13.3.0	O3	selinux-3.2	missing	archive_not_produced_by_version	
libsepol.a	selinux	minor-alternative	gcc-13-13.3.0	Os	selinux-3.2	missing	archive_not_produced_by_version	
libsepol.a	selinux	minor-alternative	clang-18-18.1.3	O0	selinux-3.2	missing	archive_not_produced_by_version	
libsepol.a	selinux	minor-alternative	clang-18-18.1.3	O2	selinux-3.2	missing	archive_not_produced_by_version	
libsepol.a	selinux	minor-alternative	clang-18-18.1.3	O3	selinux-3.2	missing	archive_not_produced_by_version	
libsepol.a	selinux	minor-alternative	clang-18-18.1.3	Os	selinux-3.2	missing	archive_not_produced_by_version	
libsepol.a	selinux	major-alternative	gcc-13-13.3.0	O0	selinux-2.9-3	missing	archive_not_produced_by_version	
libsepol.a	selinux	major-alternative	gcc-13-13.3.0	O2	selinux-2.9-3	missing	archive_not_produced_by_version	
libsepol.a	selinux	major-alternative	gcc-13-13.3.0	O3	selinux-2.9-3	missing	archive_not_produced_by_version	
libsepol.a	selinux	major-alternative	gcc-13-13.3.0	Os	selinux-2.9-3	missing	archive_not_produced_by_version	
libsepol.a	selinux	major-alternative	clang-18-18.1.3	O0	selinux-2.9-3	missing	archive_not_produced_by_version	
libsepol.a	selinux	major-alternative	clang-18-18.1.3	O2	selinux-2.9-3	missing	archive_not_produced_by_version	
libsepol.a	selinux	major-alternative	clang-18-18.1.3	O3	selinux-2.9-3	missing	archive_not_produced_by_version	
libsepol.a	selinux	major-alternative	clang-18-18.1.3	Os	selinux-2.9-3	missing	archive_not_produced_by_version	
libsmartcols.a	util-linux	current	gcc-11-11.5.0	O0	util-linux-2.39.3	selected		gcc-11-11.5.0/util-linux-2.39.3/O0/install/lib/libsmartcols.a
libsmartcols.a	util-linux	current	gcc-11-11.5.0	O2	util-linux-2.39.3	selected		gcc-11-11.5.0/util-linux-2.39.3/O2/install/lib/libsmartcols.a
libsmartcols.a	util-linux	current	gcc-11-11.5.0	O3	util-linux-2.39.3	selected		gcc-11-11.5.0/util-linux-2.39.3/O3/install/lib/libsmartcols.a
libsmartcols.a	util-linux	current	gcc-11-11.5.0	Os	util-linux-2.39.3	selected		gcc-11-11.5.0/util-linux-2.39.3/Os/install/lib/libsmartcols.a
libsmartcols.a	util-linux	current	gcc-13-13.3.0	O0	util-linux-2.39.3	selected		gcc-13-13.3.0/util-linux-2.39.3/O0/install/lib/libsmartcols.a
libsmartcols.a	util-linux	current	gcc-13-13.3.0	O2	util-linux-2.39.3	selected		gcc-13-13.3.0/util-linux-2.39.3/O2/install/lib/libsmartcols.a
libsmartcols.a	util-linux	current	gcc-13-13.3.0	O3	util-linux-2.39.3	selected		gcc-13-13.3.0/util-linux-2.39.3/O3/install/lib/libsmartcols.a
libsmartcols.a	util-linux	current	gcc-13-13.3.0	Os	util-linux-2.39.3	selected		gcc-13-13.3.0/util-linux-2.39.3/Os/install/lib/libsmartcols.a
libsmartcols.a	util-linux	current	clang-14-14.0.6	O0	util-linux-2.39.3	selected		clang-14-14.0.6/util-linux-2.39.3/O0/install/lib/libsmartcols.a
libsmartcols.a	util-linux	current	clang-14-14.0.6	O2	util-linux-2.39.3	selected		clang-14-14.0.6/util-linux-2.39.3/O2/install/lib/libsmartcols.a
libsmartcols.a	util-linux	current	clang-14-14.0.6	O3	util-linux-2.39.3	selected		clang-14-14.0.6/util-linux-2.39.3/O3/install/lib/libsmartcols.a
libsmartcols.a	util-linux	current	clang-14-14.0.6	Os	util-linux-2.39.3	selected		clang-14-14.0.6/util-linux-2.39.3/Os/install/lib/libsmartcols.a
libsmartcols.a	util-linux	current	clang-18-18.1.3	O0	util-linux-2.39.3	selected		clang-18-18.1.3/util-linux-2.39.3/O0/install/lib/libsmartcols.a
libsmartcols.a	util-linux	current	clang-18-18.1.3	O2	util-linux-2.39.3	selected		clang-18-18.1.3/util-linux-2.39.3/O2/install/lib/libsmartcols.a
libsmartcols.a	util-linux	current	clang-18-18.1.3	O3	util-linux-2.39.3	selected		clang-18-18.1.3/util-linux-2.39.3/O3/install/lib/libsmartcols.a
libsmartcols.a	util-linux	current	clang-18-18.1.3	Os	util-linux-2.39.3	selected		clang-18-18.1.3/util-linux-2.39.3/Os/install/lib/libsmartcols.a
libsmartcols.a	util-linux	minor-alternative	gcc-13-13.3.0	O0	util-linux-2.39.2	selected		gcc-13-13.3.0/util-linux-2.39.2/O0/install/lib/libsmartcols.a
libsmartcols.a	util-linux	minor-alternative	gcc-13-13.3.0	O2	util-linux-2.39.2	selected		gcc-13-13.3.0/util-linux-2.39.2/O2/install/lib/libsmartcols.a
libsmartcols.a	util-linux	minor-alternative	gcc-13-13.3.0	O3	util-linux-2.39.2	selected		gcc-13-13.3.0/util-linux-2.39.2/O3/install/lib/libsmartcols.a
libsmartcols.a	util-linux	minor-alternative	gcc-13-13.3.0	Os	util-linux-2.39.2	selected		gcc-13-13.3.0/util-linux-2.39.2/Os/install/lib/libsmartcols.a
libsmartcols.a	util-linux	minor-alternative	clang-18-18.1.3	O0	util-linux-2.39.2	selected		clang-18-18.1.3/util-linux-2.39.2/O0/install/lib/libsmartcols.a
libsmartcols.a	util-linux	minor-alternative	clang-18-18.1.3	O2	util-linux-2.39.2	selected		clang-18-18.1.3/util-linux-2.39.2/O2/install/lib/libsmartcols.a
libsmartcols.a	util-linux	minor-alternative	clang-18-18.1.3	O3	util-linux-2.39.2	selected		clang-18-18.1.3/util-linux-2.39.2/O3/install/lib/libsmartcols.a
libsmartcols.a	util-linux	minor-alternative	clang-18-18.1.3	Os	util-linux-2.39.2	selected		clang-18-18.1.3/util-linux-2.39.2/Os/install/lib/libsmartcols.a
libsmartcols.a	util-linux	major-alternative	gcc-13-13.3.0	O0	util-linux-2.38.1	selected		gcc-13-13.3.0/util-linux-2.38.1/O0/install/lib/libsmartcols.a
libsmartcols.a	util-linux	major-alternative	gcc-13-13.3.0	O2	util-linux-2.38.1	selected		gcc-13-13.3.0/util-linux-2.38.1/O2/install/lib/libsmartcols.a
libsmartcols.a	util-linux	major-alternative	gcc-13-13.3.0	O3	util-linux-2.38.1	selected		gcc-13-13.3.0/util-linux-2.38.1/O3/install/lib/libsmartcols.a
libsmartcols.a	util-linux	major-alternative	gcc-13-13.3.0	Os	util-linux-2.38.1	selected		gcc-13-13.3.0/util-linux-2.38.1/Os/install/lib/libsmartcols.a
libsmartcols.a	util-linux	major-alternative	clang-18-18.1.3	O0	util-linux-2.38.1	selected		clang-18-18.1.3/util-linux-2.38.1/O0/install/lib/libsmartcols.a
libsmartcols.a	util-linux	major-alternative	clang-18-18.1.3	O2	util-linux-2.38.1	selected		clang-18-18.1.3/util-linux-2.38.1/O2/install/lib/libsmartcols.a
libsmartcols.a	util-linux	major-alternative	clang-18-18.1.3	O3	util-linux-2.38.1	selected		clang-18-18.1.3/util-linux-2.38.1/O3/install/lib/libsmartcols.a
libsmartcols.a	util-linux	major-alternative	clang-18-18.1.3	Os	util-linux-2.38.1	selected		clang-18-18.1.3/util-linux-2.38.1/Os/install/lib/libsmartcols.a
libsodium.a	libsodium	current	gcc-11-11.5.0	O0	libsodium-1.0.18	selected		gcc-11-11.5.0/libsodium-1.0.18/O0/install/lib/libsodium.a
libsodium.a	libsodium	current	gcc-11-11.5.0	O2	libsodium-1.0.18	selected		gcc-11-11.5.0/libsodium-1.0.18/O2/install/lib/libsodium.a
libsodium.a	libsodium	current	gcc-11-11.5.0	O3	libsodium-1.0.18	selected		gcc-11-11.5.0/libsodium-1.0.18/O3/install/lib/libsodium.a
libsodium.a	libsodium	current	gcc-11-11.5.0	Os	libsodium-1.0.18	selected		gcc-11-11.5.0/libsodium-1.0.18/Os/install/lib/libsodium.a
libsodium.a	libsodium	current	gcc-13-13.3.0	O0	libsodium-1.0.18	selected		gcc-13-13.3.0/libsodium-1.0.18/O0/install/lib/libsodium.a
libsodium.a	libsodium	current	gcc-13-13.3.0	O2	libsodium-1.0.18	selected		gcc-13-13.3.0/libsodium-1.0.18/O2/install/lib/libsodium.a
libsodium.a	libsodium	current	gcc-13-13.3.0	O3	libsodium-1.0.18	selected		gcc-13-13.3.0/libsodium-1.0.18/O3/install/lib/libsodium.a
libsodium.a	libsodium	current	gcc-13-13.3.0	Os	libsodium-1.0.18	selected		gcc-13-13.3.0/libsodium-1.0.18/Os/install/lib/libsodium.a
libsodium.a	libsodium	current	clang-14-14.0.6	O0	libsodium-1.0.18	selected		clang-14-14.0.6/libsodium-1.0.18/O0/install/lib/libsodium.a
libsodium.a	libsodium	current	clang-14-14.0.6	O2	libsodium-1.0.18	selected		clang-14-14.0.6/libsodium-1.0.18/O2/install/lib/libsodium.a
libsodium.a	libsodium	current	clang-14-14.0.6	O3	libsodium-1.0.18	selected		clang-14-14.0.6/libsodium-1.0.18/O3/install/lib/libsodium.a
libsodium.a	libsodium	current	clang-14-14.0.6	Os	libsodium-1.0.18	selected		clang-14-14.0.6/libsodium-1.0.18/Os/install/lib/libsodium.a
libsodium.a	libsodium	current	clang-18-18.1.3	O0	libsodium-1.0.18	selected		clang-18-18.1.3/libsodium-1.0.18/O0/install/lib/libsodium.a
libsodium.a	libsodium	current	clang-18-18.1.3	O2	libsodium-1.0.18	selected		clang-18-18.1.3/libsodium-1.0.18/O2/install/lib/libsodium.a
libsodium.a	libsodium	current	clang-18-18.1.3	O3	libsodium-1.0.18	selected		clang-18-18.1.3/libsodium-1.0.18/O3/install/lib/libsodium.a
libsodium.a	libsodium	current	clang-18-18.1.3	Os	libsodium-1.0.18	selected		clang-18-18.1.3/libsodium-1.0.18/Os/install/lib/libsodium.a
libsodium.a	libsodium	minor-alternative	gcc-13-13.3.0	O0	libsodium-1.0.17	selected		gcc-13-13.3.0/libsodium-1.0.17/O0/install/lib/libsodium.a
libsodium.a	libsodium	minor-alternative	gcc-13-13.3.0	O2	libsodium-1.0.17	selected		gcc-13-13.3.0/libsodium-1.0.17/O2/install/lib/libsodium.a
libsodium.a	libsodium	minor-alternative	gcc-13-13.3.0	O3	libsodium-1.0.17	selected		gcc-13-13.3.0/libsodium-1.0.17/O3/install/lib/libsodium.a
libsodium.a	libsodium	minor-alternative	gcc-13-13.3.0	Os	libsodium-1.0.17	selected		gcc-13-13.3.0/libsodium-1.0.17/Os/install/lib/libsodium.a
libsodium.a	libsodium	minor-alternative	clang-18-18.1.3	O0	libsodium-1.0.17	selected		clang-18-18.1.3/libsodium-1.0.17/O0/install/lib/libsodium.a
libsodium.a	libsodium	minor-alternative	clang-18-18.1.3	O2	libsodium-1.0.17	selected		clang-18-18.1.3/libsodium-1.0.17/O2/install/lib/libsodium.a
libsodium.a	libsodium	minor-alternative	clang-18-18.1.3	O3	libsodium-1.0.17	selected		clang-18-18.1.3/libsodium-1.0.17/O3/install/lib/libsodium.a
libsodium.a	libsodium	minor-alternative	clang-18-18.1.3	Os	libsodium-1.0.17	selected		clang-18-18.1.3/libsodium-1.0.17/Os/install/lib/libsodium.a
libsodium.a	libsodium	major-alternative	gcc-13-13.3.0	O0	libsodium-0.7.0	selected		gcc-13-13.3.0/libsodium-0.7.0/O0/install/lib/libsodium.a
libsodium.a	libsodium	major-alternative	gcc-13-13.3.0	O2	libsodium-0.7.0	selected		gcc-13-13.3.0/libsodium-0.7.0/O2/install/lib/libsodium.a
libsodium.a	libsodium	major-alternative	gcc-13-13.3.0	O3	libsodium-0.7.0	selected		gcc-13-13.3.0/libsodium-0.7.0/O3/install/lib/libsodium.a
libsodium.a	libsodium	major-alternative	gcc-13-13.3.0	Os	libsodium-0.7.0	selected		gcc-13-13.3.0/libsodium-0.7.0/Os/install/lib/libsodium.a
libsodium.a	libsodium	major-alternative	clang-18-18.1.3	O0	libsodium-0.7.0	selected		clang-18-18.1.3/libsodium-0.7.0/O0/install/lib/libsodium.a
libsodium.a	libsodium	major-alternative	clang-18-18.1.3	O2	libsodium-0.7.0	selected		clang-18-18.1.3/libsodium-0.7.0/O2/install/lib/libsodium.a
libsodium.a	libsodium	major-alternative	clang-18-18.1.3	O3	libsodium-0.7.0	selected		clang-18-18.1.3/libsodium-0.7.0/O3/install/lib/libsodium.a
libsodium.a	libsodium	major-alternative	clang-18-18.1.3	Os	libsodium-0.7.0	selected		clang-18-18.1.3/libsodium-0.7.0/Os/install/lib/libsodium.a
libssl.a	openssl	current	gcc-11-11.5.0	O0	openssl-3.5.0	selected		gcc-11-11.5.0/openssl-3.5.0/O0/install/lib/libssl.a
libssl.a	openssl	current	gcc-11-11.5.0	O2	openssl-3.5.0	selected		gcc-11-11.5.0/openssl-3.5.0/O2/install/lib/libssl.a
libssl.a	openssl	current	gcc-11-11.5.0	O3	openssl-3.5.0	selected		gcc-11-11.5.0/openssl-3.5.0/O3/install/lib/libssl.a
libssl.a	openssl	current	gcc-11-11.5.0	Os	openssl-3.5.0	selected		gcc-11-11.5.0/openssl-3.5.0/Os/install/lib/libssl.a
libssl.a	openssl	current	gcc-13-13.3.0	O0	openssl-3.5.0	selected		gcc-13-13.3.0/openssl-3.5.0/O0/install/lib/libssl.a
libssl.a	openssl	current	gcc-13-13.3.0	O2	openssl-3.5.0	selected		gcc-13-13.3.0/openssl-3.5.0/O2/install/lib/libssl.a
libssl.a	openssl	current	gcc-13-13.3.0	O3	openssl-3.5.0	selected		gcc-13-13.3.0/openssl-3.5.0/O3/install/lib/libssl.a
libssl.a	openssl	current	gcc-13-13.3.0	Os	openssl-3.5.0	selected		gcc-13-13.3.0/openssl-3.5.0/Os/install/lib/libssl.a
libssl.a	openssl	current	clang-14-14.0.6	O0	openssl-3.5.0	selected		clang-14-14.0.6/openssl-3.5.0/O0/install/lib/libssl.a
libssl.a	openssl	current	clang-14-14.0.6	O2	openssl-3.5.0	selected		clang-14-14.0.6/openssl-3.5.0/O2/install/lib/libssl.a
libssl.a	openssl	current	clang-14-14.0.6	O3	openssl-3.5.0	selected		clang-14-14.0.6/openssl-3.5.0/O3/install/lib/libssl.a
libssl.a	openssl	current	clang-14-14.0.6	Os	openssl-3.5.0	selected		clang-14-14.0.6/openssl-3.5.0/Os/install/lib/libssl.a
libssl.a	openssl	current	clang-18-18.1.3	O0	openssl-3.5.0	selected		clang-18-18.1.3/openssl-3.5.0/O0/install/lib/libssl.a
libssl.a	openssl	current	clang-18-18.1.3	O2	openssl-3.5.0	selected		clang-18-18.1.3/openssl-3.5.0/O2/install/lib/libssl.a
libssl.a	openssl	current	clang-18-18.1.3	O3	openssl-3.5.0	selected		clang-18-18.1.3/openssl-3.5.0/O3/install/lib/libssl.a
libssl.a	openssl	current	clang-18-18.1.3	Os	openssl-3.5.0	selected		clang-18-18.1.3/openssl-3.5.0/Os/install/lib/libssl.a
libssl.a	openssl	minor-alternative	gcc-13-13.3.0	O0	openssl-3.0.12	selected		gcc-13-13.3.0/openssl-3.0.12/O0/install/lib/libssl.a
libssl.a	openssl	minor-alternative	gcc-13-13.3.0	O2	openssl-3.0.12	selected		gcc-13-13.3.0/openssl-3.0.12/O2/install/lib/libssl.a
libssl.a	openssl	minor-alternative	gcc-13-13.3.0	O3	openssl-3.0.12	selected		gcc-13-13.3.0/openssl-3.0.12/O3/install/lib/libssl.a
libssl.a	openssl	minor-alternative	gcc-13-13.3.0	Os	openssl-3.0.12	selected		gcc-13-13.3.0/openssl-3.0.12/Os/install/lib/libssl.a
libssl.a	openssl	minor-alternative	clang-18-18.1.3	O0	openssl-3.0.12	selected		clang-18-18.1.3/openssl-3.0.12/O0/install/lib/libssl.a
libssl.a	openssl	minor-alternative	clang-18-18.1.3	O2	openssl-3.0.12	selected		clang-18-18.1.3/openssl-3.0.12/O2/install/lib/libssl.a
libssl.a	openssl	minor-alternative	clang-18-18.1.3	O3	openssl-3.0.12	selected		clang-18-18.1.3/openssl-3.0.12/O3/install/lib/libssl.a
libssl.a	openssl	minor-alternative	clang-18-18.1.3	Os	openssl-3.0.12	selected		clang-18-18.1.3/openssl-3.0.12/Os/install/lib/libssl.a
libssl.a	openssl	major-alternative	gcc-13-13.3.0	O0	openssl-1.1.1w	selected		gcc-13-13.3.0/openssl-1.1.1w/O0/install/lib/libssl.a
libssl.a	openssl	major-alternative	gcc-13-13.3.0	O2	openssl-1.1.1w	selected		gcc-13-13.3.0/openssl-1.1.1w/O2/install/lib/libssl.a
libssl.a	openssl	major-alternative	gcc-13-13.3.0	O3	openssl-1.1.1w	selected		gcc-13-13.3.0/openssl-1.1.1w/O3/install/lib/libssl.a
libssl.a	openssl	major-alternative	gcc-13-13.3.0	Os	openssl-1.1.1w	selected		gcc-13-13.3.0/openssl-1.1.1w/Os/install/lib/libssl.a
libssl.a	openssl	major-alternative	clang-18-18.1.3	O0	openssl-1.1.1w	selected		clang-18-18.1.3/openssl-1.1.1w/O0/install/lib/libssl.a
libssl.a	openssl	major-alternative	clang-18-18.1.3	O2	openssl-1.1.1w	selected		clang-18-18.1.3/openssl-1.1.1w/O2/install/lib/libssl.a
libssl.a	openssl	major-alternative	clang-18-18.1.3	O3	openssl-1.1.1w	selected		clang-18-18.1.3/openssl-1.1.1w/O3/install/lib/libssl.a
libssl.a	openssl	major-alternative	clang-18-18.1.3	Os	openssl-1.1.1w	selected		clang-18-18.1.3/openssl-1.1.1w/Os/install/lib/libssl.a
libsupport_nonshared.a	glibc	current	gcc-11-11.5.0	O0	glibc-2.41	missing	unsupported_optimization	
libsupport_nonshared.a	glibc	current	gcc-11-11.5.0	O2	glibc-2.41	missing	archive_not_produced_by_version	
libsupport_nonshared.a	glibc	current	gcc-11-11.5.0	O3	glibc-2.41	missing	archive_not_produced_by_version	
libsupport_nonshared.a	glibc	current	gcc-11-11.5.0	Os	glibc-2.41	missing	archive_not_produced_by_version	
libsupport_nonshared.a	glibc	current	gcc-13-13.3.0	O0	glibc-2.41	missing	unsupported_optimization	
libsupport_nonshared.a	glibc	current	gcc-13-13.3.0	O2	glibc-2.41	missing	archive_not_produced_by_version	
libsupport_nonshared.a	glibc	current	gcc-13-13.3.0	O3	glibc-2.41	missing	archive_not_produced_by_version	
libsupport_nonshared.a	glibc	current	gcc-13-13.3.0	Os	glibc-2.41	missing	archive_not_produced_by_version	
libsupport_nonshared.a	glibc	current	clang-14-14.0.6	O0	glibc-2.41	missing	unsupported_compiler	
libsupport_nonshared.a	glibc	current	clang-14-14.0.6	O2	glibc-2.41	missing	unsupported_compiler	
libsupport_nonshared.a	glibc	current	clang-14-14.0.6	O3	glibc-2.41	missing	unsupported_compiler	
libsupport_nonshared.a	glibc	current	clang-14-14.0.6	Os	glibc-2.41	missing	unsupported_compiler	
libsupport_nonshared.a	glibc	current	clang-18-18.1.3	O0	glibc-2.41	missing	unsupported_compiler	
libsupport_nonshared.a	glibc	current	clang-18-18.1.3	O2	glibc-2.41	missing	unsupported_compiler	
libsupport_nonshared.a	glibc	current	clang-18-18.1.3	O3	glibc-2.41	missing	unsupported_compiler	
libsupport_nonshared.a	glibc	current	clang-18-18.1.3	Os	glibc-2.41	missing	unsupported_compiler	
libsupport_nonshared.a	glibc	minor-alternative	gcc-13-13.3.0	O0	glibc-2.39	missing	unsupported_optimization	
libsupport_nonshared.a	glibc	minor-alternative	gcc-13-13.3.0	O2	glibc-2.39	missing	archive_not_produced_by_version	
libsupport_nonshared.a	glibc	minor-alternative	gcc-13-13.3.0	O3	glibc-2.39	missing	archive_not_produced_by_version	
libsupport_nonshared.a	glibc	minor-alternative	gcc-13-13.3.0	Os	glibc-2.39	missing	archive_not_produced_by_version	
libsupport_nonshared.a	glibc	minor-alternative	clang-18-18.1.3	O0	glibc-2.39	missing	unsupported_compiler	
libsupport_nonshared.a	glibc	minor-alternative	clang-18-18.1.3	O2	glibc-2.39	missing	unsupported_compiler	
libsupport_nonshared.a	glibc	minor-alternative	clang-18-18.1.3	O3	glibc-2.39	missing	unsupported_compiler	
libsupport_nonshared.a	glibc	minor-alternative	clang-18-18.1.3	Os	glibc-2.39	missing	unsupported_compiler	
libsupport_nonshared.a	glibc	major-alternative	gcc-13-13.3.0	O0	glibc-2.17	missing	unsupported_optimization	
libsupport_nonshared.a	glibc	major-alternative	gcc-13-13.3.0	O2	glibc-2.17	missing	archive_not_produced_by_version	
libsupport_nonshared.a	glibc	major-alternative	gcc-13-13.3.0	O3	glibc-2.17	missing	archive_not_produced_by_version	
libsupport_nonshared.a	glibc	major-alternative	gcc-13-13.3.0	Os	glibc-2.17	missing	archive_not_produced_by_version	
libsupport_nonshared.a	glibc	major-alternative	clang-18-18.1.3	O0	glibc-2.17	missing	unsupported_compiler	
libsupport_nonshared.a	glibc	major-alternative	clang-18-18.1.3	O2	glibc-2.17	missing	unsupported_compiler	
libsupport_nonshared.a	glibc	major-alternative	clang-18-18.1.3	O3	glibc-2.17	missing	unsupported_compiler	
libsupport_nonshared.a	glibc	major-alternative	clang-18-18.1.3	Os	glibc-2.17	missing	unsupported_compiler	
libtcolors.a	util-linux	current	gcc-11-11.5.0	O0	util-linux-2.39.3	selected		gcc-11-11.5.0/util-linux-2.39.3/O0/install/lib/libtcolors.a
libtcolors.a	util-linux	current	gcc-11-11.5.0	O2	util-linux-2.39.3	selected		gcc-11-11.5.0/util-linux-2.39.3/O2/install/lib/libtcolors.a
libtcolors.a	util-linux	current	gcc-11-11.5.0	O3	util-linux-2.39.3	selected		gcc-11-11.5.0/util-linux-2.39.3/O3/install/lib/libtcolors.a
libtcolors.a	util-linux	current	gcc-11-11.5.0	Os	util-linux-2.39.3	selected		gcc-11-11.5.0/util-linux-2.39.3/Os/install/lib/libtcolors.a
libtcolors.a	util-linux	current	gcc-13-13.3.0	O0	util-linux-2.39.3	selected		gcc-13-13.3.0/util-linux-2.39.3/O0/install/lib/libtcolors.a
libtcolors.a	util-linux	current	gcc-13-13.3.0	O2	util-linux-2.39.3	selected		gcc-13-13.3.0/util-linux-2.39.3/O2/install/lib/libtcolors.a
libtcolors.a	util-linux	current	gcc-13-13.3.0	O3	util-linux-2.39.3	selected		gcc-13-13.3.0/util-linux-2.39.3/O3/install/lib/libtcolors.a
libtcolors.a	util-linux	current	gcc-13-13.3.0	Os	util-linux-2.39.3	selected		gcc-13-13.3.0/util-linux-2.39.3/Os/install/lib/libtcolors.a
libtcolors.a	util-linux	current	clang-14-14.0.6	O0	util-linux-2.39.3	selected		clang-14-14.0.6/util-linux-2.39.3/O0/install/lib/libtcolors.a
libtcolors.a	util-linux	current	clang-14-14.0.6	O2	util-linux-2.39.3	selected		clang-14-14.0.6/util-linux-2.39.3/O2/install/lib/libtcolors.a
libtcolors.a	util-linux	current	clang-14-14.0.6	O3	util-linux-2.39.3	selected		clang-14-14.0.6/util-linux-2.39.3/O3/install/lib/libtcolors.a
libtcolors.a	util-linux	current	clang-14-14.0.6	Os	util-linux-2.39.3	selected		clang-14-14.0.6/util-linux-2.39.3/Os/install/lib/libtcolors.a
libtcolors.a	util-linux	current	clang-18-18.1.3	O0	util-linux-2.39.3	selected		clang-18-18.1.3/util-linux-2.39.3/O0/install/lib/libtcolors.a
libtcolors.a	util-linux	current	clang-18-18.1.3	O2	util-linux-2.39.3	selected		clang-18-18.1.3/util-linux-2.39.3/O2/install/lib/libtcolors.a
libtcolors.a	util-linux	current	clang-18-18.1.3	O3	util-linux-2.39.3	selected		clang-18-18.1.3/util-linux-2.39.3/O3/install/lib/libtcolors.a
libtcolors.a	util-linux	current	clang-18-18.1.3	Os	util-linux-2.39.3	selected		clang-18-18.1.3/util-linux-2.39.3/Os/install/lib/libtcolors.a
libtcolors.a	util-linux	minor-alternative	gcc-13-13.3.0	O0	util-linux-2.39.2	selected		gcc-13-13.3.0/util-linux-2.39.2/O0/install/lib/libtcolors.a
libtcolors.a	util-linux	minor-alternative	gcc-13-13.3.0	O2	util-linux-2.39.2	selected		gcc-13-13.3.0/util-linux-2.39.2/O2/install/lib/libtcolors.a
libtcolors.a	util-linux	minor-alternative	gcc-13-13.3.0	O3	util-linux-2.39.2	selected		gcc-13-13.3.0/util-linux-2.39.2/O3/install/lib/libtcolors.a
libtcolors.a	util-linux	minor-alternative	gcc-13-13.3.0	Os	util-linux-2.39.2	selected		gcc-13-13.3.0/util-linux-2.39.2/Os/install/lib/libtcolors.a
libtcolors.a	util-linux	minor-alternative	clang-18-18.1.3	O0	util-linux-2.39.2	selected		clang-18-18.1.3/util-linux-2.39.2/O0/install/lib/libtcolors.a
libtcolors.a	util-linux	minor-alternative	clang-18-18.1.3	O2	util-linux-2.39.2	selected		clang-18-18.1.3/util-linux-2.39.2/O2/install/lib/libtcolors.a
libtcolors.a	util-linux	minor-alternative	clang-18-18.1.3	O3	util-linux-2.39.2	selected		clang-18-18.1.3/util-linux-2.39.2/O3/install/lib/libtcolors.a
libtcolors.a	util-linux	minor-alternative	clang-18-18.1.3	Os	util-linux-2.39.2	selected		clang-18-18.1.3/util-linux-2.39.2/Os/install/lib/libtcolors.a
libtcolors.a	util-linux	major-alternative	gcc-13-13.3.0	O0	util-linux-2.38.1	selected		gcc-13-13.3.0/util-linux-2.38.1/O0/install/lib/libtcolors.a
libtcolors.a	util-linux	major-alternative	gcc-13-13.3.0	O2	util-linux-2.38.1	selected		gcc-13-13.3.0/util-linux-2.38.1/O2/install/lib/libtcolors.a
libtcolors.a	util-linux	major-alternative	gcc-13-13.3.0	O3	util-linux-2.38.1	selected		gcc-13-13.3.0/util-linux-2.38.1/O3/install/lib/libtcolors.a
libtcolors.a	util-linux	major-alternative	gcc-13-13.3.0	Os	util-linux-2.38.1	selected		gcc-13-13.3.0/util-linux-2.38.1/Os/install/lib/libtcolors.a
libtcolors.a	util-linux	major-alternative	clang-18-18.1.3	O0	util-linux-2.38.1	selected		clang-18-18.1.3/util-linux-2.38.1/O0/install/lib/libtcolors.a
libtcolors.a	util-linux	major-alternative	clang-18-18.1.3	O2	util-linux-2.38.1	selected		clang-18-18.1.3/util-linux-2.38.1/O2/install/lib/libtcolors.a
libtcolors.a	util-linux	major-alternative	clang-18-18.1.3	O3	util-linux-2.38.1	selected		clang-18-18.1.3/util-linux-2.38.1/O3/install/lib/libtcolors.a
libtcolors.a	util-linux	major-alternative	clang-18-18.1.3	Os	util-linux-2.38.1	selected		clang-18-18.1.3/util-linux-2.38.1/Os/install/lib/libtcolors.a
libtestutil.a	openssl	current	gcc-11-11.5.0	O0	openssl-3.5.0	missing	archive_not_produced_by_version	
libtestutil.a	openssl	current	gcc-11-11.5.0	O2	openssl-3.5.0	missing	archive_not_produced_by_version	
libtestutil.a	openssl	current	gcc-11-11.5.0	O3	openssl-3.5.0	missing	archive_not_produced_by_version	
libtestutil.a	openssl	current	gcc-11-11.5.0	Os	openssl-3.5.0	missing	archive_not_produced_by_version	
libtestutil.a	openssl	current	gcc-13-13.3.0	O0	openssl-3.5.0	missing	archive_not_produced_by_version	
libtestutil.a	openssl	current	gcc-13-13.3.0	O2	openssl-3.5.0	missing	archive_not_produced_by_version	
libtestutil.a	openssl	current	gcc-13-13.3.0	O3	openssl-3.5.0	missing	archive_not_produced_by_version	
libtestutil.a	openssl	current	gcc-13-13.3.0	Os	openssl-3.5.0	missing	archive_not_produced_by_version	
libtestutil.a	openssl	current	clang-14-14.0.6	O0	openssl-3.5.0	missing	archive_not_produced_by_version	
libtestutil.a	openssl	current	clang-14-14.0.6	O2	openssl-3.5.0	missing	archive_not_produced_by_version	
libtestutil.a	openssl	current	clang-14-14.0.6	O3	openssl-3.5.0	missing	archive_not_produced_by_version	
libtestutil.a	openssl	current	clang-14-14.0.6	Os	openssl-3.5.0	missing	archive_not_produced_by_version	
libtestutil.a	openssl	current	clang-18-18.1.3	O0	openssl-3.5.0	missing	archive_not_produced_by_version	
libtestutil.a	openssl	current	clang-18-18.1.3	O2	openssl-3.5.0	missing	archive_not_produced_by_version	
libtestutil.a	openssl	current	clang-18-18.1.3	O3	openssl-3.5.0	missing	archive_not_produced_by_version	
libtestutil.a	openssl	current	clang-18-18.1.3	Os	openssl-3.5.0	missing	archive_not_produced_by_version	
libtestutil.a	openssl	minor-alternative	gcc-13-13.3.0	O0	openssl-3.0.12	missing	archive_not_produced_by_version	
libtestutil.a	openssl	minor-alternative	gcc-13-13.3.0	O2	openssl-3.0.12	missing	archive_not_produced_by_version	
libtestutil.a	openssl	minor-alternative	gcc-13-13.3.0	O3	openssl-3.0.12	missing	archive_not_produced_by_version	
libtestutil.a	openssl	minor-alternative	gcc-13-13.3.0	Os	openssl-3.0.12	missing	archive_not_produced_by_version	
libtestutil.a	openssl	minor-alternative	clang-18-18.1.3	O0	openssl-3.0.12	missing	archive_not_produced_by_version	
libtestutil.a	openssl	minor-alternative	clang-18-18.1.3	O2	openssl-3.0.12	missing	archive_not_produced_by_version	
libtestutil.a	openssl	minor-alternative	clang-18-18.1.3	O3	openssl-3.0.12	missing	archive_not_produced_by_version	
libtestutil.a	openssl	minor-alternative	clang-18-18.1.3	Os	openssl-3.0.12	missing	archive_not_produced_by_version	
libtestutil.a	openssl	major-alternative	gcc-13-13.3.0	O0	openssl-1.1.1w	missing	archive_not_produced_by_version	
libtestutil.a	openssl	major-alternative	gcc-13-13.3.0	O2	openssl-1.1.1w	missing	archive_not_produced_by_version	
libtestutil.a	openssl	major-alternative	gcc-13-13.3.0	O3	openssl-1.1.1w	missing	archive_not_produced_by_version	
libtestutil.a	openssl	major-alternative	gcc-13-13.3.0	Os	openssl-1.1.1w	missing	archive_not_produced_by_version	
libtestutil.a	openssl	major-alternative	clang-18-18.1.3	O0	openssl-1.1.1w	missing	archive_not_produced_by_version	
libtestutil.a	openssl	major-alternative	clang-18-18.1.3	O2	openssl-1.1.1w	missing	archive_not_produced_by_version	
libtestutil.a	openssl	major-alternative	clang-18-18.1.3	O3	openssl-1.1.1w	missing	archive_not_produced_by_version	
libtestutil.a	openssl	major-alternative	clang-18-18.1.3	Os	openssl-1.1.1w	missing	archive_not_produced_by_version	
libtestutils.a	at-spi2-core	current	gcc-11-11.5.0	O0	at-spi2-core-2.52.0	selected		gcc-11-11.5.0/at-spi2-core-2.52.0/O0/install/lib/libtestutils.a
libtestutils.a	at-spi2-core	current	gcc-11-11.5.0	O2	at-spi2-core-2.52.0	selected		gcc-11-11.5.0/at-spi2-core-2.52.0/O2/install/lib/libtestutils.a
libtestutils.a	at-spi2-core	current	gcc-11-11.5.0	O3	at-spi2-core-2.52.0	selected		gcc-11-11.5.0/at-spi2-core-2.52.0/O3/install/lib/libtestutils.a
libtestutils.a	at-spi2-core	current	gcc-11-11.5.0	Os	at-spi2-core-2.52.0	selected		gcc-11-11.5.0/at-spi2-core-2.52.0/Os/install/lib/libtestutils.a
libtestutils.a	at-spi2-core	current	gcc-13-13.3.0	O0	at-spi2-core-2.52.0	selected		gcc-13-13.3.0/at-spi2-core-2.52.0/O0/install/lib/libtestutils.a
libtestutils.a	at-spi2-core	current	gcc-13-13.3.0	O2	at-spi2-core-2.52.0	selected		gcc-13-13.3.0/at-spi2-core-2.52.0/O2/install/lib/libtestutils.a
libtestutils.a	at-spi2-core	current	gcc-13-13.3.0	O3	at-spi2-core-2.52.0	selected		gcc-13-13.3.0/at-spi2-core-2.52.0/O3/install/lib/libtestutils.a
libtestutils.a	at-spi2-core	current	gcc-13-13.3.0	Os	at-spi2-core-2.52.0	selected		gcc-13-13.3.0/at-spi2-core-2.52.0/Os/install/lib/libtestutils.a
libtestutils.a	at-spi2-core	current	clang-14-14.0.6	O0	at-spi2-core-2.52.0	selected		clang-14-14.0.6/at-spi2-core-2.52.0/O0/install/lib/libtestutils.a
libtestutils.a	at-spi2-core	current	clang-14-14.0.6	O2	at-spi2-core-2.52.0	selected		clang-14-14.0.6/at-spi2-core-2.52.0/O2/install/lib/libtestutils.a
libtestutils.a	at-spi2-core	current	clang-14-14.0.6	O3	at-spi2-core-2.52.0	selected		clang-14-14.0.6/at-spi2-core-2.52.0/O3/install/lib/libtestutils.a
libtestutils.a	at-spi2-core	current	clang-14-14.0.6	Os	at-spi2-core-2.52.0	selected		clang-14-14.0.6/at-spi2-core-2.52.0/Os/install/lib/libtestutils.a
libtestutils.a	at-spi2-core	current	clang-18-18.1.3	O0	at-spi2-core-2.52.0	selected		clang-18-18.1.3/at-spi2-core-2.52.0/O0/install/lib/libtestutils.a
libtestutils.a	at-spi2-core	current	clang-18-18.1.3	O2	at-spi2-core-2.52.0	selected		clang-18-18.1.3/at-spi2-core-2.52.0/O2/install/lib/libtestutils.a
libtestutils.a	at-spi2-core	current	clang-18-18.1.3	O3	at-spi2-core-2.52.0	selected		clang-18-18.1.3/at-spi2-core-2.52.0/O3/install/lib/libtestutils.a
libtestutils.a	at-spi2-core	current	clang-18-18.1.3	Os	at-spi2-core-2.52.0	selected		clang-18-18.1.3/at-spi2-core-2.52.0/Os/install/lib/libtestutils.a
libtestutils.a	at-spi2-core	minor-alternative	gcc-13-13.3.0	O0	at-spi2-core-2.51.90	selected		gcc-13-13.3.0/at-spi2-core-2.51.90/O0/install/lib/libtestutils.a
libtestutils.a	at-spi2-core	minor-alternative	gcc-13-13.3.0	O2	at-spi2-core-2.51.90	selected		gcc-13-13.3.0/at-spi2-core-2.51.90/O2/install/lib/libtestutils.a
libtestutils.a	at-spi2-core	minor-alternative	gcc-13-13.3.0	O3	at-spi2-core-2.51.90	selected		gcc-13-13.3.0/at-spi2-core-2.51.90/O3/install/lib/libtestutils.a
libtestutils.a	at-spi2-core	minor-alternative	gcc-13-13.3.0	Os	at-spi2-core-2.51.90	selected		gcc-13-13.3.0/at-spi2-core-2.51.90/Os/install/lib/libtestutils.a
libtestutils.a	at-spi2-core	minor-alternative	clang-18-18.1.3	O0	at-spi2-core-2.51.90	selected		clang-18-18.1.3/at-spi2-core-2.51.90/O0/install/lib/libtestutils.a
libtestutils.a	at-spi2-core	minor-alternative	clang-18-18.1.3	O2	at-spi2-core-2.51.90	selected		clang-18-18.1.3/at-spi2-core-2.51.90/O2/install/lib/libtestutils.a
libtestutils.a	at-spi2-core	minor-alternative	clang-18-18.1.3	O3	at-spi2-core-2.51.90	selected		clang-18-18.1.3/at-spi2-core-2.51.90/O3/install/lib/libtestutils.a
libtestutils.a	at-spi2-core	minor-alternative	clang-18-18.1.3	Os	at-spi2-core-2.51.90	selected		clang-18-18.1.3/at-spi2-core-2.51.90/Os/install/lib/libtestutils.a
libtestutils.a	at-spi2-core	major-alternative	gcc-13-13.3.0	O0	at-spi2-core-2.50.0	selected		gcc-13-13.3.0/at-spi2-core-2.50.0/O0/install/lib/libtestutils.a
libtestutils.a	at-spi2-core	major-alternative	gcc-13-13.3.0	O2	at-spi2-core-2.50.0	selected		gcc-13-13.3.0/at-spi2-core-2.50.0/O2/install/lib/libtestutils.a
libtestutils.a	at-spi2-core	major-alternative	gcc-13-13.3.0	O3	at-spi2-core-2.50.0	selected		gcc-13-13.3.0/at-spi2-core-2.50.0/O3/install/lib/libtestutils.a
libtestutils.a	at-spi2-core	major-alternative	gcc-13-13.3.0	Os	at-spi2-core-2.50.0	selected		gcc-13-13.3.0/at-spi2-core-2.50.0/Os/install/lib/libtestutils.a
libtestutils.a	at-spi2-core	major-alternative	clang-18-18.1.3	O0	at-spi2-core-2.50.0	selected		clang-18-18.1.3/at-spi2-core-2.50.0/O0/install/lib/libtestutils.a
libtestutils.a	at-spi2-core	major-alternative	clang-18-18.1.3	O2	at-spi2-core-2.50.0	selected		clang-18-18.1.3/at-spi2-core-2.50.0/O2/install/lib/libtestutils.a
libtestutils.a	at-spi2-core	major-alternative	clang-18-18.1.3	O3	at-spi2-core-2.50.0	selected		clang-18-18.1.3/at-spi2-core-2.50.0/O3/install/lib/libtestutils.a
libtestutils.a	at-spi2-core	major-alternative	clang-18-18.1.3	Os	at-spi2-core-2.50.0	selected		clang-18-18.1.3/at-spi2-core-2.50.0/Os/install/lib/libtestutils.a
libthai.a	libthai	current	gcc-11-11.5.0	O0	libthai-0.1.29	selected		gcc-11-11.5.0/libthai-0.1.29/O0/install/lib/libthai.a
libthai.a	libthai	current	gcc-11-11.5.0	O2	libthai-0.1.29	selected		gcc-11-11.5.0/libthai-0.1.29/O2/install/lib/libthai.a
libthai.a	libthai	current	gcc-11-11.5.0	O3	libthai-0.1.29	selected		gcc-11-11.5.0/libthai-0.1.29/O3/install/lib/libthai.a
libthai.a	libthai	current	gcc-11-11.5.0	Os	libthai-0.1.29	selected		gcc-11-11.5.0/libthai-0.1.29/Os/install/lib/libthai.a
libthai.a	libthai	current	gcc-13-13.3.0	O0	libthai-0.1.29	selected		gcc-13-13.3.0/libthai-0.1.29/O0/install/lib/libthai.a
libthai.a	libthai	current	gcc-13-13.3.0	O2	libthai-0.1.29	selected		gcc-13-13.3.0/libthai-0.1.29/O2/install/lib/libthai.a
libthai.a	libthai	current	gcc-13-13.3.0	O3	libthai-0.1.29	selected		gcc-13-13.3.0/libthai-0.1.29/O3/install/lib/libthai.a
libthai.a	libthai	current	gcc-13-13.3.0	Os	libthai-0.1.29	selected		gcc-13-13.3.0/libthai-0.1.29/Os/install/lib/libthai.a
libthai.a	libthai	current	clang-14-14.0.6	O0	libthai-0.1.29	selected		clang-14-14.0.6/libthai-0.1.29/O0/install/lib/libthai.a
libthai.a	libthai	current	clang-14-14.0.6	O2	libthai-0.1.29	selected		clang-14-14.0.6/libthai-0.1.29/O2/install/lib/libthai.a
libthai.a	libthai	current	clang-14-14.0.6	O3	libthai-0.1.29	selected		clang-14-14.0.6/libthai-0.1.29/O3/install/lib/libthai.a
libthai.a	libthai	current	clang-14-14.0.6	Os	libthai-0.1.29	selected		clang-14-14.0.6/libthai-0.1.29/Os/install/lib/libthai.a
libthai.a	libthai	current	clang-18-18.1.3	O0	libthai-0.1.29	selected		clang-18-18.1.3/libthai-0.1.29/O0/install/lib/libthai.a
libthai.a	libthai	current	clang-18-18.1.3	O2	libthai-0.1.29	selected		clang-18-18.1.3/libthai-0.1.29/O2/install/lib/libthai.a
libthai.a	libthai	current	clang-18-18.1.3	O3	libthai-0.1.29	selected		clang-18-18.1.3/libthai-0.1.29/O3/install/lib/libthai.a
libthai.a	libthai	current	clang-18-18.1.3	Os	libthai-0.1.29	selected		clang-18-18.1.3/libthai-0.1.29/Os/install/lib/libthai.a
libthai.a	libthai	minor-alternative	gcc-13-13.3.0	O0	libthai-0.1.28	selected		gcc-13-13.3.0/libthai-0.1.28/O0/install/lib/libthai.a
libthai.a	libthai	minor-alternative	gcc-13-13.3.0	O2	libthai-0.1.28	selected		gcc-13-13.3.0/libthai-0.1.28/O2/install/lib/libthai.a
libthai.a	libthai	minor-alternative	gcc-13-13.3.0	O3	libthai-0.1.28	selected		gcc-13-13.3.0/libthai-0.1.28/O3/install/lib/libthai.a
libthai.a	libthai	minor-alternative	gcc-13-13.3.0	Os	libthai-0.1.28	selected		gcc-13-13.3.0/libthai-0.1.28/Os/install/lib/libthai.a
libthai.a	libthai	minor-alternative	clang-18-18.1.3	O0	libthai-0.1.28	selected		clang-18-18.1.3/libthai-0.1.28/O0/install/lib/libthai.a
libthai.a	libthai	minor-alternative	clang-18-18.1.3	O2	libthai-0.1.28	selected		clang-18-18.1.3/libthai-0.1.28/O2/install/lib/libthai.a
libthai.a	libthai	minor-alternative	clang-18-18.1.3	O3	libthai-0.1.28	selected		clang-18-18.1.3/libthai-0.1.28/O3/install/lib/libthai.a
libthai.a	libthai	minor-alternative	clang-18-18.1.3	Os	libthai-0.1.28	selected		clang-18-18.1.3/libthai-0.1.28/Os/install/lib/libthai.a
libthai.a	libthai	major-alternative	gcc-13-13.3.0	O0	libthai-0.1.25	selected		gcc-13-13.3.0/libthai-0.1.25/O0/install/lib/libthai.a
libthai.a	libthai	major-alternative	gcc-13-13.3.0	O2	libthai-0.1.25	selected		gcc-13-13.3.0/libthai-0.1.25/O2/install/lib/libthai.a
libthai.a	libthai	major-alternative	gcc-13-13.3.0	O3	libthai-0.1.25	selected		gcc-13-13.3.0/libthai-0.1.25/O3/install/lib/libthai.a
libthai.a	libthai	major-alternative	gcc-13-13.3.0	Os	libthai-0.1.25	selected		gcc-13-13.3.0/libthai-0.1.25/Os/install/lib/libthai.a
libthai.a	libthai	major-alternative	clang-18-18.1.3	O0	libthai-0.1.25	selected		clang-18-18.1.3/libthai-0.1.25/O0/install/lib/libthai.a
libthai.a	libthai	major-alternative	clang-18-18.1.3	O2	libthai-0.1.25	selected		clang-18-18.1.3/libthai-0.1.25/O2/install/lib/libthai.a
libthai.a	libthai	major-alternative	clang-18-18.1.3	O3	libthai-0.1.25	selected		clang-18-18.1.3/libthai-0.1.25/O3/install/lib/libthai.a
libthai.a	libthai	major-alternative	clang-18-18.1.3	Os	libthai-0.1.25	selected		clang-18-18.1.3/libthai-0.1.25/Os/install/lib/libthai.a
libthbrk.a	libthai	current	gcc-11-11.5.0	O0	libthai-0.1.29	selected		gcc-11-11.5.0/libthai-0.1.29/O0/install/lib/libthbrk.a
libthbrk.a	libthai	current	gcc-11-11.5.0	O2	libthai-0.1.29	selected		gcc-11-11.5.0/libthai-0.1.29/O2/install/lib/libthbrk.a
libthbrk.a	libthai	current	gcc-11-11.5.0	O3	libthai-0.1.29	selected		gcc-11-11.5.0/libthai-0.1.29/O3/install/lib/libthbrk.a
libthbrk.a	libthai	current	gcc-11-11.5.0	Os	libthai-0.1.29	selected		gcc-11-11.5.0/libthai-0.1.29/Os/install/lib/libthbrk.a
libthbrk.a	libthai	current	gcc-13-13.3.0	O0	libthai-0.1.29	selected		gcc-13-13.3.0/libthai-0.1.29/O0/install/lib/libthbrk.a
libthbrk.a	libthai	current	gcc-13-13.3.0	O2	libthai-0.1.29	selected		gcc-13-13.3.0/libthai-0.1.29/O2/install/lib/libthbrk.a
libthbrk.a	libthai	current	gcc-13-13.3.0	O3	libthai-0.1.29	selected		gcc-13-13.3.0/libthai-0.1.29/O3/install/lib/libthbrk.a
libthbrk.a	libthai	current	gcc-13-13.3.0	Os	libthai-0.1.29	selected		gcc-13-13.3.0/libthai-0.1.29/Os/install/lib/libthbrk.a
libthbrk.a	libthai	current	clang-14-14.0.6	O0	libthai-0.1.29	selected		clang-14-14.0.6/libthai-0.1.29/O0/install/lib/libthbrk.a
libthbrk.a	libthai	current	clang-14-14.0.6	O2	libthai-0.1.29	selected		clang-14-14.0.6/libthai-0.1.29/O2/install/lib/libthbrk.a
libthbrk.a	libthai	current	clang-14-14.0.6	O3	libthai-0.1.29	selected		clang-14-14.0.6/libthai-0.1.29/O3/install/lib/libthbrk.a
libthbrk.a	libthai	current	clang-14-14.0.6	Os	libthai-0.1.29	selected		clang-14-14.0.6/libthai-0.1.29/Os/install/lib/libthbrk.a
libthbrk.a	libthai	current	clang-18-18.1.3	O0	libthai-0.1.29	selected		clang-18-18.1.3/libthai-0.1.29/O0/install/lib/libthbrk.a
libthbrk.a	libthai	current	clang-18-18.1.3	O2	libthai-0.1.29	selected		clang-18-18.1.3/libthai-0.1.29/O2/install/lib/libthbrk.a
libthbrk.a	libthai	current	clang-18-18.1.3	O3	libthai-0.1.29	selected		clang-18-18.1.3/libthai-0.1.29/O3/install/lib/libthbrk.a
libthbrk.a	libthai	current	clang-18-18.1.3	Os	libthai-0.1.29	selected		clang-18-18.1.3/libthai-0.1.29/Os/install/lib/libthbrk.a
libthbrk.a	libthai	minor-alternative	gcc-13-13.3.0	O0	libthai-0.1.28	selected		gcc-13-13.3.0/libthai-0.1.28/O0/install/lib/libthbrk.a
libthbrk.a	libthai	minor-alternative	gcc-13-13.3.0	O2	libthai-0.1.28	selected		gcc-13-13.3.0/libthai-0.1.28/O2/install/lib/libthbrk.a
libthbrk.a	libthai	minor-alternative	gcc-13-13.3.0	O3	libthai-0.1.28	selected		gcc-13-13.3.0/libthai-0.1.28/O3/install/lib/libthbrk.a
libthbrk.a	libthai	minor-alternative	gcc-13-13.3.0	Os	libthai-0.1.28	selected		gcc-13-13.3.0/libthai-0.1.28/Os/install/lib/libthbrk.a
libthbrk.a	libthai	minor-alternative	clang-18-18.1.3	O0	libthai-0.1.28	selected		clang-18-18.1.3/libthai-0.1.28/O0/install/lib/libthbrk.a
libthbrk.a	libthai	minor-alternative	clang-18-18.1.3	O2	libthai-0.1.28	selected		clang-18-18.1.3/libthai-0.1.28/O2/install/lib/libthbrk.a
libthbrk.a	libthai	minor-alternative	clang-18-18.1.3	O3	libthai-0.1.28	selected		clang-18-18.1.3/libthai-0.1.28/O3/install/lib/libthbrk.a
libthbrk.a	libthai	minor-alternative	clang-18-18.1.3	Os	libthai-0.1.28	selected		clang-18-18.1.3/libthai-0.1.28/Os/install/lib/libthbrk.a
libthbrk.a	libthai	major-alternative	gcc-13-13.3.0	O0	libthai-0.1.25	selected		gcc-13-13.3.0/libthai-0.1.25/O0/install/lib/libthbrk.a
libthbrk.a	libthai	major-alternative	gcc-13-13.3.0	O2	libthai-0.1.25	selected		gcc-13-13.3.0/libthai-0.1.25/O2/install/lib/libthbrk.a
libthbrk.a	libthai	major-alternative	gcc-13-13.3.0	O3	libthai-0.1.25	selected		gcc-13-13.3.0/libthai-0.1.25/O3/install/lib/libthbrk.a
libthbrk.a	libthai	major-alternative	gcc-13-13.3.0	Os	libthai-0.1.25	selected		gcc-13-13.3.0/libthai-0.1.25/Os/install/lib/libthbrk.a
libthbrk.a	libthai	major-alternative	clang-18-18.1.3	O0	libthai-0.1.25	selected		clang-18-18.1.3/libthai-0.1.25/O0/install/lib/libthbrk.a
libthbrk.a	libthai	major-alternative	clang-18-18.1.3	O2	libthai-0.1.25	selected		clang-18-18.1.3/libthai-0.1.25/O2/install/lib/libthbrk.a
libthbrk.a	libthai	major-alternative	clang-18-18.1.3	O3	libthai-0.1.25	selected		clang-18-18.1.3/libthai-0.1.25/O3/install/lib/libthbrk.a
libthbrk.a	libthai	major-alternative	clang-18-18.1.3	Os	libthai-0.1.25	selected		clang-18-18.1.3/libthai-0.1.25/Os/install/lib/libthbrk.a
libthcell.a	libthai	current	gcc-11-11.5.0	O0	libthai-0.1.29	selected		gcc-11-11.5.0/libthai-0.1.29/O0/install/lib/libthcell.a
libthcell.a	libthai	current	gcc-11-11.5.0	O2	libthai-0.1.29	selected		gcc-11-11.5.0/libthai-0.1.29/O2/install/lib/libthcell.a
libthcell.a	libthai	current	gcc-11-11.5.0	O3	libthai-0.1.29	selected		gcc-11-11.5.0/libthai-0.1.29/O3/install/lib/libthcell.a
libthcell.a	libthai	current	gcc-11-11.5.0	Os	libthai-0.1.29	selected		gcc-11-11.5.0/libthai-0.1.29/Os/install/lib/libthcell.a
libthcell.a	libthai	current	gcc-13-13.3.0	O0	libthai-0.1.29	selected		gcc-13-13.3.0/libthai-0.1.29/O0/install/lib/libthcell.a
libthcell.a	libthai	current	gcc-13-13.3.0	O2	libthai-0.1.29	selected		gcc-13-13.3.0/libthai-0.1.29/O2/install/lib/libthcell.a
libthcell.a	libthai	current	gcc-13-13.3.0	O3	libthai-0.1.29	selected		gcc-13-13.3.0/libthai-0.1.29/O3/install/lib/libthcell.a
libthcell.a	libthai	current	gcc-13-13.3.0	Os	libthai-0.1.29	selected		gcc-13-13.3.0/libthai-0.1.29/Os/install/lib/libthcell.a
libthcell.a	libthai	current	clang-14-14.0.6	O0	libthai-0.1.29	selected		clang-14-14.0.6/libthai-0.1.29/O0/install/lib/libthcell.a
libthcell.a	libthai	current	clang-14-14.0.6	O2	libthai-0.1.29	selected		clang-14-14.0.6/libthai-0.1.29/O2/install/lib/libthcell.a
libthcell.a	libthai	current	clang-14-14.0.6	O3	libthai-0.1.29	selected		clang-14-14.0.6/libthai-0.1.29/O3/install/lib/libthcell.a
libthcell.a	libthai	current	clang-14-14.0.6	Os	libthai-0.1.29	selected		clang-14-14.0.6/libthai-0.1.29/Os/install/lib/libthcell.a
libthcell.a	libthai	current	clang-18-18.1.3	O0	libthai-0.1.29	selected		clang-18-18.1.3/libthai-0.1.29/O0/install/lib/libthcell.a
libthcell.a	libthai	current	clang-18-18.1.3	O2	libthai-0.1.29	selected		clang-18-18.1.3/libthai-0.1.29/O2/install/lib/libthcell.a
libthcell.a	libthai	current	clang-18-18.1.3	O3	libthai-0.1.29	selected		clang-18-18.1.3/libthai-0.1.29/O3/install/lib/libthcell.a
libthcell.a	libthai	current	clang-18-18.1.3	Os	libthai-0.1.29	selected		clang-18-18.1.3/libthai-0.1.29/Os/install/lib/libthcell.a
libthcell.a	libthai	minor-alternative	gcc-13-13.3.0	O0	libthai-0.1.28	selected		gcc-13-13.3.0/libthai-0.1.28/O0/install/lib/libthcell.a
libthcell.a	libthai	minor-alternative	gcc-13-13.3.0	O2	libthai-0.1.28	selected		gcc-13-13.3.0/libthai-0.1.28/O2/install/lib/libthcell.a
libthcell.a	libthai	minor-alternative	gcc-13-13.3.0	O3	libthai-0.1.28	selected		gcc-13-13.3.0/libthai-0.1.28/O3/install/lib/libthcell.a
libthcell.a	libthai	minor-alternative	gcc-13-13.3.0	Os	libthai-0.1.28	selected		gcc-13-13.3.0/libthai-0.1.28/Os/install/lib/libthcell.a
libthcell.a	libthai	minor-alternative	clang-18-18.1.3	O0	libthai-0.1.28	selected		clang-18-18.1.3/libthai-0.1.28/O0/install/lib/libthcell.a
libthcell.a	libthai	minor-alternative	clang-18-18.1.3	O2	libthai-0.1.28	selected		clang-18-18.1.3/libthai-0.1.28/O2/install/lib/libthcell.a
libthcell.a	libthai	minor-alternative	clang-18-18.1.3	O3	libthai-0.1.28	selected		clang-18-18.1.3/libthai-0.1.28/O3/install/lib/libthcell.a
libthcell.a	libthai	minor-alternative	clang-18-18.1.3	Os	libthai-0.1.28	selected		clang-18-18.1.3/libthai-0.1.28/Os/install/lib/libthcell.a
libthcell.a	libthai	major-alternative	gcc-13-13.3.0	O0	libthai-0.1.25	selected		gcc-13-13.3.0/libthai-0.1.25/O0/install/lib/libthcell.a
libthcell.a	libthai	major-alternative	gcc-13-13.3.0	O2	libthai-0.1.25	selected		gcc-13-13.3.0/libthai-0.1.25/O2/install/lib/libthcell.a
libthcell.a	libthai	major-alternative	gcc-13-13.3.0	O3	libthai-0.1.25	selected		gcc-13-13.3.0/libthai-0.1.25/O3/install/lib/libthcell.a
libthcell.a	libthai	major-alternative	gcc-13-13.3.0	Os	libthai-0.1.25	selected		gcc-13-13.3.0/libthai-0.1.25/Os/install/lib/libthcell.a
libthcell.a	libthai	major-alternative	clang-18-18.1.3	O0	libthai-0.1.25	selected		clang-18-18.1.3/libthai-0.1.25/O0/install/lib/libthcell.a
libthcell.a	libthai	major-alternative	clang-18-18.1.3	O2	libthai-0.1.25	selected		clang-18-18.1.3/libthai-0.1.25/O2/install/lib/libthcell.a
libthcell.a	libthai	major-alternative	clang-18-18.1.3	O3	libthai-0.1.25	selected		clang-18-18.1.3/libthai-0.1.25/O3/install/lib/libthcell.a
libthcell.a	libthai	major-alternative	clang-18-18.1.3	Os	libthai-0.1.25	selected		clang-18-18.1.3/libthai-0.1.25/Os/install/lib/libthcell.a
libthcoll.a	libthai	current	gcc-11-11.5.0	O0	libthai-0.1.29	selected		gcc-11-11.5.0/libthai-0.1.29/O0/install/lib/libthcoll.a
libthcoll.a	libthai	current	gcc-11-11.5.0	O2	libthai-0.1.29	selected		gcc-11-11.5.0/libthai-0.1.29/O2/install/lib/libthcoll.a
libthcoll.a	libthai	current	gcc-11-11.5.0	O3	libthai-0.1.29	selected		gcc-11-11.5.0/libthai-0.1.29/O3/install/lib/libthcoll.a
libthcoll.a	libthai	current	gcc-11-11.5.0	Os	libthai-0.1.29	selected		gcc-11-11.5.0/libthai-0.1.29/Os/install/lib/libthcoll.a
libthcoll.a	libthai	current	gcc-13-13.3.0	O0	libthai-0.1.29	selected		gcc-13-13.3.0/libthai-0.1.29/O0/install/lib/libthcoll.a
libthcoll.a	libthai	current	gcc-13-13.3.0	O2	libthai-0.1.29	selected		gcc-13-13.3.0/libthai-0.1.29/O2/install/lib/libthcoll.a
libthcoll.a	libthai	current	gcc-13-13.3.0	O3	libthai-0.1.29	selected		gcc-13-13.3.0/libthai-0.1.29/O3/install/lib/libthcoll.a
libthcoll.a	libthai	current	gcc-13-13.3.0	Os	libthai-0.1.29	selected		gcc-13-13.3.0/libthai-0.1.29/Os/install/lib/libthcoll.a
libthcoll.a	libthai	current	clang-14-14.0.6	O0	libthai-0.1.29	selected		clang-14-14.0.6/libthai-0.1.29/O0/install/lib/libthcoll.a
libthcoll.a	libthai	current	clang-14-14.0.6	O2	libthai-0.1.29	selected		clang-14-14.0.6/libthai-0.1.29/O2/install/lib/libthcoll.a
libthcoll.a	libthai	current	clang-14-14.0.6	O3	libthai-0.1.29	selected		clang-14-14.0.6/libthai-0.1.29/O3/install/lib/libthcoll.a
libthcoll.a	libthai	current	clang-14-14.0.6	Os	libthai-0.1.29	selected		clang-14-14.0.6/libthai-0.1.29/Os/install/lib/libthcoll.a
libthcoll.a	libthai	current	clang-18-18.1.3	O0	libthai-0.1.29	selected		clang-18-18.1.3/libthai-0.1.29/O0/install/lib/libthcoll.a
libthcoll.a	libthai	current	clang-18-18.1.3	O2	libthai-0.1.29	selected		clang-18-18.1.3/libthai-0.1.29/O2/install/lib/libthcoll.a
libthcoll.a	libthai	current	clang-18-18.1.3	O3	libthai-0.1.29	selected		clang-18-18.1.3/libthai-0.1.29/O3/install/lib/libthcoll.a
libthcoll.a	libthai	current	clang-18-18.1.3	Os	libthai-0.1.29	selected		clang-18-18.1.3/libthai-0.1.29/Os/install/lib/libthcoll.a
libthcoll.a	libthai	minor-alternative	gcc-13-13.3.0	O0	libthai-0.1.28	selected		gcc-13-13.3.0/libthai-0.1.28/O0/install/lib/libthcoll.a
libthcoll.a	libthai	minor-alternative	gcc-13-13.3.0	O2	libthai-0.1.28	selected		gcc-13-13.3.0/libthai-0.1.28/O2/install/lib/libthcoll.a
libthcoll.a	libthai	minor-alternative	gcc-13-13.3.0	O3	libthai-0.1.28	selected		gcc-13-13.3.0/libthai-0.1.28/O3/install/lib/libthcoll.a
libthcoll.a	libthai	minor-alternative	gcc-13-13.3.0	Os	libthai-0.1.28	selected		gcc-13-13.3.0/libthai-0.1.28/Os/install/lib/libthcoll.a
libthcoll.a	libthai	minor-alternative	clang-18-18.1.3	O0	libthai-0.1.28	selected		clang-18-18.1.3/libthai-0.1.28/O0/install/lib/libthcoll.a
libthcoll.a	libthai	minor-alternative	clang-18-18.1.3	O2	libthai-0.1.28	selected		clang-18-18.1.3/libthai-0.1.28/O2/install/lib/libthcoll.a
libthcoll.a	libthai	minor-alternative	clang-18-18.1.3	O3	libthai-0.1.28	selected		clang-18-18.1.3/libthai-0.1.28/O3/install/lib/libthcoll.a
libthcoll.a	libthai	minor-alternative	clang-18-18.1.3	Os	libthai-0.1.28	selected		clang-18-18.1.3/libthai-0.1.28/Os/install/lib/libthcoll.a
libthcoll.a	libthai	major-alternative	gcc-13-13.3.0	O0	libthai-0.1.25	selected		gcc-13-13.3.0/libthai-0.1.25/O0/install/lib/libthcoll.a
libthcoll.a	libthai	major-alternative	gcc-13-13.3.0	O2	libthai-0.1.25	selected		gcc-13-13.3.0/libthai-0.1.25/O2/install/lib/libthcoll.a
libthcoll.a	libthai	major-alternative	gcc-13-13.3.0	O3	libthai-0.1.25	selected		gcc-13-13.3.0/libthai-0.1.25/O3/install/lib/libthcoll.a
libthcoll.a	libthai	major-alternative	gcc-13-13.3.0	Os	libthai-0.1.25	selected		gcc-13-13.3.0/libthai-0.1.25/Os/install/lib/libthcoll.a
libthcoll.a	libthai	major-alternative	clang-18-18.1.3	O0	libthai-0.1.25	selected		clang-18-18.1.3/libthai-0.1.25/O0/install/lib/libthcoll.a
libthcoll.a	libthai	major-alternative	clang-18-18.1.3	O2	libthai-0.1.25	selected		clang-18-18.1.3/libthai-0.1.25/O2/install/lib/libthcoll.a
libthcoll.a	libthai	major-alternative	clang-18-18.1.3	O3	libthai-0.1.25	selected		clang-18-18.1.3/libthai-0.1.25/O3/install/lib/libthcoll.a
libthcoll.a	libthai	major-alternative	clang-18-18.1.3	Os	libthai-0.1.25	selected		clang-18-18.1.3/libthai-0.1.25/Os/install/lib/libthcoll.a
libthctype.a	libthai	current	gcc-11-11.5.0	O0	libthai-0.1.29	selected		gcc-11-11.5.0/libthai-0.1.29/O0/install/lib/libthctype.a
libthctype.a	libthai	current	gcc-11-11.5.0	O2	libthai-0.1.29	selected		gcc-11-11.5.0/libthai-0.1.29/O2/install/lib/libthctype.a
libthctype.a	libthai	current	gcc-11-11.5.0	O3	libthai-0.1.29	selected		gcc-11-11.5.0/libthai-0.1.29/O3/install/lib/libthctype.a
libthctype.a	libthai	current	gcc-11-11.5.0	Os	libthai-0.1.29	selected		gcc-11-11.5.0/libthai-0.1.29/Os/install/lib/libthctype.a
libthctype.a	libthai	current	gcc-13-13.3.0	O0	libthai-0.1.29	selected		gcc-13-13.3.0/libthai-0.1.29/O0/install/lib/libthctype.a
libthctype.a	libthai	current	gcc-13-13.3.0	O2	libthai-0.1.29	selected		gcc-13-13.3.0/libthai-0.1.29/O2/install/lib/libthctype.a
libthctype.a	libthai	current	gcc-13-13.3.0	O3	libthai-0.1.29	selected		gcc-13-13.3.0/libthai-0.1.29/O3/install/lib/libthctype.a
libthctype.a	libthai	current	gcc-13-13.3.0	Os	libthai-0.1.29	selected		gcc-13-13.3.0/libthai-0.1.29/Os/install/lib/libthctype.a
libthctype.a	libthai	current	clang-14-14.0.6	O0	libthai-0.1.29	selected		clang-14-14.0.6/libthai-0.1.29/O0/install/lib/libthctype.a
libthctype.a	libthai	current	clang-14-14.0.6	O2	libthai-0.1.29	selected		clang-14-14.0.6/libthai-0.1.29/O2/install/lib/libthctype.a
libthctype.a	libthai	current	clang-14-14.0.6	O3	libthai-0.1.29	selected		clang-14-14.0.6/libthai-0.1.29/O3/install/lib/libthctype.a
libthctype.a	libthai	current	clang-14-14.0.6	Os	libthai-0.1.29	selected		clang-14-14.0.6/libthai-0.1.29/Os/install/lib/libthctype.a
libthctype.a	libthai	current	clang-18-18.1.3	O0	libthai-0.1.29	selected		clang-18-18.1.3/libthai-0.1.29/O0/install/lib/libthctype.a
libthctype.a	libthai	current	clang-18-18.1.3	O2	libthai-0.1.29	selected		clang-18-18.1.3/libthai-0.1.29/O2/install/lib/libthctype.a
libthctype.a	libthai	current	clang-18-18.1.3	O3	libthai-0.1.29	selected		clang-18-18.1.3/libthai-0.1.29/O3/install/lib/libthctype.a
libthctype.a	libthai	current	clang-18-18.1.3	Os	libthai-0.1.29	selected		clang-18-18.1.3/libthai-0.1.29/Os/install/lib/libthctype.a
libthctype.a	libthai	minor-alternative	gcc-13-13.3.0	O0	libthai-0.1.28	selected		gcc-13-13.3.0/libthai-0.1.28/O0/install/lib/libthctype.a
libthctype.a	libthai	minor-alternative	gcc-13-13.3.0	O2	libthai-0.1.28	selected		gcc-13-13.3.0/libthai-0.1.28/O2/install/lib/libthctype.a
libthctype.a	libthai	minor-alternative	gcc-13-13.3.0	O3	libthai-0.1.28	selected		gcc-13-13.3.0/libthai-0.1.28/O3/install/lib/libthctype.a
libthctype.a	libthai	minor-alternative	gcc-13-13.3.0	Os	libthai-0.1.28	selected		gcc-13-13.3.0/libthai-0.1.28/Os/install/lib/libthctype.a
libthctype.a	libthai	minor-alternative	clang-18-18.1.3	O0	libthai-0.1.28	selected		clang-18-18.1.3/libthai-0.1.28/O0/install/lib/libthctype.a
libthctype.a	libthai	minor-alternative	clang-18-18.1.3	O2	libthai-0.1.28	selected		clang-18-18.1.3/libthai-0.1.28/O2/install/lib/libthctype.a
libthctype.a	libthai	minor-alternative	clang-18-18.1.3	O3	libthai-0.1.28	selected		clang-18-18.1.3/libthai-0.1.28/O3/install/lib/libthctype.a
libthctype.a	libthai	minor-alternative	clang-18-18.1.3	Os	libthai-0.1.28	selected		clang-18-18.1.3/libthai-0.1.28/Os/install/lib/libthctype.a
libthctype.a	libthai	major-alternative	gcc-13-13.3.0	O0	libthai-0.1.25	selected		gcc-13-13.3.0/libthai-0.1.25/O0/install/lib/libthctype.a
libthctype.a	libthai	major-alternative	gcc-13-13.3.0	O2	libthai-0.1.25	selected		gcc-13-13.3.0/libthai-0.1.25/O2/install/lib/libthctype.a
libthctype.a	libthai	major-alternative	gcc-13-13.3.0	O3	libthai-0.1.25	selected		gcc-13-13.3.0/libthai-0.1.25/O3/install/lib/libthctype.a
libthctype.a	libthai	major-alternative	gcc-13-13.3.0	Os	libthai-0.1.25	selected		gcc-13-13.3.0/libthai-0.1.25/Os/install/lib/libthctype.a
libthctype.a	libthai	major-alternative	clang-18-18.1.3	O0	libthai-0.1.25	selected		clang-18-18.1.3/libthai-0.1.25/O0/install/lib/libthctype.a
libthctype.a	libthai	major-alternative	clang-18-18.1.3	O2	libthai-0.1.25	selected		clang-18-18.1.3/libthai-0.1.25/O2/install/lib/libthctype.a
libthctype.a	libthai	major-alternative	clang-18-18.1.3	O3	libthai-0.1.25	selected		clang-18-18.1.3/libthai-0.1.25/O3/install/lib/libthctype.a
libthctype.a	libthai	major-alternative	clang-18-18.1.3	Os	libthai-0.1.25	selected		clang-18-18.1.3/libthai-0.1.25/Os/install/lib/libthctype.a
libthinp.a	libthai	current	gcc-11-11.5.0	O0	libthai-0.1.29	selected		gcc-11-11.5.0/libthai-0.1.29/O0/install/lib/libthinp.a
libthinp.a	libthai	current	gcc-11-11.5.0	O2	libthai-0.1.29	selected		gcc-11-11.5.0/libthai-0.1.29/O2/install/lib/libthinp.a
libthinp.a	libthai	current	gcc-11-11.5.0	O3	libthai-0.1.29	selected		gcc-11-11.5.0/libthai-0.1.29/O3/install/lib/libthinp.a
libthinp.a	libthai	current	gcc-11-11.5.0	Os	libthai-0.1.29	selected		gcc-11-11.5.0/libthai-0.1.29/Os/install/lib/libthinp.a
libthinp.a	libthai	current	gcc-13-13.3.0	O0	libthai-0.1.29	selected		gcc-13-13.3.0/libthai-0.1.29/O0/install/lib/libthinp.a
libthinp.a	libthai	current	gcc-13-13.3.0	O2	libthai-0.1.29	selected		gcc-13-13.3.0/libthai-0.1.29/O2/install/lib/libthinp.a
libthinp.a	libthai	current	gcc-13-13.3.0	O3	libthai-0.1.29	selected		gcc-13-13.3.0/libthai-0.1.29/O3/install/lib/libthinp.a
libthinp.a	libthai	current	gcc-13-13.3.0	Os	libthai-0.1.29	selected		gcc-13-13.3.0/libthai-0.1.29/Os/install/lib/libthinp.a
libthinp.a	libthai	current	clang-14-14.0.6	O0	libthai-0.1.29	selected		clang-14-14.0.6/libthai-0.1.29/O0/install/lib/libthinp.a
libthinp.a	libthai	current	clang-14-14.0.6	O2	libthai-0.1.29	selected		clang-14-14.0.6/libthai-0.1.29/O2/install/lib/libthinp.a
libthinp.a	libthai	current	clang-14-14.0.6	O3	libthai-0.1.29	selected		clang-14-14.0.6/libthai-0.1.29/O3/install/lib/libthinp.a
libthinp.a	libthai	current	clang-14-14.0.6	Os	libthai-0.1.29	selected		clang-14-14.0.6/libthai-0.1.29/Os/install/lib/libthinp.a
libthinp.a	libthai	current	clang-18-18.1.3	O0	libthai-0.1.29	selected		clang-18-18.1.3/libthai-0.1.29/O0/install/lib/libthinp.a
libthinp.a	libthai	current	clang-18-18.1.3	O2	libthai-0.1.29	selected		clang-18-18.1.3/libthai-0.1.29/O2/install/lib/libthinp.a
libthinp.a	libthai	current	clang-18-18.1.3	O3	libthai-0.1.29	selected		clang-18-18.1.3/libthai-0.1.29/O3/install/lib/libthinp.a
libthinp.a	libthai	current	clang-18-18.1.3	Os	libthai-0.1.29	selected		clang-18-18.1.3/libthai-0.1.29/Os/install/lib/libthinp.a
libthinp.a	libthai	minor-alternative	gcc-13-13.3.0	O0	libthai-0.1.28	selected		gcc-13-13.3.0/libthai-0.1.28/O0/install/lib/libthinp.a
libthinp.a	libthai	minor-alternative	gcc-13-13.3.0	O2	libthai-0.1.28	selected		gcc-13-13.3.0/libthai-0.1.28/O2/install/lib/libthinp.a
libthinp.a	libthai	minor-alternative	gcc-13-13.3.0	O3	libthai-0.1.28	selected		gcc-13-13.3.0/libthai-0.1.28/O3/install/lib/libthinp.a
libthinp.a	libthai	minor-alternative	gcc-13-13.3.0	Os	libthai-0.1.28	selected		gcc-13-13.3.0/libthai-0.1.28/Os/install/lib/libthinp.a
libthinp.a	libthai	minor-alternative	clang-18-18.1.3	O0	libthai-0.1.28	selected		clang-18-18.1.3/libthai-0.1.28/O0/install/lib/libthinp.a
libthinp.a	libthai	minor-alternative	clang-18-18.1.3	O2	libthai-0.1.28	selected		clang-18-18.1.3/libthai-0.1.28/O2/install/lib/libthinp.a
libthinp.a	libthai	minor-alternative	clang-18-18.1.3	O3	libthai-0.1.28	selected		clang-18-18.1.3/libthai-0.1.28/O3/install/lib/libthinp.a
libthinp.a	libthai	minor-alternative	clang-18-18.1.3	Os	libthai-0.1.28	selected		clang-18-18.1.3/libthai-0.1.28/Os/install/lib/libthinp.a
libthinp.a	libthai	major-alternative	gcc-13-13.3.0	O0	libthai-0.1.25	selected		gcc-13-13.3.0/libthai-0.1.25/O0/install/lib/libthinp.a
libthinp.a	libthai	major-alternative	gcc-13-13.3.0	O2	libthai-0.1.25	selected		gcc-13-13.3.0/libthai-0.1.25/O2/install/lib/libthinp.a
libthinp.a	libthai	major-alternative	gcc-13-13.3.0	O3	libthai-0.1.25	selected		gcc-13-13.3.0/libthai-0.1.25/O3/install/lib/libthinp.a
libthinp.a	libthai	major-alternative	gcc-13-13.3.0	Os	libthai-0.1.25	selected		gcc-13-13.3.0/libthai-0.1.25/Os/install/lib/libthinp.a
libthinp.a	libthai	major-alternative	clang-18-18.1.3	O0	libthai-0.1.25	selected		clang-18-18.1.3/libthai-0.1.25/O0/install/lib/libthinp.a
libthinp.a	libthai	major-alternative	clang-18-18.1.3	O2	libthai-0.1.25	selected		clang-18-18.1.3/libthai-0.1.25/O2/install/lib/libthinp.a
libthinp.a	libthai	major-alternative	clang-18-18.1.3	O3	libthai-0.1.25	selected		clang-18-18.1.3/libthai-0.1.25/O3/install/lib/libthinp.a
libthinp.a	libthai	major-alternative	clang-18-18.1.3	Os	libthai-0.1.25	selected		clang-18-18.1.3/libthai-0.1.25/Os/install/lib/libthinp.a
libthrend.a	libthai	current	gcc-11-11.5.0	O0	libthai-0.1.29	selected		gcc-11-11.5.0/libthai-0.1.29/O0/install/lib/libthrend.a
libthrend.a	libthai	current	gcc-11-11.5.0	O2	libthai-0.1.29	selected		gcc-11-11.5.0/libthai-0.1.29/O2/install/lib/libthrend.a
libthrend.a	libthai	current	gcc-11-11.5.0	O3	libthai-0.1.29	selected		gcc-11-11.5.0/libthai-0.1.29/O3/install/lib/libthrend.a
libthrend.a	libthai	current	gcc-11-11.5.0	Os	libthai-0.1.29	selected		gcc-11-11.5.0/libthai-0.1.29/Os/install/lib/libthrend.a
libthrend.a	libthai	current	gcc-13-13.3.0	O0	libthai-0.1.29	selected		gcc-13-13.3.0/libthai-0.1.29/O0/install/lib/libthrend.a
libthrend.a	libthai	current	gcc-13-13.3.0	O2	libthai-0.1.29	selected		gcc-13-13.3.0/libthai-0.1.29/O2/install/lib/libthrend.a
libthrend.a	libthai	current	gcc-13-13.3.0	O3	libthai-0.1.29	selected		gcc-13-13.3.0/libthai-0.1.29/O3/install/lib/libthrend.a
libthrend.a	libthai	current	gcc-13-13.3.0	Os	libthai-0.1.29	selected		gcc-13-13.3.0/libthai-0.1.29/Os/install/lib/libthrend.a
libthrend.a	libthai	current	clang-14-14.0.6	O0	libthai-0.1.29	selected		clang-14-14.0.6/libthai-0.1.29/O0/install/lib/libthrend.a
libthrend.a	libthai	current	clang-14-14.0.6	O2	libthai-0.1.29	selected		clang-14-14.0.6/libthai-0.1.29/O2/install/lib/libthrend.a
libthrend.a	libthai	current	clang-14-14.0.6	O3	libthai-0.1.29	selected		clang-14-14.0.6/libthai-0.1.29/O3/install/lib/libthrend.a
libthrend.a	libthai	current	clang-14-14.0.6	Os	libthai-0.1.29	selected		clang-14-14.0.6/libthai-0.1.29/Os/install/lib/libthrend.a
libthrend.a	libthai	current	clang-18-18.1.3	O0	libthai-0.1.29	selected		clang-18-18.1.3/libthai-0.1.29/O0/install/lib/libthrend.a
libthrend.a	libthai	current	clang-18-18.1.3	O2	libthai-0.1.29	selected		clang-18-18.1.3/libthai-0.1.29/O2/install/lib/libthrend.a
libthrend.a	libthai	current	clang-18-18.1.3	O3	libthai-0.1.29	selected		clang-18-18.1.3/libthai-0.1.29/O3/install/lib/libthrend.a
libthrend.a	libthai	current	clang-18-18.1.3	Os	libthai-0.1.29	selected		clang-18-18.1.3/libthai-0.1.29/Os/install/lib/libthrend.a
libthrend.a	libthai	minor-alternative	gcc-13-13.3.0	O0	libthai-0.1.28	selected		gcc-13-13.3.0/libthai-0.1.28/O0/install/lib/libthrend.a
libthrend.a	libthai	minor-alternative	gcc-13-13.3.0	O2	libthai-0.1.28	selected		gcc-13-13.3.0/libthai-0.1.28/O2/install/lib/libthrend.a
libthrend.a	libthai	minor-alternative	gcc-13-13.3.0	O3	libthai-0.1.28	selected		gcc-13-13.3.0/libthai-0.1.28/O3/install/lib/libthrend.a
libthrend.a	libthai	minor-alternative	gcc-13-13.3.0	Os	libthai-0.1.28	selected		gcc-13-13.3.0/libthai-0.1.28/Os/install/lib/libthrend.a
libthrend.a	libthai	minor-alternative	clang-18-18.1.3	O0	libthai-0.1.28	selected		clang-18-18.1.3/libthai-0.1.28/O0/install/lib/libthrend.a
libthrend.a	libthai	minor-alternative	clang-18-18.1.3	O2	libthai-0.1.28	selected		clang-18-18.1.3/libthai-0.1.28/O2/install/lib/libthrend.a
libthrend.a	libthai	minor-alternative	clang-18-18.1.3	O3	libthai-0.1.28	selected		clang-18-18.1.3/libthai-0.1.28/O3/install/lib/libthrend.a
libthrend.a	libthai	minor-alternative	clang-18-18.1.3	Os	libthai-0.1.28	selected		clang-18-18.1.3/libthai-0.1.28/Os/install/lib/libthrend.a
libthrend.a	libthai	major-alternative	gcc-13-13.3.0	O0	libthai-0.1.25	selected		gcc-13-13.3.0/libthai-0.1.25/O0/install/lib/libthrend.a
libthrend.a	libthai	major-alternative	gcc-13-13.3.0	O2	libthai-0.1.25	selected		gcc-13-13.3.0/libthai-0.1.25/O2/install/lib/libthrend.a
libthrend.a	libthai	major-alternative	gcc-13-13.3.0	O3	libthai-0.1.25	selected		gcc-13-13.3.0/libthai-0.1.25/O3/install/lib/libthrend.a
libthrend.a	libthai	major-alternative	gcc-13-13.3.0	Os	libthai-0.1.25	selected		gcc-13-13.3.0/libthai-0.1.25/Os/install/lib/libthrend.a
libthrend.a	libthai	major-alternative	clang-18-18.1.3	O0	libthai-0.1.25	selected		clang-18-18.1.3/libthai-0.1.25/O0/install/lib/libthrend.a
libthrend.a	libthai	major-alternative	clang-18-18.1.3	O2	libthai-0.1.25	selected		clang-18-18.1.3/libthai-0.1.25/O2/install/lib/libthrend.a
libthrend.a	libthai	major-alternative	clang-18-18.1.3	O3	libthai-0.1.25	selected		clang-18-18.1.3/libthai-0.1.25/O3/install/lib/libthrend.a
libthrend.a	libthai	major-alternative	clang-18-18.1.3	Os	libthai-0.1.25	selected		clang-18-18.1.3/libthai-0.1.25/Os/install/lib/libthrend.a
libthstr.a	libthai	current	gcc-11-11.5.0	O0	libthai-0.1.29	selected		gcc-11-11.5.0/libthai-0.1.29/O0/install/lib/libthstr.a
libthstr.a	libthai	current	gcc-11-11.5.0	O2	libthai-0.1.29	selected		gcc-11-11.5.0/libthai-0.1.29/O2/install/lib/libthstr.a
libthstr.a	libthai	current	gcc-11-11.5.0	O3	libthai-0.1.29	selected		gcc-11-11.5.0/libthai-0.1.29/O3/install/lib/libthstr.a
libthstr.a	libthai	current	gcc-11-11.5.0	Os	libthai-0.1.29	selected		gcc-11-11.5.0/libthai-0.1.29/Os/install/lib/libthstr.a
libthstr.a	libthai	current	gcc-13-13.3.0	O0	libthai-0.1.29	selected		gcc-13-13.3.0/libthai-0.1.29/O0/install/lib/libthstr.a
libthstr.a	libthai	current	gcc-13-13.3.0	O2	libthai-0.1.29	selected		gcc-13-13.3.0/libthai-0.1.29/O2/install/lib/libthstr.a
libthstr.a	libthai	current	gcc-13-13.3.0	O3	libthai-0.1.29	selected		gcc-13-13.3.0/libthai-0.1.29/O3/install/lib/libthstr.a
libthstr.a	libthai	current	gcc-13-13.3.0	Os	libthai-0.1.29	selected		gcc-13-13.3.0/libthai-0.1.29/Os/install/lib/libthstr.a
libthstr.a	libthai	current	clang-14-14.0.6	O0	libthai-0.1.29	selected		clang-14-14.0.6/libthai-0.1.29/O0/install/lib/libthstr.a
libthstr.a	libthai	current	clang-14-14.0.6	O2	libthai-0.1.29	selected		clang-14-14.0.6/libthai-0.1.29/O2/install/lib/libthstr.a
libthstr.a	libthai	current	clang-14-14.0.6	O3	libthai-0.1.29	selected		clang-14-14.0.6/libthai-0.1.29/O3/install/lib/libthstr.a
libthstr.a	libthai	current	clang-14-14.0.6	Os	libthai-0.1.29	selected		clang-14-14.0.6/libthai-0.1.29/Os/install/lib/libthstr.a
libthstr.a	libthai	current	clang-18-18.1.3	O0	libthai-0.1.29	selected		clang-18-18.1.3/libthai-0.1.29/O0/install/lib/libthstr.a
libthstr.a	libthai	current	clang-18-18.1.3	O2	libthai-0.1.29	selected		clang-18-18.1.3/libthai-0.1.29/O2/install/lib/libthstr.a
libthstr.a	libthai	current	clang-18-18.1.3	O3	libthai-0.1.29	selected		clang-18-18.1.3/libthai-0.1.29/O3/install/lib/libthstr.a
libthstr.a	libthai	current	clang-18-18.1.3	Os	libthai-0.1.29	selected		clang-18-18.1.3/libthai-0.1.29/Os/install/lib/libthstr.a
libthstr.a	libthai	minor-alternative	gcc-13-13.3.0	O0	libthai-0.1.28	selected		gcc-13-13.3.0/libthai-0.1.28/O0/install/lib/libthstr.a
libthstr.a	libthai	minor-alternative	gcc-13-13.3.0	O2	libthai-0.1.28	selected		gcc-13-13.3.0/libthai-0.1.28/O2/install/lib/libthstr.a
libthstr.a	libthai	minor-alternative	gcc-13-13.3.0	O3	libthai-0.1.28	selected		gcc-13-13.3.0/libthai-0.1.28/O3/install/lib/libthstr.a
libthstr.a	libthai	minor-alternative	gcc-13-13.3.0	Os	libthai-0.1.28	selected		gcc-13-13.3.0/libthai-0.1.28/Os/install/lib/libthstr.a
libthstr.a	libthai	minor-alternative	clang-18-18.1.3	O0	libthai-0.1.28	selected		clang-18-18.1.3/libthai-0.1.28/O0/install/lib/libthstr.a
libthstr.a	libthai	minor-alternative	clang-18-18.1.3	O2	libthai-0.1.28	selected		clang-18-18.1.3/libthai-0.1.28/O2/install/lib/libthstr.a
libthstr.a	libthai	minor-alternative	clang-18-18.1.3	O3	libthai-0.1.28	selected		clang-18-18.1.3/libthai-0.1.28/O3/install/lib/libthstr.a
libthstr.a	libthai	minor-alternative	clang-18-18.1.3	Os	libthai-0.1.28	selected		clang-18-18.1.3/libthai-0.1.28/Os/install/lib/libthstr.a
libthstr.a	libthai	major-alternative	gcc-13-13.3.0	O0	libthai-0.1.25	selected		gcc-13-13.3.0/libthai-0.1.25/O0/install/lib/libthstr.a
libthstr.a	libthai	major-alternative	gcc-13-13.3.0	O2	libthai-0.1.25	selected		gcc-13-13.3.0/libthai-0.1.25/O2/install/lib/libthstr.a
libthstr.a	libthai	major-alternative	gcc-13-13.3.0	O3	libthai-0.1.25	selected		gcc-13-13.3.0/libthai-0.1.25/O3/install/lib/libthstr.a
libthstr.a	libthai	major-alternative	gcc-13-13.3.0	Os	libthai-0.1.25	selected		gcc-13-13.3.0/libthai-0.1.25/Os/install/lib/libthstr.a
libthstr.a	libthai	major-alternative	clang-18-18.1.3	O0	libthai-0.1.25	selected		clang-18-18.1.3/libthai-0.1.25/O0/install/lib/libthstr.a
libthstr.a	libthai	major-alternative	clang-18-18.1.3	O2	libthai-0.1.25	selected		clang-18-18.1.3/libthai-0.1.25/O2/install/lib/libthstr.a
libthstr.a	libthai	major-alternative	clang-18-18.1.3	O3	libthai-0.1.25	selected		clang-18-18.1.3/libthai-0.1.25/O3/install/lib/libthstr.a
libthstr.a	libthai	major-alternative	clang-18-18.1.3	Os	libthai-0.1.25	selected		clang-18-18.1.3/libthai-0.1.25/Os/install/lib/libthstr.a
libthwbrk.a	libthai	current	gcc-11-11.5.0	O0	libthai-0.1.29	selected		gcc-11-11.5.0/libthai-0.1.29/O0/install/lib/libthwbrk.a
libthwbrk.a	libthai	current	gcc-11-11.5.0	O2	libthai-0.1.29	selected		gcc-11-11.5.0/libthai-0.1.29/O2/install/lib/libthwbrk.a
libthwbrk.a	libthai	current	gcc-11-11.5.0	O3	libthai-0.1.29	selected		gcc-11-11.5.0/libthai-0.1.29/O3/install/lib/libthwbrk.a
libthwbrk.a	libthai	current	gcc-11-11.5.0	Os	libthai-0.1.29	selected		gcc-11-11.5.0/libthai-0.1.29/Os/install/lib/libthwbrk.a
libthwbrk.a	libthai	current	gcc-13-13.3.0	O0	libthai-0.1.29	selected		gcc-13-13.3.0/libthai-0.1.29/O0/install/lib/libthwbrk.a
libthwbrk.a	libthai	current	gcc-13-13.3.0	O2	libthai-0.1.29	selected		gcc-13-13.3.0/libthai-0.1.29/O2/install/lib/libthwbrk.a
libthwbrk.a	libthai	current	gcc-13-13.3.0	O3	libthai-0.1.29	selected		gcc-13-13.3.0/libthai-0.1.29/O3/install/lib/libthwbrk.a
libthwbrk.a	libthai	current	gcc-13-13.3.0	Os	libthai-0.1.29	selected		gcc-13-13.3.0/libthai-0.1.29/Os/install/lib/libthwbrk.a
libthwbrk.a	libthai	current	clang-14-14.0.6	O0	libthai-0.1.29	selected		clang-14-14.0.6/libthai-0.1.29/O0/install/lib/libthwbrk.a
libthwbrk.a	libthai	current	clang-14-14.0.6	O2	libthai-0.1.29	selected		clang-14-14.0.6/libthai-0.1.29/O2/install/lib/libthwbrk.a
libthwbrk.a	libthai	current	clang-14-14.0.6	O3	libthai-0.1.29	selected		clang-14-14.0.6/libthai-0.1.29/O3/install/lib/libthwbrk.a
libthwbrk.a	libthai	current	clang-14-14.0.6	Os	libthai-0.1.29	selected		clang-14-14.0.6/libthai-0.1.29/Os/install/lib/libthwbrk.a
libthwbrk.a	libthai	current	clang-18-18.1.3	O0	libthai-0.1.29	selected		clang-18-18.1.3/libthai-0.1.29/O0/install/lib/libthwbrk.a
libthwbrk.a	libthai	current	clang-18-18.1.3	O2	libthai-0.1.29	selected		clang-18-18.1.3/libthai-0.1.29/O2/install/lib/libthwbrk.a
libthwbrk.a	libthai	current	clang-18-18.1.3	O3	libthai-0.1.29	selected		clang-18-18.1.3/libthai-0.1.29/O3/install/lib/libthwbrk.a
libthwbrk.a	libthai	current	clang-18-18.1.3	Os	libthai-0.1.29	selected		clang-18-18.1.3/libthai-0.1.29/Os/install/lib/libthwbrk.a
libthwbrk.a	libthai	minor-alternative	gcc-13-13.3.0	O0	libthai-0.1.28	selected		gcc-13-13.3.0/libthai-0.1.28/O0/install/lib/libthwbrk.a
libthwbrk.a	libthai	minor-alternative	gcc-13-13.3.0	O2	libthai-0.1.28	selected		gcc-13-13.3.0/libthai-0.1.28/O2/install/lib/libthwbrk.a
libthwbrk.a	libthai	minor-alternative	gcc-13-13.3.0	O3	libthai-0.1.28	selected		gcc-13-13.3.0/libthai-0.1.28/O3/install/lib/libthwbrk.a
libthwbrk.a	libthai	minor-alternative	gcc-13-13.3.0	Os	libthai-0.1.28	selected		gcc-13-13.3.0/libthai-0.1.28/Os/install/lib/libthwbrk.a
libthwbrk.a	libthai	minor-alternative	clang-18-18.1.3	O0	libthai-0.1.28	selected		clang-18-18.1.3/libthai-0.1.28/O0/install/lib/libthwbrk.a
libthwbrk.a	libthai	minor-alternative	clang-18-18.1.3	O2	libthai-0.1.28	selected		clang-18-18.1.3/libthai-0.1.28/O2/install/lib/libthwbrk.a
libthwbrk.a	libthai	minor-alternative	clang-18-18.1.3	O3	libthai-0.1.28	selected		clang-18-18.1.3/libthai-0.1.28/O3/install/lib/libthwbrk.a
libthwbrk.a	libthai	minor-alternative	clang-18-18.1.3	Os	libthai-0.1.28	selected		clang-18-18.1.3/libthai-0.1.28/Os/install/lib/libthwbrk.a
libthwbrk.a	libthai	major-alternative	gcc-13-13.3.0	O0	libthai-0.1.25	selected		gcc-13-13.3.0/libthai-0.1.25/O0/install/lib/libthwbrk.a
libthwbrk.a	libthai	major-alternative	gcc-13-13.3.0	O2	libthai-0.1.25	selected		gcc-13-13.3.0/libthai-0.1.25/O2/install/lib/libthwbrk.a
libthwbrk.a	libthai	major-alternative	gcc-13-13.3.0	O3	libthai-0.1.25	selected		gcc-13-13.3.0/libthai-0.1.25/O3/install/lib/libthwbrk.a
libthwbrk.a	libthai	major-alternative	gcc-13-13.3.0	Os	libthai-0.1.25	selected		gcc-13-13.3.0/libthai-0.1.25/Os/install/lib/libthwbrk.a
libthwbrk.a	libthai	major-alternative	clang-18-18.1.3	O0	libthai-0.1.25	selected		clang-18-18.1.3/libthai-0.1.25/O0/install/lib/libthwbrk.a
libthwbrk.a	libthai	major-alternative	clang-18-18.1.3	O2	libthai-0.1.25	selected		clang-18-18.1.3/libthai-0.1.25/O2/install/lib/libthwbrk.a
libthwbrk.a	libthai	major-alternative	clang-18-18.1.3	O3	libthai-0.1.25	selected		clang-18-18.1.3/libthai-0.1.25/O3/install/lib/libthwbrk.a
libthwbrk.a	libthai	major-alternative	clang-18-18.1.3	Os	libthai-0.1.25	selected		clang-18-18.1.3/libthai-0.1.25/Os/install/lib/libthwbrk.a
libthwchar.a	libthai	current	gcc-11-11.5.0	O0	libthai-0.1.29	selected		gcc-11-11.5.0/libthai-0.1.29/O0/install/lib/libthwchar.a
libthwchar.a	libthai	current	gcc-11-11.5.0	O2	libthai-0.1.29	selected		gcc-11-11.5.0/libthai-0.1.29/O2/install/lib/libthwchar.a
libthwchar.a	libthai	current	gcc-11-11.5.0	O3	libthai-0.1.29	selected		gcc-11-11.5.0/libthai-0.1.29/O3/install/lib/libthwchar.a
libthwchar.a	libthai	current	gcc-11-11.5.0	Os	libthai-0.1.29	selected		gcc-11-11.5.0/libthai-0.1.29/Os/install/lib/libthwchar.a
libthwchar.a	libthai	current	gcc-13-13.3.0	O0	libthai-0.1.29	selected		gcc-13-13.3.0/libthai-0.1.29/O0/install/lib/libthwchar.a
libthwchar.a	libthai	current	gcc-13-13.3.0	O2	libthai-0.1.29	selected		gcc-13-13.3.0/libthai-0.1.29/O2/install/lib/libthwchar.a
libthwchar.a	libthai	current	gcc-13-13.3.0	O3	libthai-0.1.29	selected		gcc-13-13.3.0/libthai-0.1.29/O3/install/lib/libthwchar.a
libthwchar.a	libthai	current	gcc-13-13.3.0	Os	libthai-0.1.29	selected		gcc-13-13.3.0/libthai-0.1.29/Os/install/lib/libthwchar.a
libthwchar.a	libthai	current	clang-14-14.0.6	O0	libthai-0.1.29	selected		clang-14-14.0.6/libthai-0.1.29/O0/install/lib/libthwchar.a
libthwchar.a	libthai	current	clang-14-14.0.6	O2	libthai-0.1.29	selected		clang-14-14.0.6/libthai-0.1.29/O2/install/lib/libthwchar.a
libthwchar.a	libthai	current	clang-14-14.0.6	O3	libthai-0.1.29	selected		clang-14-14.0.6/libthai-0.1.29/O3/install/lib/libthwchar.a
libthwchar.a	libthai	current	clang-14-14.0.6	Os	libthai-0.1.29	selected		clang-14-14.0.6/libthai-0.1.29/Os/install/lib/libthwchar.a
libthwchar.a	libthai	current	clang-18-18.1.3	O0	libthai-0.1.29	selected		clang-18-18.1.3/libthai-0.1.29/O0/install/lib/libthwchar.a
libthwchar.a	libthai	current	clang-18-18.1.3	O2	libthai-0.1.29	selected		clang-18-18.1.3/libthai-0.1.29/O2/install/lib/libthwchar.a
libthwchar.a	libthai	current	clang-18-18.1.3	O3	libthai-0.1.29	selected		clang-18-18.1.3/libthai-0.1.29/O3/install/lib/libthwchar.a
libthwchar.a	libthai	current	clang-18-18.1.3	Os	libthai-0.1.29	selected		clang-18-18.1.3/libthai-0.1.29/Os/install/lib/libthwchar.a
libthwchar.a	libthai	minor-alternative	gcc-13-13.3.0	O0	libthai-0.1.28	selected		gcc-13-13.3.0/libthai-0.1.28/O0/install/lib/libthwchar.a
libthwchar.a	libthai	minor-alternative	gcc-13-13.3.0	O2	libthai-0.1.28	selected		gcc-13-13.3.0/libthai-0.1.28/O2/install/lib/libthwchar.a
libthwchar.a	libthai	minor-alternative	gcc-13-13.3.0	O3	libthai-0.1.28	selected		gcc-13-13.3.0/libthai-0.1.28/O3/install/lib/libthwchar.a
libthwchar.a	libthai	minor-alternative	gcc-13-13.3.0	Os	libthai-0.1.28	selected		gcc-13-13.3.0/libthai-0.1.28/Os/install/lib/libthwchar.a
libthwchar.a	libthai	minor-alternative	clang-18-18.1.3	O0	libthai-0.1.28	selected		clang-18-18.1.3/libthai-0.1.28/O0/install/lib/libthwchar.a
libthwchar.a	libthai	minor-alternative	clang-18-18.1.3	O2	libthai-0.1.28	selected		clang-18-18.1.3/libthai-0.1.28/O2/install/lib/libthwchar.a
libthwchar.a	libthai	minor-alternative	clang-18-18.1.3	O3	libthai-0.1.28	selected		clang-18-18.1.3/libthai-0.1.28/O3/install/lib/libthwchar.a
libthwchar.a	libthai	minor-alternative	clang-18-18.1.3	Os	libthai-0.1.28	selected		clang-18-18.1.3/libthai-0.1.28/Os/install/lib/libthwchar.a
libthwchar.a	libthai	major-alternative	gcc-13-13.3.0	O0	libthai-0.1.25	selected		gcc-13-13.3.0/libthai-0.1.25/O0/install/lib/libthwchar.a
libthwchar.a	libthai	major-alternative	gcc-13-13.3.0	O2	libthai-0.1.25	selected		gcc-13-13.3.0/libthai-0.1.25/O2/install/lib/libthwchar.a
libthwchar.a	libthai	major-alternative	gcc-13-13.3.0	O3	libthai-0.1.25	selected		gcc-13-13.3.0/libthai-0.1.25/O3/install/lib/libthwchar.a
libthwchar.a	libthai	major-alternative	gcc-13-13.3.0	Os	libthai-0.1.25	selected		gcc-13-13.3.0/libthai-0.1.25/Os/install/lib/libthwchar.a
libthwchar.a	libthai	major-alternative	clang-18-18.1.3	O0	libthai-0.1.25	selected		clang-18-18.1.3/libthai-0.1.25/O0/install/lib/libthwchar.a
libthwchar.a	libthai	major-alternative	clang-18-18.1.3	O2	libthai-0.1.25	selected		clang-18-18.1.3/libthai-0.1.25/O2/install/lib/libthwchar.a
libthwchar.a	libthai	major-alternative	clang-18-18.1.3	O3	libthai-0.1.25	selected		clang-18-18.1.3/libthai-0.1.25/O3/install/lib/libthwchar.a
libthwchar.a	libthai	major-alternative	clang-18-18.1.3	Os	libthai-0.1.25	selected		clang-18-18.1.3/libthai-0.1.25/Os/install/lib/libthwchar.a
libthwctype.a	libthai	current	gcc-11-11.5.0	O0	libthai-0.1.29	selected		gcc-11-11.5.0/libthai-0.1.29/O0/install/lib/libthwctype.a
libthwctype.a	libthai	current	gcc-11-11.5.0	O2	libthai-0.1.29	selected		gcc-11-11.5.0/libthai-0.1.29/O2/install/lib/libthwctype.a
libthwctype.a	libthai	current	gcc-11-11.5.0	O3	libthai-0.1.29	selected		gcc-11-11.5.0/libthai-0.1.29/O3/install/lib/libthwctype.a
libthwctype.a	libthai	current	gcc-11-11.5.0	Os	libthai-0.1.29	selected		gcc-11-11.5.0/libthai-0.1.29/Os/install/lib/libthwctype.a
libthwctype.a	libthai	current	gcc-13-13.3.0	O0	libthai-0.1.29	selected		gcc-13-13.3.0/libthai-0.1.29/O0/install/lib/libthwctype.a
libthwctype.a	libthai	current	gcc-13-13.3.0	O2	libthai-0.1.29	selected		gcc-13-13.3.0/libthai-0.1.29/O2/install/lib/libthwctype.a
libthwctype.a	libthai	current	gcc-13-13.3.0	O3	libthai-0.1.29	selected		gcc-13-13.3.0/libthai-0.1.29/O3/install/lib/libthwctype.a
libthwctype.a	libthai	current	gcc-13-13.3.0	Os	libthai-0.1.29	selected		gcc-13-13.3.0/libthai-0.1.29/Os/install/lib/libthwctype.a
libthwctype.a	libthai	current	clang-14-14.0.6	O0	libthai-0.1.29	selected		clang-14-14.0.6/libthai-0.1.29/O0/install/lib/libthwctype.a
libthwctype.a	libthai	current	clang-14-14.0.6	O2	libthai-0.1.29	selected		clang-14-14.0.6/libthai-0.1.29/O2/install/lib/libthwctype.a
libthwctype.a	libthai	current	clang-14-14.0.6	O3	libthai-0.1.29	selected		clang-14-14.0.6/libthai-0.1.29/O3/install/lib/libthwctype.a
libthwctype.a	libthai	current	clang-14-14.0.6	Os	libthai-0.1.29	selected		clang-14-14.0.6/libthai-0.1.29/Os/install/lib/libthwctype.a
libthwctype.a	libthai	current	clang-18-18.1.3	O0	libthai-0.1.29	selected		clang-18-18.1.3/libthai-0.1.29/O0/install/lib/libthwctype.a
libthwctype.a	libthai	current	clang-18-18.1.3	O2	libthai-0.1.29	selected		clang-18-18.1.3/libthai-0.1.29/O2/install/lib/libthwctype.a
libthwctype.a	libthai	current	clang-18-18.1.3	O3	libthai-0.1.29	selected		clang-18-18.1.3/libthai-0.1.29/O3/install/lib/libthwctype.a
libthwctype.a	libthai	current	clang-18-18.1.3	Os	libthai-0.1.29	selected		clang-18-18.1.3/libthai-0.1.29/Os/install/lib/libthwctype.a
libthwctype.a	libthai	minor-alternative	gcc-13-13.3.0	O0	libthai-0.1.28	selected		gcc-13-13.3.0/libthai-0.1.28/O0/install/lib/libthwctype.a
libthwctype.a	libthai	minor-alternative	gcc-13-13.3.0	O2	libthai-0.1.28	selected		gcc-13-13.3.0/libthai-0.1.28/O2/install/lib/libthwctype.a
libthwctype.a	libthai	minor-alternative	gcc-13-13.3.0	O3	libthai-0.1.28	selected		gcc-13-13.3.0/libthai-0.1.28/O3/install/lib/libthwctype.a
libthwctype.a	libthai	minor-alternative	gcc-13-13.3.0	Os	libthai-0.1.28	selected		gcc-13-13.3.0/libthai-0.1.28/Os/install/lib/libthwctype.a
libthwctype.a	libthai	minor-alternative	clang-18-18.1.3	O0	libthai-0.1.28	selected		clang-18-18.1.3/libthai-0.1.28/O0/install/lib/libthwctype.a
libthwctype.a	libthai	minor-alternative	clang-18-18.1.3	O2	libthai-0.1.28	selected		clang-18-18.1.3/libthai-0.1.28/O2/install/lib/libthwctype.a
libthwctype.a	libthai	minor-alternative	clang-18-18.1.3	O3	libthai-0.1.28	selected		clang-18-18.1.3/libthai-0.1.28/O3/install/lib/libthwctype.a
libthwctype.a	libthai	minor-alternative	clang-18-18.1.3	Os	libthai-0.1.28	selected		clang-18-18.1.3/libthai-0.1.28/Os/install/lib/libthwctype.a
libthwctype.a	libthai	major-alternative	gcc-13-13.3.0	O0	libthai-0.1.25	selected		gcc-13-13.3.0/libthai-0.1.25/O0/install/lib/libthwctype.a
libthwctype.a	libthai	major-alternative	gcc-13-13.3.0	O2	libthai-0.1.25	selected		gcc-13-13.3.0/libthai-0.1.25/O2/install/lib/libthwctype.a
libthwctype.a	libthai	major-alternative	gcc-13-13.3.0	O3	libthai-0.1.25	selected		gcc-13-13.3.0/libthai-0.1.25/O3/install/lib/libthwctype.a
libthwctype.a	libthai	major-alternative	gcc-13-13.3.0	Os	libthai-0.1.25	selected		gcc-13-13.3.0/libthai-0.1.25/Os/install/lib/libthwctype.a
libthwctype.a	libthai	major-alternative	clang-18-18.1.3	O0	libthai-0.1.25	selected		clang-18-18.1.3/libthai-0.1.25/O0/install/lib/libthwctype.a
libthwctype.a	libthai	major-alternative	clang-18-18.1.3	O2	libthai-0.1.25	selected		clang-18-18.1.3/libthai-0.1.25/O2/install/lib/libthwctype.a
libthwctype.a	libthai	major-alternative	clang-18-18.1.3	O3	libthai-0.1.25	selected		clang-18-18.1.3/libthai-0.1.25/O3/install/lib/libthwctype.a
libthwctype.a	libthai	major-alternative	clang-18-18.1.3	Os	libthai-0.1.25	selected		clang-18-18.1.3/libthai-0.1.25/Os/install/lib/libthwctype.a
libthwstr.a	libthai	current	gcc-11-11.5.0	O0	libthai-0.1.29	selected		gcc-11-11.5.0/libthai-0.1.29/O0/install/lib/libthwstr.a
libthwstr.a	libthai	current	gcc-11-11.5.0	O2	libthai-0.1.29	selected		gcc-11-11.5.0/libthai-0.1.29/O2/install/lib/libthwstr.a
libthwstr.a	libthai	current	gcc-11-11.5.0	O3	libthai-0.1.29	selected		gcc-11-11.5.0/libthai-0.1.29/O3/install/lib/libthwstr.a
libthwstr.a	libthai	current	gcc-11-11.5.0	Os	libthai-0.1.29	selected		gcc-11-11.5.0/libthai-0.1.29/Os/install/lib/libthwstr.a
libthwstr.a	libthai	current	gcc-13-13.3.0	O0	libthai-0.1.29	selected		gcc-13-13.3.0/libthai-0.1.29/O0/install/lib/libthwstr.a
libthwstr.a	libthai	current	gcc-13-13.3.0	O2	libthai-0.1.29	selected		gcc-13-13.3.0/libthai-0.1.29/O2/install/lib/libthwstr.a
libthwstr.a	libthai	current	gcc-13-13.3.0	O3	libthai-0.1.29	selected		gcc-13-13.3.0/libthai-0.1.29/O3/install/lib/libthwstr.a
libthwstr.a	libthai	current	gcc-13-13.3.0	Os	libthai-0.1.29	selected		gcc-13-13.3.0/libthai-0.1.29/Os/install/lib/libthwstr.a
libthwstr.a	libthai	current	clang-14-14.0.6	O0	libthai-0.1.29	selected		clang-14-14.0.6/libthai-0.1.29/O0/install/lib/libthwstr.a
libthwstr.a	libthai	current	clang-14-14.0.6	O2	libthai-0.1.29	selected		clang-14-14.0.6/libthai-0.1.29/O2/install/lib/libthwstr.a
libthwstr.a	libthai	current	clang-14-14.0.6	O3	libthai-0.1.29	selected		clang-14-14.0.6/libthai-0.1.29/O3/install/lib/libthwstr.a
libthwstr.a	libthai	current	clang-14-14.0.6	Os	libthai-0.1.29	selected		clang-14-14.0.6/libthai-0.1.29/Os/install/lib/libthwstr.a
libthwstr.a	libthai	current	clang-18-18.1.3	O0	libthai-0.1.29	selected		clang-18-18.1.3/libthai-0.1.29/O0/install/lib/libthwstr.a
libthwstr.a	libthai	current	clang-18-18.1.3	O2	libthai-0.1.29	selected		clang-18-18.1.3/libthai-0.1.29/O2/install/lib/libthwstr.a
libthwstr.a	libthai	current	clang-18-18.1.3	O3	libthai-0.1.29	selected		clang-18-18.1.3/libthai-0.1.29/O3/install/lib/libthwstr.a
libthwstr.a	libthai	current	clang-18-18.1.3	Os	libthai-0.1.29	selected		clang-18-18.1.3/libthai-0.1.29/Os/install/lib/libthwstr.a
libthwstr.a	libthai	minor-alternative	gcc-13-13.3.0	O0	libthai-0.1.28	selected		gcc-13-13.3.0/libthai-0.1.28/O0/install/lib/libthwstr.a
libthwstr.a	libthai	minor-alternative	gcc-13-13.3.0	O2	libthai-0.1.28	selected		gcc-13-13.3.0/libthai-0.1.28/O2/install/lib/libthwstr.a
libthwstr.a	libthai	minor-alternative	gcc-13-13.3.0	O3	libthai-0.1.28	selected		gcc-13-13.3.0/libthai-0.1.28/O3/install/lib/libthwstr.a
libthwstr.a	libthai	minor-alternative	gcc-13-13.3.0	Os	libthai-0.1.28	selected		gcc-13-13.3.0/libthai-0.1.28/Os/install/lib/libthwstr.a
libthwstr.a	libthai	minor-alternative	clang-18-18.1.3	O0	libthai-0.1.28	selected		clang-18-18.1.3/libthai-0.1.28/O0/install/lib/libthwstr.a
libthwstr.a	libthai	minor-alternative	clang-18-18.1.3	O2	libthai-0.1.28	selected		clang-18-18.1.3/libthai-0.1.28/O2/install/lib/libthwstr.a
libthwstr.a	libthai	minor-alternative	clang-18-18.1.3	O3	libthai-0.1.28	selected		clang-18-18.1.3/libthai-0.1.28/O3/install/lib/libthwstr.a
libthwstr.a	libthai	minor-alternative	clang-18-18.1.3	Os	libthai-0.1.28	selected		clang-18-18.1.3/libthai-0.1.28/Os/install/lib/libthwstr.a
libthwstr.a	libthai	major-alternative	gcc-13-13.3.0	O0	libthai-0.1.25	selected		gcc-13-13.3.0/libthai-0.1.25/O0/install/lib/libthwstr.a
libthwstr.a	libthai	major-alternative	gcc-13-13.3.0	O2	libthai-0.1.25	selected		gcc-13-13.3.0/libthai-0.1.25/O2/install/lib/libthwstr.a
libthwstr.a	libthai	major-alternative	gcc-13-13.3.0	O3	libthai-0.1.25	selected		gcc-13-13.3.0/libthai-0.1.25/O3/install/lib/libthwstr.a
libthwstr.a	libthai	major-alternative	gcc-13-13.3.0	Os	libthai-0.1.25	selected		gcc-13-13.3.0/libthai-0.1.25/Os/install/lib/libthwstr.a
libthwstr.a	libthai	major-alternative	clang-18-18.1.3	O0	libthai-0.1.25	selected		clang-18-18.1.3/libthai-0.1.25/O0/install/lib/libthwstr.a
libthwstr.a	libthai	major-alternative	clang-18-18.1.3	O2	libthai-0.1.25	selected		clang-18-18.1.3/libthai-0.1.25/O2/install/lib/libthwstr.a
libthwstr.a	libthai	major-alternative	clang-18-18.1.3	O3	libthai-0.1.25	selected		clang-18-18.1.3/libthai-0.1.25/O3/install/lib/libthwstr.a
libthwstr.a	libthai	major-alternative	clang-18-18.1.3	Os	libthai-0.1.25	selected		clang-18-18.1.3/libthai-0.1.25/Os/install/lib/libthwstr.a
libtinfo.a	ncurses	current	gcc-11-11.5.0	O0	ncurses-6.5	selected		gcc-11-11.5.0/ncurses-6.5/O0/install/lib/libtinfo.a
libtinfo.a	ncurses	current	gcc-11-11.5.0	O2	ncurses-6.5	selected		gcc-11-11.5.0/ncurses-6.5/O2/install/lib/libtinfo.a
libtinfo.a	ncurses	current	gcc-11-11.5.0	O3	ncurses-6.5	selected		gcc-11-11.5.0/ncurses-6.5/O3/install/lib/libtinfo.a
libtinfo.a	ncurses	current	gcc-11-11.5.0	Os	ncurses-6.5	selected		gcc-11-11.5.0/ncurses-6.5/Os/install/lib/libtinfo.a
libtinfo.a	ncurses	current	gcc-13-13.3.0	O0	ncurses-6.5	selected		gcc-13-13.3.0/ncurses-6.5/O0/install/lib/libtinfo.a
libtinfo.a	ncurses	current	gcc-13-13.3.0	O2	ncurses-6.5	selected		gcc-13-13.3.0/ncurses-6.5/O2/install/lib/libtinfo.a
libtinfo.a	ncurses	current	gcc-13-13.3.0	O3	ncurses-6.5	selected		gcc-13-13.3.0/ncurses-6.5/O3/install/lib/libtinfo.a
libtinfo.a	ncurses	current	gcc-13-13.3.0	Os	ncurses-6.5	selected		gcc-13-13.3.0/ncurses-6.5/Os/install/lib/libtinfo.a
libtinfo.a	ncurses	current	clang-14-14.0.6	O0	ncurses-6.5	selected		clang-14-14.0.6/ncurses-6.5/O0/install/lib/libtinfo.a
libtinfo.a	ncurses	current	clang-14-14.0.6	O2	ncurses-6.5	selected		clang-14-14.0.6/ncurses-6.5/O2/install/lib/libtinfo.a
libtinfo.a	ncurses	current	clang-14-14.0.6	O3	ncurses-6.5	selected		clang-14-14.0.6/ncurses-6.5/O3/install/lib/libtinfo.a
libtinfo.a	ncurses	current	clang-14-14.0.6	Os	ncurses-6.5	selected		clang-14-14.0.6/ncurses-6.5/Os/install/lib/libtinfo.a
libtinfo.a	ncurses	current	clang-18-18.1.3	O0	ncurses-6.5	selected		clang-18-18.1.3/ncurses-6.5/O0/install/lib/libtinfo.a
libtinfo.a	ncurses	current	clang-18-18.1.3	O2	ncurses-6.5	selected		clang-18-18.1.3/ncurses-6.5/O2/install/lib/libtinfo.a
libtinfo.a	ncurses	current	clang-18-18.1.3	O3	ncurses-6.5	selected		clang-18-18.1.3/ncurses-6.5/O3/install/lib/libtinfo.a
libtinfo.a	ncurses	current	clang-18-18.1.3	Os	ncurses-6.5	selected		clang-18-18.1.3/ncurses-6.5/Os/install/lib/libtinfo.a
libtinfo.a	ncurses	minor-alternative	gcc-13-13.3.0	O0	ncurses-6.4	selected		gcc-13-13.3.0/ncurses-6.4/O0/install/lib/libtinfo.a
libtinfo.a	ncurses	minor-alternative	gcc-13-13.3.0	O2	ncurses-6.4	selected		gcc-13-13.3.0/ncurses-6.4/O2/install/lib/libtinfo.a
libtinfo.a	ncurses	minor-alternative	gcc-13-13.3.0	O3	ncurses-6.4	selected		gcc-13-13.3.0/ncurses-6.4/O3/install/lib/libtinfo.a
libtinfo.a	ncurses	minor-alternative	gcc-13-13.3.0	Os	ncurses-6.4	selected		gcc-13-13.3.0/ncurses-6.4/Os/install/lib/libtinfo.a
libtinfo.a	ncurses	minor-alternative	clang-18-18.1.3	O0	ncurses-6.4	selected		clang-18-18.1.3/ncurses-6.4/O0/install/lib/libtinfo.a
libtinfo.a	ncurses	minor-alternative	clang-18-18.1.3	O2	ncurses-6.4	selected		clang-18-18.1.3/ncurses-6.4/O2/install/lib/libtinfo.a
libtinfo.a	ncurses	minor-alternative	clang-18-18.1.3	O3	ncurses-6.4	selected		clang-18-18.1.3/ncurses-6.4/O3/install/lib/libtinfo.a
libtinfo.a	ncurses	minor-alternative	clang-18-18.1.3	Os	ncurses-6.4	selected		clang-18-18.1.3/ncurses-6.4/Os/install/lib/libtinfo.a
libtinfo.a	ncurses	major-alternative	gcc-13-13.3.0	O0	ncurses-5.9	selected		gcc-13-13.3.0/ncurses-5.9/O0/install/lib/libtinfo.a
libtinfo.a	ncurses	major-alternative	gcc-13-13.3.0	O2	ncurses-5.9	selected		gcc-13-13.3.0/ncurses-5.9/O2/install/lib/libtinfo.a
libtinfo.a	ncurses	major-alternative	gcc-13-13.3.0	O3	ncurses-5.9	selected		gcc-13-13.3.0/ncurses-5.9/O3/install/lib/libtinfo.a
libtinfo.a	ncurses	major-alternative	gcc-13-13.3.0	Os	ncurses-5.9	selected		gcc-13-13.3.0/ncurses-5.9/Os/install/lib/libtinfo.a
libtinfo.a	ncurses	major-alternative	clang-18-18.1.3	O0	ncurses-5.9	selected		clang-18-18.1.3/ncurses-5.9/O0/install/lib/libtinfo.a
libtinfo.a	ncurses	major-alternative	clang-18-18.1.3	O2	ncurses-5.9	selected		clang-18-18.1.3/ncurses-5.9/O2/install/lib/libtinfo.a
libtinfo.a	ncurses	major-alternative	clang-18-18.1.3	O3	ncurses-5.9	selected		clang-18-18.1.3/ncurses-5.9/O3/install/lib/libtinfo.a
libtinfo.a	ncurses	major-alternative	clang-18-18.1.3	Os	ncurses-5.9	selected		clang-18-18.1.3/ncurses-5.9/Os/install/lib/libtinfo.a
libtinfow.a	ncurses	current	gcc-11-11.5.0	O0	ncurses-6.5	selected		gcc-11-11.5.0/ncurses-6.5/O0/install/lib/libtinfow.a
libtinfow.a	ncurses	current	gcc-11-11.5.0	O2	ncurses-6.5	selected		gcc-11-11.5.0/ncurses-6.5/O2/install/lib/libtinfow.a
libtinfow.a	ncurses	current	gcc-11-11.5.0	O3	ncurses-6.5	selected		gcc-11-11.5.0/ncurses-6.5/O3/install/lib/libtinfow.a
libtinfow.a	ncurses	current	gcc-11-11.5.0	Os	ncurses-6.5	selected		gcc-11-11.5.0/ncurses-6.5/Os/install/lib/libtinfow.a
libtinfow.a	ncurses	current	gcc-13-13.3.0	O0	ncurses-6.5	selected		gcc-13-13.3.0/ncurses-6.5/O0/install/lib/libtinfow.a
libtinfow.a	ncurses	current	gcc-13-13.3.0	O2	ncurses-6.5	selected		gcc-13-13.3.0/ncurses-6.5/O2/install/lib/libtinfow.a
libtinfow.a	ncurses	current	gcc-13-13.3.0	O3	ncurses-6.5	selected		gcc-13-13.3.0/ncurses-6.5/O3/install/lib/libtinfow.a
libtinfow.a	ncurses	current	gcc-13-13.3.0	Os	ncurses-6.5	selected		gcc-13-13.3.0/ncurses-6.5/Os/install/lib/libtinfow.a
libtinfow.a	ncurses	current	clang-14-14.0.6	O0	ncurses-6.5	selected		clang-14-14.0.6/ncurses-6.5/O0/install/lib/libtinfow.a
libtinfow.a	ncurses	current	clang-14-14.0.6	O2	ncurses-6.5	selected		clang-14-14.0.6/ncurses-6.5/O2/install/lib/libtinfow.a
libtinfow.a	ncurses	current	clang-14-14.0.6	O3	ncurses-6.5	selected		clang-14-14.0.6/ncurses-6.5/O3/install/lib/libtinfow.a
libtinfow.a	ncurses	current	clang-14-14.0.6	Os	ncurses-6.5	selected		clang-14-14.0.6/ncurses-6.5/Os/install/lib/libtinfow.a
libtinfow.a	ncurses	current	clang-18-18.1.3	O0	ncurses-6.5	selected		clang-18-18.1.3/ncurses-6.5/O0/install/lib/libtinfow.a
libtinfow.a	ncurses	current	clang-18-18.1.3	O2	ncurses-6.5	selected		clang-18-18.1.3/ncurses-6.5/O2/install/lib/libtinfow.a
libtinfow.a	ncurses	current	clang-18-18.1.3	O3	ncurses-6.5	selected		clang-18-18.1.3/ncurses-6.5/O3/install/lib/libtinfow.a
libtinfow.a	ncurses	current	clang-18-18.1.3	Os	ncurses-6.5	selected		clang-18-18.1.3/ncurses-6.5/Os/install/lib/libtinfow.a
libtinfow.a	ncurses	minor-alternative	gcc-13-13.3.0	O0	ncurses-6.4	selected		gcc-13-13.3.0/ncurses-6.4/O0/install/lib/libtinfow.a
libtinfow.a	ncurses	minor-alternative	gcc-13-13.3.0	O2	ncurses-6.4	selected		gcc-13-13.3.0/ncurses-6.4/O2/install/lib/libtinfow.a
libtinfow.a	ncurses	minor-alternative	gcc-13-13.3.0	O3	ncurses-6.4	selected		gcc-13-13.3.0/ncurses-6.4/O3/install/lib/libtinfow.a
libtinfow.a	ncurses	minor-alternative	gcc-13-13.3.0	Os	ncurses-6.4	selected		gcc-13-13.3.0/ncurses-6.4/Os/install/lib/libtinfow.a
libtinfow.a	ncurses	minor-alternative	clang-18-18.1.3	O0	ncurses-6.4	selected		clang-18-18.1.3/ncurses-6.4/O0/install/lib/libtinfow.a
libtinfow.a	ncurses	minor-alternative	clang-18-18.1.3	O2	ncurses-6.4	selected		clang-18-18.1.3/ncurses-6.4/O2/install/lib/libtinfow.a
libtinfow.a	ncurses	minor-alternative	clang-18-18.1.3	O3	ncurses-6.4	selected		clang-18-18.1.3/ncurses-6.4/O3/install/lib/libtinfow.a
libtinfow.a	ncurses	minor-alternative	clang-18-18.1.3	Os	ncurses-6.4	selected		clang-18-18.1.3/ncurses-6.4/Os/install/lib/libtinfow.a
libtinfow.a	ncurses	major-alternative	gcc-13-13.3.0	O0	ncurses-5.9	selected		gcc-13-13.3.0/ncurses-5.9/O0/install/lib/libtinfow.a
libtinfow.a	ncurses	major-alternative	gcc-13-13.3.0	O2	ncurses-5.9	selected		gcc-13-13.3.0/ncurses-5.9/O2/install/lib/libtinfow.a
libtinfow.a	ncurses	major-alternative	gcc-13-13.3.0	O3	ncurses-5.9	selected		gcc-13-13.3.0/ncurses-5.9/O3/install/lib/libtinfow.a
libtinfow.a	ncurses	major-alternative	gcc-13-13.3.0	Os	ncurses-5.9	selected		gcc-13-13.3.0/ncurses-5.9/Os/install/lib/libtinfow.a
libtinfow.a	ncurses	major-alternative	clang-18-18.1.3	O0	ncurses-5.9	selected		clang-18-18.1.3/ncurses-5.9/O0/install/lib/libtinfow.a
libtinfow.a	ncurses	major-alternative	clang-18-18.1.3	O2	ncurses-5.9	selected		clang-18-18.1.3/ncurses-5.9/O2/install/lib/libtinfow.a
libtinfow.a	ncurses	major-alternative	clang-18-18.1.3	O3	ncurses-5.9	selected		clang-18-18.1.3/ncurses-5.9/O3/install/lib/libtinfow.a
libtinfow.a	ncurses	major-alternative	clang-18-18.1.3	Os	ncurses-5.9	selected		clang-18-18.1.3/ncurses-5.9/Os/install/lib/libtinfow.a
libunistring.a	libunistring	current	gcc-11-11.5.0	O0	libunistring-1.4.2	selected		gcc-11-11.5.0/libunistring-1.4.2/O0/install/lib/libunistring.a
libunistring.a	libunistring	current	gcc-11-11.5.0	O2	libunistring-1.4.2	selected		gcc-11-11.5.0/libunistring-1.4.2/O2/install/lib/libunistring.a
libunistring.a	libunistring	current	gcc-11-11.5.0	O3	libunistring-1.4.2	selected		gcc-11-11.5.0/libunistring-1.4.2/O3/install/lib/libunistring.a
libunistring.a	libunistring	current	gcc-11-11.5.0	Os	libunistring-1.4.2	selected		gcc-11-11.5.0/libunistring-1.4.2/Os/install/lib/libunistring.a
libunistring.a	libunistring	current	gcc-13-13.3.0	O0	libunistring-1.4.2	selected		gcc-13-13.3.0/libunistring-1.4.2/O0/install/lib/libunistring.a
libunistring.a	libunistring	current	gcc-13-13.3.0	O2	libunistring-1.4.2	selected		gcc-13-13.3.0/libunistring-1.4.2/O2/install/lib/libunistring.a
libunistring.a	libunistring	current	gcc-13-13.3.0	O3	libunistring-1.4.2	selected		gcc-13-13.3.0/libunistring-1.4.2/O3/install/lib/libunistring.a
libunistring.a	libunistring	current	gcc-13-13.3.0	Os	libunistring-1.4.2	selected		gcc-13-13.3.0/libunistring-1.4.2/Os/install/lib/libunistring.a
libunistring.a	libunistring	current	clang-14-14.0.6	O0	libunistring-1.4.2	selected		clang-14-14.0.6/libunistring-1.4.2/O0/install/lib/libunistring.a
libunistring.a	libunistring	current	clang-14-14.0.6	O2	libunistring-1.4.2	selected		clang-14-14.0.6/libunistring-1.4.2/O2/install/lib/libunistring.a
libunistring.a	libunistring	current	clang-14-14.0.6	O3	libunistring-1.4.2	selected		clang-14-14.0.6/libunistring-1.4.2/O3/install/lib/libunistring.a
libunistring.a	libunistring	current	clang-14-14.0.6	Os	libunistring-1.4.2	selected		clang-14-14.0.6/libunistring-1.4.2/Os/install/lib/libunistring.a
libunistring.a	libunistring	current	clang-18-18.1.3	O0	libunistring-1.4.2	selected		clang-18-18.1.3/libunistring-1.4.2/O0/install/lib/libunistring.a
libunistring.a	libunistring	current	clang-18-18.1.3	O2	libunistring-1.4.2	selected		clang-18-18.1.3/libunistring-1.4.2/O2/install/lib/libunistring.a
libunistring.a	libunistring	current	clang-18-18.1.3	O3	libunistring-1.4.2	selected		clang-18-18.1.3/libunistring-1.4.2/O3/install/lib/libunistring.a
libunistring.a	libunistring	current	clang-18-18.1.3	Os	libunistring-1.4.2	selected		clang-18-18.1.3/libunistring-1.4.2/Os/install/lib/libunistring.a
libunistring.a	libunistring	minor-alternative	gcc-13-13.3.0	O0	libunistring-1.3	selected		gcc-13-13.3.0/libunistring-1.3/O0/install/lib/libunistring.a
libunistring.a	libunistring	minor-alternative	gcc-13-13.3.0	O2	libunistring-1.3	selected		gcc-13-13.3.0/libunistring-1.3/O2/install/lib/libunistring.a
libunistring.a	libunistring	minor-alternative	gcc-13-13.3.0	O3	libunistring-1.3	selected		gcc-13-13.3.0/libunistring-1.3/O3/install/lib/libunistring.a
libunistring.a	libunistring	minor-alternative	gcc-13-13.3.0	Os	libunistring-1.3	selected		gcc-13-13.3.0/libunistring-1.3/Os/install/lib/libunistring.a
libunistring.a	libunistring	minor-alternative	clang-18-18.1.3	O0	libunistring-1.3	selected		clang-18-18.1.3/libunistring-1.3/O0/install/lib/libunistring.a
libunistring.a	libunistring	minor-alternative	clang-18-18.1.3	O2	libunistring-1.3	selected		clang-18-18.1.3/libunistring-1.3/O2/install/lib/libunistring.a
libunistring.a	libunistring	minor-alternative	clang-18-18.1.3	O3	libunistring-1.3	selected		clang-18-18.1.3/libunistring-1.3/O3/install/lib/libunistring.a
libunistring.a	libunistring	minor-alternative	clang-18-18.1.3	Os	libunistring-1.3	selected		clang-18-18.1.3/libunistring-1.3/Os/install/lib/libunistring.a
libunistring.a	libunistring	major-alternative	gcc-13-13.3.0	O0	libunistring-0.9.10	selected		gcc-13-13.3.0/libunistring-0.9.10/O0/install/lib/libunistring.a
libunistring.a	libunistring	major-alternative	gcc-13-13.3.0	O2	libunistring-0.9.10	selected		gcc-13-13.3.0/libunistring-0.9.10/O2/install/lib/libunistring.a
libunistring.a	libunistring	major-alternative	gcc-13-13.3.0	O3	libunistring-0.9.10	selected		gcc-13-13.3.0/libunistring-0.9.10/O3/install/lib/libunistring.a
libunistring.a	libunistring	major-alternative	gcc-13-13.3.0	Os	libunistring-0.9.10	selected		gcc-13-13.3.0/libunistring-0.9.10/Os/install/lib/libunistring.a
libunistring.a	libunistring	major-alternative	clang-18-18.1.3	O0	libunistring-0.9.10	selected		clang-18-18.1.3/libunistring-0.9.10/O0/install/lib/libunistring.a
libunistring.a	libunistring	major-alternative	clang-18-18.1.3	O2	libunistring-0.9.10	selected		clang-18-18.1.3/libunistring-0.9.10/O2/install/lib/libunistring.a
libunistring.a	libunistring	major-alternative	clang-18-18.1.3	O3	libunistring-0.9.10	selected		clang-18-18.1.3/libunistring-0.9.10/O3/install/lib/libunistring.a
libunistring.a	libunistring	major-alternative	clang-18-18.1.3	Os	libunistring-0.9.10	selected		clang-18-18.1.3/libunistring-0.9.10/Os/install/lib/libunistring.a
libuuid.a	util-linux	current	gcc-11-11.5.0	O0	util-linux-2.39.3	selected		gcc-11-11.5.0/util-linux-2.39.3/O0/install/lib/libuuid.a
libuuid.a	util-linux	current	gcc-11-11.5.0	O2	util-linux-2.39.3	selected		gcc-11-11.5.0/util-linux-2.39.3/O2/install/lib/libuuid.a
libuuid.a	util-linux	current	gcc-11-11.5.0	O3	util-linux-2.39.3	selected		gcc-11-11.5.0/util-linux-2.39.3/O3/install/lib/libuuid.a
libuuid.a	util-linux	current	gcc-11-11.5.0	Os	util-linux-2.39.3	selected		gcc-11-11.5.0/util-linux-2.39.3/Os/install/lib/libuuid.a
libuuid.a	util-linux	current	gcc-13-13.3.0	O0	util-linux-2.39.3	selected		gcc-13-13.3.0/util-linux-2.39.3/O0/install/lib/libuuid.a
libuuid.a	util-linux	current	gcc-13-13.3.0	O2	util-linux-2.39.3	selected		gcc-13-13.3.0/util-linux-2.39.3/O2/install/lib/libuuid.a
libuuid.a	util-linux	current	gcc-13-13.3.0	O3	util-linux-2.39.3	selected		gcc-13-13.3.0/util-linux-2.39.3/O3/install/lib/libuuid.a
libuuid.a	util-linux	current	gcc-13-13.3.0	Os	util-linux-2.39.3	selected		gcc-13-13.3.0/util-linux-2.39.3/Os/install/lib/libuuid.a
libuuid.a	util-linux	current	clang-14-14.0.6	O0	util-linux-2.39.3	selected		clang-14-14.0.6/util-linux-2.39.3/O0/install/lib/libuuid.a
libuuid.a	util-linux	current	clang-14-14.0.6	O2	util-linux-2.39.3	selected		clang-14-14.0.6/util-linux-2.39.3/O2/install/lib/libuuid.a
libuuid.a	util-linux	current	clang-14-14.0.6	O3	util-linux-2.39.3	selected		clang-14-14.0.6/util-linux-2.39.3/O3/install/lib/libuuid.a
libuuid.a	util-linux	current	clang-14-14.0.6	Os	util-linux-2.39.3	selected		clang-14-14.0.6/util-linux-2.39.3/Os/install/lib/libuuid.a
libuuid.a	util-linux	current	clang-18-18.1.3	O0	util-linux-2.39.3	selected		clang-18-18.1.3/util-linux-2.39.3/O0/install/lib/libuuid.a
libuuid.a	util-linux	current	clang-18-18.1.3	O2	util-linux-2.39.3	selected		clang-18-18.1.3/util-linux-2.39.3/O2/install/lib/libuuid.a
libuuid.a	util-linux	current	clang-18-18.1.3	O3	util-linux-2.39.3	selected		clang-18-18.1.3/util-linux-2.39.3/O3/install/lib/libuuid.a
libuuid.a	util-linux	current	clang-18-18.1.3	Os	util-linux-2.39.3	selected		clang-18-18.1.3/util-linux-2.39.3/Os/install/lib/libuuid.a
libuuid.a	util-linux	minor-alternative	gcc-13-13.3.0	O0	util-linux-2.39.2	selected		gcc-13-13.3.0/util-linux-2.39.2/O0/install/lib/libuuid.a
libuuid.a	util-linux	minor-alternative	gcc-13-13.3.0	O2	util-linux-2.39.2	selected		gcc-13-13.3.0/util-linux-2.39.2/O2/install/lib/libuuid.a
libuuid.a	util-linux	minor-alternative	gcc-13-13.3.0	O3	util-linux-2.39.2	selected		gcc-13-13.3.0/util-linux-2.39.2/O3/install/lib/libuuid.a
libuuid.a	util-linux	minor-alternative	gcc-13-13.3.0	Os	util-linux-2.39.2	selected		gcc-13-13.3.0/util-linux-2.39.2/Os/install/lib/libuuid.a
libuuid.a	util-linux	minor-alternative	clang-18-18.1.3	O0	util-linux-2.39.2	selected		clang-18-18.1.3/util-linux-2.39.2/O0/install/lib/libuuid.a
libuuid.a	util-linux	minor-alternative	clang-18-18.1.3	O2	util-linux-2.39.2	selected		clang-18-18.1.3/util-linux-2.39.2/O2/install/lib/libuuid.a
libuuid.a	util-linux	minor-alternative	clang-18-18.1.3	O3	util-linux-2.39.2	selected		clang-18-18.1.3/util-linux-2.39.2/O3/install/lib/libuuid.a
libuuid.a	util-linux	minor-alternative	clang-18-18.1.3	Os	util-linux-2.39.2	selected		clang-18-18.1.3/util-linux-2.39.2/Os/install/lib/libuuid.a
libuuid.a	util-linux	major-alternative	gcc-13-13.3.0	O0	util-linux-2.38.1	selected		gcc-13-13.3.0/util-linux-2.38.1/O0/install/lib/libuuid.a
libuuid.a	util-linux	major-alternative	gcc-13-13.3.0	O2	util-linux-2.38.1	selected		gcc-13-13.3.0/util-linux-2.38.1/O2/install/lib/libuuid.a
libuuid.a	util-linux	major-alternative	gcc-13-13.3.0	O3	util-linux-2.38.1	selected		gcc-13-13.3.0/util-linux-2.38.1/O3/install/lib/libuuid.a
libuuid.a	util-linux	major-alternative	gcc-13-13.3.0	Os	util-linux-2.38.1	selected		gcc-13-13.3.0/util-linux-2.38.1/Os/install/lib/libuuid.a
libuuid.a	util-linux	major-alternative	clang-18-18.1.3	O0	util-linux-2.38.1	selected		clang-18-18.1.3/util-linux-2.38.1/O0/install/lib/libuuid.a
libuuid.a	util-linux	major-alternative	clang-18-18.1.3	O2	util-linux-2.38.1	selected		clang-18-18.1.3/util-linux-2.38.1/O2/install/lib/libuuid.a
libuuid.a	util-linux	major-alternative	clang-18-18.1.3	O3	util-linux-2.38.1	selected		clang-18-18.1.3/util-linux-2.38.1/O3/install/lib/libuuid.a
libuuid.a	util-linux	major-alternative	clang-18-18.1.3	Os	util-linux-2.38.1	selected		clang-18-18.1.3/util-linux-2.38.1/Os/install/lib/libuuid.a
libwrap.a	tcp-wrappers	current	gcc-11-11.5.0	O0	tcp-wrappers-7.6.q-33	selected		gcc-11-11.5.0/tcp-wrappers-7.6.q-33/O0/install/lib/libwrap.a
libwrap.a	tcp-wrappers	current	gcc-11-11.5.0	O2	tcp-wrappers-7.6.q-33	selected		gcc-11-11.5.0/tcp-wrappers-7.6.q-33/O2/install/lib/libwrap.a
libwrap.a	tcp-wrappers	current	gcc-11-11.5.0	O3	tcp-wrappers-7.6.q-33	selected		gcc-11-11.5.0/tcp-wrappers-7.6.q-33/O3/install/lib/libwrap.a
libwrap.a	tcp-wrappers	current	gcc-11-11.5.0	Os	tcp-wrappers-7.6.q-33	selected		gcc-11-11.5.0/tcp-wrappers-7.6.q-33/Os/install/lib/libwrap.a
libwrap.a	tcp-wrappers	current	gcc-13-13.3.0	O0	tcp-wrappers-7.6.q-33	selected		gcc-13-13.3.0/tcp-wrappers-7.6.q-33/O0/install/lib/libwrap.a
libwrap.a	tcp-wrappers	current	gcc-13-13.3.0	O2	tcp-wrappers-7.6.q-33	selected		gcc-13-13.3.0/tcp-wrappers-7.6.q-33/O2/install/lib/libwrap.a
libwrap.a	tcp-wrappers	current	gcc-13-13.3.0	O3	tcp-wrappers-7.6.q-33	selected		gcc-13-13.3.0/tcp-wrappers-7.6.q-33/O3/install/lib/libwrap.a
libwrap.a	tcp-wrappers	current	gcc-13-13.3.0	Os	tcp-wrappers-7.6.q-33	selected		gcc-13-13.3.0/tcp-wrappers-7.6.q-33/Os/install/lib/libwrap.a
libwrap.a	tcp-wrappers	current	clang-14-14.0.6	O0	tcp-wrappers-7.6.q-33	selected		clang-14-14.0.6/tcp-wrappers-7.6.q-33/O0/install/lib/libwrap.a
libwrap.a	tcp-wrappers	current	clang-14-14.0.6	O2	tcp-wrappers-7.6.q-33	selected		clang-14-14.0.6/tcp-wrappers-7.6.q-33/O2/install/lib/libwrap.a
libwrap.a	tcp-wrappers	current	clang-14-14.0.6	O3	tcp-wrappers-7.6.q-33	selected		clang-14-14.0.6/tcp-wrappers-7.6.q-33/O3/install/lib/libwrap.a
libwrap.a	tcp-wrappers	current	clang-14-14.0.6	Os	tcp-wrappers-7.6.q-33	selected		clang-14-14.0.6/tcp-wrappers-7.6.q-33/Os/install/lib/libwrap.a
libwrap.a	tcp-wrappers	current	clang-18-18.1.3	O0	tcp-wrappers-7.6.q-33	selected		clang-18-18.1.3/tcp-wrappers-7.6.q-33/O0/install/lib/libwrap.a
libwrap.a	tcp-wrappers	current	clang-18-18.1.3	O2	tcp-wrappers-7.6.q-33	selected		clang-18-18.1.3/tcp-wrappers-7.6.q-33/O2/install/lib/libwrap.a
libwrap.a	tcp-wrappers	current	clang-18-18.1.3	O3	tcp-wrappers-7.6.q-33	selected		clang-18-18.1.3/tcp-wrappers-7.6.q-33/O3/install/lib/libwrap.a
libwrap.a	tcp-wrappers	current	clang-18-18.1.3	Os	tcp-wrappers-7.6.q-33	selected		clang-18-18.1.3/tcp-wrappers-7.6.q-33/Os/install/lib/libwrap.a
libwrap.a	tcp-wrappers	minor-alternative	gcc-13-13.3.0	O0	tcp-wrappers-7.6.q-32	selected		gcc-13-13.3.0/tcp-wrappers-7.6.q-32/O0/install/lib/libwrap.a
libwrap.a	tcp-wrappers	minor-alternative	gcc-13-13.3.0	O2	tcp-wrappers-7.6.q-32	selected		gcc-13-13.3.0/tcp-wrappers-7.6.q-32/O2/install/lib/libwrap.a
libwrap.a	tcp-wrappers	minor-alternative	gcc-13-13.3.0	O3	tcp-wrappers-7.6.q-32	selected		gcc-13-13.3.0/tcp-wrappers-7.6.q-32/O3/install/lib/libwrap.a
libwrap.a	tcp-wrappers	minor-alternative	gcc-13-13.3.0	Os	tcp-wrappers-7.6.q-32	selected		gcc-13-13.3.0/tcp-wrappers-7.6.q-32/Os/install/lib/libwrap.a
libwrap.a	tcp-wrappers	minor-alternative	clang-18-18.1.3	O0	tcp-wrappers-7.6.q-32	selected		clang-18-18.1.3/tcp-wrappers-7.6.q-32/O0/install/lib/libwrap.a
libwrap.a	tcp-wrappers	minor-alternative	clang-18-18.1.3	O2	tcp-wrappers-7.6.q-32	selected		clang-18-18.1.3/tcp-wrappers-7.6.q-32/O2/install/lib/libwrap.a
libwrap.a	tcp-wrappers	minor-alternative	clang-18-18.1.3	O3	tcp-wrappers-7.6.q-32	selected		clang-18-18.1.3/tcp-wrappers-7.6.q-32/O3/install/lib/libwrap.a
libwrap.a	tcp-wrappers	minor-alternative	clang-18-18.1.3	Os	tcp-wrappers-7.6.q-32	selected		clang-18-18.1.3/tcp-wrappers-7.6.q-32/Os/install/lib/libwrap.a
libwrap.a	tcp-wrappers	major-alternative	gcc-13-13.3.0	O0	tcp-wrappers-7.6.q-25	selected		gcc-13-13.3.0/tcp-wrappers-7.6.q-25/O0/install/lib/libwrap.a
libwrap.a	tcp-wrappers	major-alternative	gcc-13-13.3.0	O2	tcp-wrappers-7.6.q-25	selected		gcc-13-13.3.0/tcp-wrappers-7.6.q-25/O2/install/lib/libwrap.a
libwrap.a	tcp-wrappers	major-alternative	gcc-13-13.3.0	O3	tcp-wrappers-7.6.q-25	selected		gcc-13-13.3.0/tcp-wrappers-7.6.q-25/O3/install/lib/libwrap.a
libwrap.a	tcp-wrappers	major-alternative	gcc-13-13.3.0	Os	tcp-wrappers-7.6.q-25	selected		gcc-13-13.3.0/tcp-wrappers-7.6.q-25/Os/install/lib/libwrap.a
libwrap.a	tcp-wrappers	major-alternative	clang-18-18.1.3	O0	tcp-wrappers-7.6.q-25	selected		clang-18-18.1.3/tcp-wrappers-7.6.q-25/O0/install/lib/libwrap.a
libwrap.a	tcp-wrappers	major-alternative	clang-18-18.1.3	O2	tcp-wrappers-7.6.q-25	selected		clang-18-18.1.3/tcp-wrappers-7.6.q-25/O2/install/lib/libwrap.a
libwrap.a	tcp-wrappers	major-alternative	clang-18-18.1.3	O3	tcp-wrappers-7.6.q-25	selected		clang-18-18.1.3/tcp-wrappers-7.6.q-25/O3/install/lib/libwrap.a
libwrap.a	tcp-wrappers	major-alternative	clang-18-18.1.3	Os	tcp-wrappers-7.6.q-25	selected		clang-18-18.1.3/tcp-wrappers-7.6.q-25/Os/install/lib/libwrap.a
libxcb-composite.a	libxcb	current	gcc-11-11.5.0	O0	libxcb-1.15-1	selected		gcc-11-11.5.0/libxcb-1.15-1/O0/install/lib/libxcb-composite.a
libxcb-composite.a	libxcb	current	gcc-11-11.5.0	O2	libxcb-1.15-1	selected		gcc-11-11.5.0/libxcb-1.15-1/O2/install/lib/libxcb-composite.a
libxcb-composite.a	libxcb	current	gcc-11-11.5.0	O3	libxcb-1.15-1	selected		gcc-11-11.5.0/libxcb-1.15-1/O3/install/lib/libxcb-composite.a
libxcb-composite.a	libxcb	current	gcc-11-11.5.0	Os	libxcb-1.15-1	selected		gcc-11-11.5.0/libxcb-1.15-1/Os/install/lib/libxcb-composite.a
libxcb-composite.a	libxcb	current	gcc-13-13.3.0	O0	libxcb-1.15-1	selected		gcc-13-13.3.0/libxcb-1.15-1/O0/install/lib/libxcb-composite.a
libxcb-composite.a	libxcb	current	gcc-13-13.3.0	O2	libxcb-1.15-1	selected		gcc-13-13.3.0/libxcb-1.15-1/O2/install/lib/libxcb-composite.a
libxcb-composite.a	libxcb	current	gcc-13-13.3.0	O3	libxcb-1.15-1	selected		gcc-13-13.3.0/libxcb-1.15-1/O3/install/lib/libxcb-composite.a
libxcb-composite.a	libxcb	current	gcc-13-13.3.0	Os	libxcb-1.15-1	selected		gcc-13-13.3.0/libxcb-1.15-1/Os/install/lib/libxcb-composite.a
libxcb-composite.a	libxcb	current	clang-14-14.0.6	O0	libxcb-1.15-1	selected		clang-14-14.0.6/libxcb-1.15-1/O0/install/lib/libxcb-composite.a
libxcb-composite.a	libxcb	current	clang-14-14.0.6	O2	libxcb-1.15-1	selected		clang-14-14.0.6/libxcb-1.15-1/O2/install/lib/libxcb-composite.a
libxcb-composite.a	libxcb	current	clang-14-14.0.6	O3	libxcb-1.15-1	selected		clang-14-14.0.6/libxcb-1.15-1/O3/install/lib/libxcb-composite.a
libxcb-composite.a	libxcb	current	clang-14-14.0.6	Os	libxcb-1.15-1	selected		clang-14-14.0.6/libxcb-1.15-1/Os/install/lib/libxcb-composite.a
libxcb-composite.a	libxcb	current	clang-18-18.1.3	O0	libxcb-1.15-1	selected		clang-18-18.1.3/libxcb-1.15-1/O0/install/lib/libxcb-composite.a
libxcb-composite.a	libxcb	current	clang-18-18.1.3	O2	libxcb-1.15-1	selected		clang-18-18.1.3/libxcb-1.15-1/O2/install/lib/libxcb-composite.a
libxcb-composite.a	libxcb	current	clang-18-18.1.3	O3	libxcb-1.15-1	selected		clang-18-18.1.3/libxcb-1.15-1/O3/install/lib/libxcb-composite.a
libxcb-composite.a	libxcb	current	clang-18-18.1.3	Os	libxcb-1.15-1	selected		clang-18-18.1.3/libxcb-1.15-1/Os/install/lib/libxcb-composite.a
libxcb-composite.a	libxcb	minor-alternative	gcc-13-13.3.0	O0	libxcb-1.14-3	selected		gcc-13-13.3.0/libxcb-1.14-3/O0/install/lib/libxcb-composite.a
libxcb-composite.a	libxcb	minor-alternative	gcc-13-13.3.0	O2	libxcb-1.14-3	selected		gcc-13-13.3.0/libxcb-1.14-3/O2/install/lib/libxcb-composite.a
libxcb-composite.a	libxcb	minor-alternative	gcc-13-13.3.0	O3	libxcb-1.14-3	selected		gcc-13-13.3.0/libxcb-1.14-3/O3/install/lib/libxcb-composite.a
libxcb-composite.a	libxcb	minor-alternative	gcc-13-13.3.0	Os	libxcb-1.14-3	selected		gcc-13-13.3.0/libxcb-1.14-3/Os/install/lib/libxcb-composite.a
libxcb-composite.a	libxcb	minor-alternative	clang-18-18.1.3	O0	libxcb-1.14-3	selected		clang-18-18.1.3/libxcb-1.14-3/O0/install/lib/libxcb-composite.a
libxcb-composite.a	libxcb	minor-alternative	clang-18-18.1.3	O2	libxcb-1.14-3	selected		clang-18-18.1.3/libxcb-1.14-3/O2/install/lib/libxcb-composite.a
libxcb-composite.a	libxcb	minor-alternative	clang-18-18.1.3	O3	libxcb-1.14-3	selected		clang-18-18.1.3/libxcb-1.14-3/O3/install/lib/libxcb-composite.a
libxcb-composite.a	libxcb	minor-alternative	clang-18-18.1.3	Os	libxcb-1.14-3	selected		clang-18-18.1.3/libxcb-1.14-3/Os/install/lib/libxcb-composite.a
libxcb-composite.a	libxcb	major-alternative	gcc-13-13.3.0	O0	libxcb-0.9.92-1	selected		gcc-13-13.3.0/libxcb-0.9.92-1/O0/install/lib/libxcb-composite.a
libxcb-composite.a	libxcb	major-alternative	gcc-13-13.3.0	O2	libxcb-0.9.92-1	selected		gcc-13-13.3.0/libxcb-0.9.92-1/O2/install/lib/libxcb-composite.a
libxcb-composite.a	libxcb	major-alternative	gcc-13-13.3.0	O3	libxcb-0.9.92-1	selected		gcc-13-13.3.0/libxcb-0.9.92-1/O3/install/lib/libxcb-composite.a
libxcb-composite.a	libxcb	major-alternative	gcc-13-13.3.0	Os	libxcb-0.9.92-1	selected		gcc-13-13.3.0/libxcb-0.9.92-1/Os/install/lib/libxcb-composite.a
libxcb-composite.a	libxcb	major-alternative	clang-18-18.1.3	O0	libxcb-0.9.92-1	selected		clang-18-18.1.3/libxcb-0.9.92-1/O0/install/lib/libxcb-composite.a
libxcb-composite.a	libxcb	major-alternative	clang-18-18.1.3	O2	libxcb-0.9.92-1	selected		clang-18-18.1.3/libxcb-0.9.92-1/O2/install/lib/libxcb-composite.a
libxcb-composite.a	libxcb	major-alternative	clang-18-18.1.3	O3	libxcb-0.9.92-1	selected		clang-18-18.1.3/libxcb-0.9.92-1/O3/install/lib/libxcb-composite.a
libxcb-composite.a	libxcb	major-alternative	clang-18-18.1.3	Os	libxcb-0.9.92-1	selected		clang-18-18.1.3/libxcb-0.9.92-1/Os/install/lib/libxcb-composite.a
libxcb-damage.a	libxcb	current	gcc-11-11.5.0	O0	libxcb-1.15-1	selected		gcc-11-11.5.0/libxcb-1.15-1/O0/install/lib/libxcb-damage.a
libxcb-damage.a	libxcb	current	gcc-11-11.5.0	O2	libxcb-1.15-1	selected		gcc-11-11.5.0/libxcb-1.15-1/O2/install/lib/libxcb-damage.a
libxcb-damage.a	libxcb	current	gcc-11-11.5.0	O3	libxcb-1.15-1	selected		gcc-11-11.5.0/libxcb-1.15-1/O3/install/lib/libxcb-damage.a
libxcb-damage.a	libxcb	current	gcc-11-11.5.0	Os	libxcb-1.15-1	selected		gcc-11-11.5.0/libxcb-1.15-1/Os/install/lib/libxcb-damage.a
libxcb-damage.a	libxcb	current	gcc-13-13.3.0	O0	libxcb-1.15-1	selected		gcc-13-13.3.0/libxcb-1.15-1/O0/install/lib/libxcb-damage.a
libxcb-damage.a	libxcb	current	gcc-13-13.3.0	O2	libxcb-1.15-1	selected		gcc-13-13.3.0/libxcb-1.15-1/O2/install/lib/libxcb-damage.a
libxcb-damage.a	libxcb	current	gcc-13-13.3.0	O3	libxcb-1.15-1	selected		gcc-13-13.3.0/libxcb-1.15-1/O3/install/lib/libxcb-damage.a
libxcb-damage.a	libxcb	current	gcc-13-13.3.0	Os	libxcb-1.15-1	selected		gcc-13-13.3.0/libxcb-1.15-1/Os/install/lib/libxcb-damage.a
libxcb-damage.a	libxcb	current	clang-14-14.0.6	O0	libxcb-1.15-1	selected		clang-14-14.0.6/libxcb-1.15-1/O0/install/lib/libxcb-damage.a
libxcb-damage.a	libxcb	current	clang-14-14.0.6	O2	libxcb-1.15-1	selected		clang-14-14.0.6/libxcb-1.15-1/O2/install/lib/libxcb-damage.a
libxcb-damage.a	libxcb	current	clang-14-14.0.6	O3	libxcb-1.15-1	selected		clang-14-14.0.6/libxcb-1.15-1/O3/install/lib/libxcb-damage.a
libxcb-damage.a	libxcb	current	clang-14-14.0.6	Os	libxcb-1.15-1	selected		clang-14-14.0.6/libxcb-1.15-1/Os/install/lib/libxcb-damage.a
libxcb-damage.a	libxcb	current	clang-18-18.1.3	O0	libxcb-1.15-1	selected		clang-18-18.1.3/libxcb-1.15-1/O0/install/lib/libxcb-damage.a
libxcb-damage.a	libxcb	current	clang-18-18.1.3	O2	libxcb-1.15-1	selected		clang-18-18.1.3/libxcb-1.15-1/O2/install/lib/libxcb-damage.a
libxcb-damage.a	libxcb	current	clang-18-18.1.3	O3	libxcb-1.15-1	selected		clang-18-18.1.3/libxcb-1.15-1/O3/install/lib/libxcb-damage.a
libxcb-damage.a	libxcb	current	clang-18-18.1.3	Os	libxcb-1.15-1	selected		clang-18-18.1.3/libxcb-1.15-1/Os/install/lib/libxcb-damage.a
libxcb-damage.a	libxcb	minor-alternative	gcc-13-13.3.0	O0	libxcb-1.14-3	selected		gcc-13-13.3.0/libxcb-1.14-3/O0/install/lib/libxcb-damage.a
libxcb-damage.a	libxcb	minor-alternative	gcc-13-13.3.0	O2	libxcb-1.14-3	selected		gcc-13-13.3.0/libxcb-1.14-3/O2/install/lib/libxcb-damage.a
libxcb-damage.a	libxcb	minor-alternative	gcc-13-13.3.0	O3	libxcb-1.14-3	selected		gcc-13-13.3.0/libxcb-1.14-3/O3/install/lib/libxcb-damage.a
libxcb-damage.a	libxcb	minor-alternative	gcc-13-13.3.0	Os	libxcb-1.14-3	selected		gcc-13-13.3.0/libxcb-1.14-3/Os/install/lib/libxcb-damage.a
libxcb-damage.a	libxcb	minor-alternative	clang-18-18.1.3	O0	libxcb-1.14-3	selected		clang-18-18.1.3/libxcb-1.14-3/O0/install/lib/libxcb-damage.a
libxcb-damage.a	libxcb	minor-alternative	clang-18-18.1.3	O2	libxcb-1.14-3	selected		clang-18-18.1.3/libxcb-1.14-3/O2/install/lib/libxcb-damage.a
libxcb-damage.a	libxcb	minor-alternative	clang-18-18.1.3	O3	libxcb-1.14-3	selected		clang-18-18.1.3/libxcb-1.14-3/O3/install/lib/libxcb-damage.a
libxcb-damage.a	libxcb	minor-alternative	clang-18-18.1.3	Os	libxcb-1.14-3	selected		clang-18-18.1.3/libxcb-1.14-3/Os/install/lib/libxcb-damage.a
libxcb-damage.a	libxcb	major-alternative	gcc-13-13.3.0	O0	libxcb-0.9.92-1	selected		gcc-13-13.3.0/libxcb-0.9.92-1/O0/install/lib/libxcb-damage.a
libxcb-damage.a	libxcb	major-alternative	gcc-13-13.3.0	O2	libxcb-0.9.92-1	selected		gcc-13-13.3.0/libxcb-0.9.92-1/O2/install/lib/libxcb-damage.a
libxcb-damage.a	libxcb	major-alternative	gcc-13-13.3.0	O3	libxcb-0.9.92-1	selected		gcc-13-13.3.0/libxcb-0.9.92-1/O3/install/lib/libxcb-damage.a
libxcb-damage.a	libxcb	major-alternative	gcc-13-13.3.0	Os	libxcb-0.9.92-1	selected		gcc-13-13.3.0/libxcb-0.9.92-1/Os/install/lib/libxcb-damage.a
libxcb-damage.a	libxcb	major-alternative	clang-18-18.1.3	O0	libxcb-0.9.92-1	selected		clang-18-18.1.3/libxcb-0.9.92-1/O0/install/lib/libxcb-damage.a
libxcb-damage.a	libxcb	major-alternative	clang-18-18.1.3	O2	libxcb-0.9.92-1	selected		clang-18-18.1.3/libxcb-0.9.92-1/O2/install/lib/libxcb-damage.a
libxcb-damage.a	libxcb	major-alternative	clang-18-18.1.3	O3	libxcb-0.9.92-1	selected		clang-18-18.1.3/libxcb-0.9.92-1/O3/install/lib/libxcb-damage.a
libxcb-damage.a	libxcb	major-alternative	clang-18-18.1.3	Os	libxcb-0.9.92-1	selected		clang-18-18.1.3/libxcb-0.9.92-1/Os/install/lib/libxcb-damage.a
libxcb-dpms.a	libxcb	current	gcc-11-11.5.0	O0	libxcb-1.15-1	selected		gcc-11-11.5.0/libxcb-1.15-1/O0/install/lib/libxcb-dpms.a
libxcb-dpms.a	libxcb	current	gcc-11-11.5.0	O2	libxcb-1.15-1	selected		gcc-11-11.5.0/libxcb-1.15-1/O2/install/lib/libxcb-dpms.a
libxcb-dpms.a	libxcb	current	gcc-11-11.5.0	O3	libxcb-1.15-1	selected		gcc-11-11.5.0/libxcb-1.15-1/O3/install/lib/libxcb-dpms.a
libxcb-dpms.a	libxcb	current	gcc-11-11.5.0	Os	libxcb-1.15-1	selected		gcc-11-11.5.0/libxcb-1.15-1/Os/install/lib/libxcb-dpms.a
libxcb-dpms.a	libxcb	current	gcc-13-13.3.0	O0	libxcb-1.15-1	selected		gcc-13-13.3.0/libxcb-1.15-1/O0/install/lib/libxcb-dpms.a
libxcb-dpms.a	libxcb	current	gcc-13-13.3.0	O2	libxcb-1.15-1	selected		gcc-13-13.3.0/libxcb-1.15-1/O2/install/lib/libxcb-dpms.a
libxcb-dpms.a	libxcb	current	gcc-13-13.3.0	O3	libxcb-1.15-1	selected		gcc-13-13.3.0/libxcb-1.15-1/O3/install/lib/libxcb-dpms.a
libxcb-dpms.a	libxcb	current	gcc-13-13.3.0	Os	libxcb-1.15-1	selected		gcc-13-13.3.0/libxcb-1.15-1/Os/install/lib/libxcb-dpms.a
libxcb-dpms.a	libxcb	current	clang-14-14.0.6	O0	libxcb-1.15-1	selected		clang-14-14.0.6/libxcb-1.15-1/O0/install/lib/libxcb-dpms.a
libxcb-dpms.a	libxcb	current	clang-14-14.0.6	O2	libxcb-1.15-1	selected		clang-14-14.0.6/libxcb-1.15-1/O2/install/lib/libxcb-dpms.a
libxcb-dpms.a	libxcb	current	clang-14-14.0.6	O3	libxcb-1.15-1	selected		clang-14-14.0.6/libxcb-1.15-1/O3/install/lib/libxcb-dpms.a
libxcb-dpms.a	libxcb	current	clang-14-14.0.6	Os	libxcb-1.15-1	selected		clang-14-14.0.6/libxcb-1.15-1/Os/install/lib/libxcb-dpms.a
libxcb-dpms.a	libxcb	current	clang-18-18.1.3	O0	libxcb-1.15-1	selected		clang-18-18.1.3/libxcb-1.15-1/O0/install/lib/libxcb-dpms.a
libxcb-dpms.a	libxcb	current	clang-18-18.1.3	O2	libxcb-1.15-1	selected		clang-18-18.1.3/libxcb-1.15-1/O2/install/lib/libxcb-dpms.a
libxcb-dpms.a	libxcb	current	clang-18-18.1.3	O3	libxcb-1.15-1	selected		clang-18-18.1.3/libxcb-1.15-1/O3/install/lib/libxcb-dpms.a
libxcb-dpms.a	libxcb	current	clang-18-18.1.3	Os	libxcb-1.15-1	selected		clang-18-18.1.3/libxcb-1.15-1/Os/install/lib/libxcb-dpms.a
libxcb-dpms.a	libxcb	minor-alternative	gcc-13-13.3.0	O0	libxcb-1.14-3	selected		gcc-13-13.3.0/libxcb-1.14-3/O0/install/lib/libxcb-dpms.a
libxcb-dpms.a	libxcb	minor-alternative	gcc-13-13.3.0	O2	libxcb-1.14-3	selected		gcc-13-13.3.0/libxcb-1.14-3/O2/install/lib/libxcb-dpms.a
libxcb-dpms.a	libxcb	minor-alternative	gcc-13-13.3.0	O3	libxcb-1.14-3	selected		gcc-13-13.3.0/libxcb-1.14-3/O3/install/lib/libxcb-dpms.a
libxcb-dpms.a	libxcb	minor-alternative	gcc-13-13.3.0	Os	libxcb-1.14-3	selected		gcc-13-13.3.0/libxcb-1.14-3/Os/install/lib/libxcb-dpms.a
libxcb-dpms.a	libxcb	minor-alternative	clang-18-18.1.3	O0	libxcb-1.14-3	selected		clang-18-18.1.3/libxcb-1.14-3/O0/install/lib/libxcb-dpms.a
libxcb-dpms.a	libxcb	minor-alternative	clang-18-18.1.3	O2	libxcb-1.14-3	selected		clang-18-18.1.3/libxcb-1.14-3/O2/install/lib/libxcb-dpms.a
libxcb-dpms.a	libxcb	minor-alternative	clang-18-18.1.3	O3	libxcb-1.14-3	selected		clang-18-18.1.3/libxcb-1.14-3/O3/install/lib/libxcb-dpms.a
libxcb-dpms.a	libxcb	minor-alternative	clang-18-18.1.3	Os	libxcb-1.14-3	selected		clang-18-18.1.3/libxcb-1.14-3/Os/install/lib/libxcb-dpms.a
libxcb-dpms.a	libxcb	major-alternative	gcc-13-13.3.0	O0	libxcb-0.9.92-1	selected		gcc-13-13.3.0/libxcb-0.9.92-1/O0/install/lib/libxcb-dpms.a
libxcb-dpms.a	libxcb	major-alternative	gcc-13-13.3.0	O2	libxcb-0.9.92-1	selected		gcc-13-13.3.0/libxcb-0.9.92-1/O2/install/lib/libxcb-dpms.a
libxcb-dpms.a	libxcb	major-alternative	gcc-13-13.3.0	O3	libxcb-0.9.92-1	selected		gcc-13-13.3.0/libxcb-0.9.92-1/O3/install/lib/libxcb-dpms.a
libxcb-dpms.a	libxcb	major-alternative	gcc-13-13.3.0	Os	libxcb-0.9.92-1	selected		gcc-13-13.3.0/libxcb-0.9.92-1/Os/install/lib/libxcb-dpms.a
libxcb-dpms.a	libxcb	major-alternative	clang-18-18.1.3	O0	libxcb-0.9.92-1	selected		clang-18-18.1.3/libxcb-0.9.92-1/O0/install/lib/libxcb-dpms.a
libxcb-dpms.a	libxcb	major-alternative	clang-18-18.1.3	O2	libxcb-0.9.92-1	selected		clang-18-18.1.3/libxcb-0.9.92-1/O2/install/lib/libxcb-dpms.a
libxcb-dpms.a	libxcb	major-alternative	clang-18-18.1.3	O3	libxcb-0.9.92-1	selected		clang-18-18.1.3/libxcb-0.9.92-1/O3/install/lib/libxcb-dpms.a
libxcb-dpms.a	libxcb	major-alternative	clang-18-18.1.3	Os	libxcb-0.9.92-1	selected		clang-18-18.1.3/libxcb-0.9.92-1/Os/install/lib/libxcb-dpms.a
libxcb-dri2.a	libxcb	current	gcc-11-11.5.0	O0	libxcb-1.15-1	selected		gcc-11-11.5.0/libxcb-1.15-1/O0/install/lib/libxcb-dri2.a
libxcb-dri2.a	libxcb	current	gcc-11-11.5.0	O2	libxcb-1.15-1	selected		gcc-11-11.5.0/libxcb-1.15-1/O2/install/lib/libxcb-dri2.a
libxcb-dri2.a	libxcb	current	gcc-11-11.5.0	O3	libxcb-1.15-1	selected		gcc-11-11.5.0/libxcb-1.15-1/O3/install/lib/libxcb-dri2.a
libxcb-dri2.a	libxcb	current	gcc-11-11.5.0	Os	libxcb-1.15-1	selected		gcc-11-11.5.0/libxcb-1.15-1/Os/install/lib/libxcb-dri2.a
libxcb-dri2.a	libxcb	current	gcc-13-13.3.0	O0	libxcb-1.15-1	selected		gcc-13-13.3.0/libxcb-1.15-1/O0/install/lib/libxcb-dri2.a
libxcb-dri2.a	libxcb	current	gcc-13-13.3.0	O2	libxcb-1.15-1	selected		gcc-13-13.3.0/libxcb-1.15-1/O2/install/lib/libxcb-dri2.a
libxcb-dri2.a	libxcb	current	gcc-13-13.3.0	O3	libxcb-1.15-1	selected		gcc-13-13.3.0/libxcb-1.15-1/O3/install/lib/libxcb-dri2.a
libxcb-dri2.a	libxcb	current	gcc-13-13.3.0	Os	libxcb-1.15-1	selected		gcc-13-13.3.0/libxcb-1.15-1/Os/install/lib/libxcb-dri2.a
libxcb-dri2.a	libxcb	current	clang-14-14.0.6	O0	libxcb-1.15-1	selected		clang-14-14.0.6/libxcb-1.15-1/O0/install/lib/libxcb-dri2.a
libxcb-dri2.a	libxcb	current	clang-14-14.0.6	O2	libxcb-1.15-1	selected		clang-14-14.0.6/libxcb-1.15-1/O2/install/lib/libxcb-dri2.a
libxcb-dri2.a	libxcb	current	clang-14-14.0.6	O3	libxcb-1.15-1	selected		clang-14-14.0.6/libxcb-1.15-1/O3/install/lib/libxcb-dri2.a
libxcb-dri2.a	libxcb	current	clang-14-14.0.6	Os	libxcb-1.15-1	selected		clang-14-14.0.6/libxcb-1.15-1/Os/install/lib/libxcb-dri2.a
libxcb-dri2.a	libxcb	current	clang-18-18.1.3	O0	libxcb-1.15-1	selected		clang-18-18.1.3/libxcb-1.15-1/O0/install/lib/libxcb-dri2.a
libxcb-dri2.a	libxcb	current	clang-18-18.1.3	O2	libxcb-1.15-1	selected		clang-18-18.1.3/libxcb-1.15-1/O2/install/lib/libxcb-dri2.a
libxcb-dri2.a	libxcb	current	clang-18-18.1.3	O3	libxcb-1.15-1	selected		clang-18-18.1.3/libxcb-1.15-1/O3/install/lib/libxcb-dri2.a
libxcb-dri2.a	libxcb	current	clang-18-18.1.3	Os	libxcb-1.15-1	selected		clang-18-18.1.3/libxcb-1.15-1/Os/install/lib/libxcb-dri2.a
libxcb-dri2.a	libxcb	minor-alternative	gcc-13-13.3.0	O0	libxcb-1.14-3	selected		gcc-13-13.3.0/libxcb-1.14-3/O0/install/lib/libxcb-dri2.a
libxcb-dri2.a	libxcb	minor-alternative	gcc-13-13.3.0	O2	libxcb-1.14-3	selected		gcc-13-13.3.0/libxcb-1.14-3/O2/install/lib/libxcb-dri2.a
libxcb-dri2.a	libxcb	minor-alternative	gcc-13-13.3.0	O3	libxcb-1.14-3	selected		gcc-13-13.3.0/libxcb-1.14-3/O3/install/lib/libxcb-dri2.a
libxcb-dri2.a	libxcb	minor-alternative	gcc-13-13.3.0	Os	libxcb-1.14-3	selected		gcc-13-13.3.0/libxcb-1.14-3/Os/install/lib/libxcb-dri2.a
libxcb-dri2.a	libxcb	minor-alternative	clang-18-18.1.3	O0	libxcb-1.14-3	selected		clang-18-18.1.3/libxcb-1.14-3/O0/install/lib/libxcb-dri2.a
libxcb-dri2.a	libxcb	minor-alternative	clang-18-18.1.3	O2	libxcb-1.14-3	selected		clang-18-18.1.3/libxcb-1.14-3/O2/install/lib/libxcb-dri2.a
libxcb-dri2.a	libxcb	minor-alternative	clang-18-18.1.3	O3	libxcb-1.14-3	selected		clang-18-18.1.3/libxcb-1.14-3/O3/install/lib/libxcb-dri2.a
libxcb-dri2.a	libxcb	minor-alternative	clang-18-18.1.3	Os	libxcb-1.14-3	selected		clang-18-18.1.3/libxcb-1.14-3/Os/install/lib/libxcb-dri2.a
libxcb-dri2.a	libxcb	major-alternative	gcc-13-13.3.0	O0	libxcb-0.9.92-1	missing	archive_not_produced_by_version	
libxcb-dri2.a	libxcb	major-alternative	gcc-13-13.3.0	O2	libxcb-0.9.92-1	missing	archive_not_produced_by_version	
libxcb-dri2.a	libxcb	major-alternative	gcc-13-13.3.0	O3	libxcb-0.9.92-1	missing	archive_not_produced_by_version	
libxcb-dri2.a	libxcb	major-alternative	gcc-13-13.3.0	Os	libxcb-0.9.92-1	missing	archive_not_produced_by_version	
libxcb-dri2.a	libxcb	major-alternative	clang-18-18.1.3	O0	libxcb-0.9.92-1	missing	archive_not_produced_by_version	
libxcb-dri2.a	libxcb	major-alternative	clang-18-18.1.3	O2	libxcb-0.9.92-1	missing	archive_not_produced_by_version	
libxcb-dri2.a	libxcb	major-alternative	clang-18-18.1.3	O3	libxcb-0.9.92-1	missing	archive_not_produced_by_version	
libxcb-dri2.a	libxcb	major-alternative	clang-18-18.1.3	Os	libxcb-0.9.92-1	missing	archive_not_produced_by_version	
libxcb-dri3.a	libxcb	current	gcc-11-11.5.0	O0	libxcb-1.15-1	selected		gcc-11-11.5.0/libxcb-1.15-1/O0/install/lib/libxcb-dri3.a
libxcb-dri3.a	libxcb	current	gcc-11-11.5.0	O2	libxcb-1.15-1	selected		gcc-11-11.5.0/libxcb-1.15-1/O2/install/lib/libxcb-dri3.a
libxcb-dri3.a	libxcb	current	gcc-11-11.5.0	O3	libxcb-1.15-1	selected		gcc-11-11.5.0/libxcb-1.15-1/O3/install/lib/libxcb-dri3.a
libxcb-dri3.a	libxcb	current	gcc-11-11.5.0	Os	libxcb-1.15-1	selected		gcc-11-11.5.0/libxcb-1.15-1/Os/install/lib/libxcb-dri3.a
libxcb-dri3.a	libxcb	current	gcc-13-13.3.0	O0	libxcb-1.15-1	selected		gcc-13-13.3.0/libxcb-1.15-1/O0/install/lib/libxcb-dri3.a
libxcb-dri3.a	libxcb	current	gcc-13-13.3.0	O2	libxcb-1.15-1	selected		gcc-13-13.3.0/libxcb-1.15-1/O2/install/lib/libxcb-dri3.a
libxcb-dri3.a	libxcb	current	gcc-13-13.3.0	O3	libxcb-1.15-1	selected		gcc-13-13.3.0/libxcb-1.15-1/O3/install/lib/libxcb-dri3.a
libxcb-dri3.a	libxcb	current	gcc-13-13.3.0	Os	libxcb-1.15-1	selected		gcc-13-13.3.0/libxcb-1.15-1/Os/install/lib/libxcb-dri3.a
libxcb-dri3.a	libxcb	current	clang-14-14.0.6	O0	libxcb-1.15-1	selected		clang-14-14.0.6/libxcb-1.15-1/O0/install/lib/libxcb-dri3.a
libxcb-dri3.a	libxcb	current	clang-14-14.0.6	O2	libxcb-1.15-1	selected		clang-14-14.0.6/libxcb-1.15-1/O2/install/lib/libxcb-dri3.a
libxcb-dri3.a	libxcb	current	clang-14-14.0.6	O3	libxcb-1.15-1	selected		clang-14-14.0.6/libxcb-1.15-1/O3/install/lib/libxcb-dri3.a
libxcb-dri3.a	libxcb	current	clang-14-14.0.6	Os	libxcb-1.15-1	selected		clang-14-14.0.6/libxcb-1.15-1/Os/install/lib/libxcb-dri3.a
libxcb-dri3.a	libxcb	current	clang-18-18.1.3	O0	libxcb-1.15-1	selected		clang-18-18.1.3/libxcb-1.15-1/O0/install/lib/libxcb-dri3.a
libxcb-dri3.a	libxcb	current	clang-18-18.1.3	O2	libxcb-1.15-1	selected		clang-18-18.1.3/libxcb-1.15-1/O2/install/lib/libxcb-dri3.a
libxcb-dri3.a	libxcb	current	clang-18-18.1.3	O3	libxcb-1.15-1	selected		clang-18-18.1.3/libxcb-1.15-1/O3/install/lib/libxcb-dri3.a
libxcb-dri3.a	libxcb	current	clang-18-18.1.3	Os	libxcb-1.15-1	selected		clang-18-18.1.3/libxcb-1.15-1/Os/install/lib/libxcb-dri3.a
libxcb-dri3.a	libxcb	minor-alternative	gcc-13-13.3.0	O0	libxcb-1.14-3	selected		gcc-13-13.3.0/libxcb-1.14-3/O0/install/lib/libxcb-dri3.a
libxcb-dri3.a	libxcb	minor-alternative	gcc-13-13.3.0	O2	libxcb-1.14-3	selected		gcc-13-13.3.0/libxcb-1.14-3/O2/install/lib/libxcb-dri3.a
libxcb-dri3.a	libxcb	minor-alternative	gcc-13-13.3.0	O3	libxcb-1.14-3	selected		gcc-13-13.3.0/libxcb-1.14-3/O3/install/lib/libxcb-dri3.a
libxcb-dri3.a	libxcb	minor-alternative	gcc-13-13.3.0	Os	libxcb-1.14-3	selected		gcc-13-13.3.0/libxcb-1.14-3/Os/install/lib/libxcb-dri3.a
libxcb-dri3.a	libxcb	minor-alternative	clang-18-18.1.3	O0	libxcb-1.14-3	selected		clang-18-18.1.3/libxcb-1.14-3/O0/install/lib/libxcb-dri3.a
libxcb-dri3.a	libxcb	minor-alternative	clang-18-18.1.3	O2	libxcb-1.14-3	selected		clang-18-18.1.3/libxcb-1.14-3/O2/install/lib/libxcb-dri3.a
libxcb-dri3.a	libxcb	minor-alternative	clang-18-18.1.3	O3	libxcb-1.14-3	selected		clang-18-18.1.3/libxcb-1.14-3/O3/install/lib/libxcb-dri3.a
libxcb-dri3.a	libxcb	minor-alternative	clang-18-18.1.3	Os	libxcb-1.14-3	selected		clang-18-18.1.3/libxcb-1.14-3/Os/install/lib/libxcb-dri3.a
libxcb-dri3.a	libxcb	major-alternative	gcc-13-13.3.0	O0	libxcb-0.9.92-1	missing	archive_not_produced_by_version	
libxcb-dri3.a	libxcb	major-alternative	gcc-13-13.3.0	O2	libxcb-0.9.92-1	missing	archive_not_produced_by_version	
libxcb-dri3.a	libxcb	major-alternative	gcc-13-13.3.0	O3	libxcb-0.9.92-1	missing	archive_not_produced_by_version	
libxcb-dri3.a	libxcb	major-alternative	gcc-13-13.3.0	Os	libxcb-0.9.92-1	missing	archive_not_produced_by_version	
libxcb-dri3.a	libxcb	major-alternative	clang-18-18.1.3	O0	libxcb-0.9.92-1	missing	archive_not_produced_by_version	
libxcb-dri3.a	libxcb	major-alternative	clang-18-18.1.3	O2	libxcb-0.9.92-1	missing	archive_not_produced_by_version	
libxcb-dri3.a	libxcb	major-alternative	clang-18-18.1.3	O3	libxcb-0.9.92-1	missing	archive_not_produced_by_version	
libxcb-dri3.a	libxcb	major-alternative	clang-18-18.1.3	Os	libxcb-0.9.92-1	missing	archive_not_produced_by_version	
libxcb-glx.a	libxcb	current	gcc-11-11.5.0	O0	libxcb-1.15-1	selected		gcc-11-11.5.0/libxcb-1.15-1/O0/install/lib/libxcb-glx.a
libxcb-glx.a	libxcb	current	gcc-11-11.5.0	O2	libxcb-1.15-1	selected		gcc-11-11.5.0/libxcb-1.15-1/O2/install/lib/libxcb-glx.a
libxcb-glx.a	libxcb	current	gcc-11-11.5.0	O3	libxcb-1.15-1	selected		gcc-11-11.5.0/libxcb-1.15-1/O3/install/lib/libxcb-glx.a
libxcb-glx.a	libxcb	current	gcc-11-11.5.0	Os	libxcb-1.15-1	selected		gcc-11-11.5.0/libxcb-1.15-1/Os/install/lib/libxcb-glx.a
libxcb-glx.a	libxcb	current	gcc-13-13.3.0	O0	libxcb-1.15-1	selected		gcc-13-13.3.0/libxcb-1.15-1/O0/install/lib/libxcb-glx.a
libxcb-glx.a	libxcb	current	gcc-13-13.3.0	O2	libxcb-1.15-1	selected		gcc-13-13.3.0/libxcb-1.15-1/O2/install/lib/libxcb-glx.a
libxcb-glx.a	libxcb	current	gcc-13-13.3.0	O3	libxcb-1.15-1	selected		gcc-13-13.3.0/libxcb-1.15-1/O3/install/lib/libxcb-glx.a
libxcb-glx.a	libxcb	current	gcc-13-13.3.0	Os	libxcb-1.15-1	selected		gcc-13-13.3.0/libxcb-1.15-1/Os/install/lib/libxcb-glx.a
libxcb-glx.a	libxcb	current	clang-14-14.0.6	O0	libxcb-1.15-1	selected		clang-14-14.0.6/libxcb-1.15-1/O0/install/lib/libxcb-glx.a
libxcb-glx.a	libxcb	current	clang-14-14.0.6	O2	libxcb-1.15-1	selected		clang-14-14.0.6/libxcb-1.15-1/O2/install/lib/libxcb-glx.a
libxcb-glx.a	libxcb	current	clang-14-14.0.6	O3	libxcb-1.15-1	selected		clang-14-14.0.6/libxcb-1.15-1/O3/install/lib/libxcb-glx.a
libxcb-glx.a	libxcb	current	clang-14-14.0.6	Os	libxcb-1.15-1	selected		clang-14-14.0.6/libxcb-1.15-1/Os/install/lib/libxcb-glx.a
libxcb-glx.a	libxcb	current	clang-18-18.1.3	O0	libxcb-1.15-1	selected		clang-18-18.1.3/libxcb-1.15-1/O0/install/lib/libxcb-glx.a
libxcb-glx.a	libxcb	current	clang-18-18.1.3	O2	libxcb-1.15-1	selected		clang-18-18.1.3/libxcb-1.15-1/O2/install/lib/libxcb-glx.a
libxcb-glx.a	libxcb	current	clang-18-18.1.3	O3	libxcb-1.15-1	selected		clang-18-18.1.3/libxcb-1.15-1/O3/install/lib/libxcb-glx.a
libxcb-glx.a	libxcb	current	clang-18-18.1.3	Os	libxcb-1.15-1	selected		clang-18-18.1.3/libxcb-1.15-1/Os/install/lib/libxcb-glx.a
libxcb-glx.a	libxcb	minor-alternative	gcc-13-13.3.0	O0	libxcb-1.14-3	selected		gcc-13-13.3.0/libxcb-1.14-3/O0/install/lib/libxcb-glx.a
libxcb-glx.a	libxcb	minor-alternative	gcc-13-13.3.0	O2	libxcb-1.14-3	selected		gcc-13-13.3.0/libxcb-1.14-3/O2/install/lib/libxcb-glx.a
libxcb-glx.a	libxcb	minor-alternative	gcc-13-13.3.0	O3	libxcb-1.14-3	selected		gcc-13-13.3.0/libxcb-1.14-3/O3/install/lib/libxcb-glx.a
libxcb-glx.a	libxcb	minor-alternative	gcc-13-13.3.0	Os	libxcb-1.14-3	selected		gcc-13-13.3.0/libxcb-1.14-3/Os/install/lib/libxcb-glx.a
libxcb-glx.a	libxcb	minor-alternative	clang-18-18.1.3	O0	libxcb-1.14-3	selected		clang-18-18.1.3/libxcb-1.14-3/O0/install/lib/libxcb-glx.a
libxcb-glx.a	libxcb	minor-alternative	clang-18-18.1.3	O2	libxcb-1.14-3	selected		clang-18-18.1.3/libxcb-1.14-3/O2/install/lib/libxcb-glx.a
libxcb-glx.a	libxcb	minor-alternative	clang-18-18.1.3	O3	libxcb-1.14-3	selected		clang-18-18.1.3/libxcb-1.14-3/O3/install/lib/libxcb-glx.a
libxcb-glx.a	libxcb	minor-alternative	clang-18-18.1.3	Os	libxcb-1.14-3	selected		clang-18-18.1.3/libxcb-1.14-3/Os/install/lib/libxcb-glx.a
libxcb-glx.a	libxcb	major-alternative	gcc-13-13.3.0	O0	libxcb-0.9.92-1	selected		gcc-13-13.3.0/libxcb-0.9.92-1/O0/install/lib/libxcb-glx.a
libxcb-glx.a	libxcb	major-alternative	gcc-13-13.3.0	O2	libxcb-0.9.92-1	selected		gcc-13-13.3.0/libxcb-0.9.92-1/O2/install/lib/libxcb-glx.a
libxcb-glx.a	libxcb	major-alternative	gcc-13-13.3.0	O3	libxcb-0.9.92-1	selected		gcc-13-13.3.0/libxcb-0.9.92-1/O3/install/lib/libxcb-glx.a
libxcb-glx.a	libxcb	major-alternative	gcc-13-13.3.0	Os	libxcb-0.9.92-1	selected		gcc-13-13.3.0/libxcb-0.9.92-1/Os/install/lib/libxcb-glx.a
libxcb-glx.a	libxcb	major-alternative	clang-18-18.1.3	O0	libxcb-0.9.92-1	selected		clang-18-18.1.3/libxcb-0.9.92-1/O0/install/lib/libxcb-glx.a
libxcb-glx.a	libxcb	major-alternative	clang-18-18.1.3	O2	libxcb-0.9.92-1	selected		clang-18-18.1.3/libxcb-0.9.92-1/O2/install/lib/libxcb-glx.a
libxcb-glx.a	libxcb	major-alternative	clang-18-18.1.3	O3	libxcb-0.9.92-1	selected		clang-18-18.1.3/libxcb-0.9.92-1/O3/install/lib/libxcb-glx.a
libxcb-glx.a	libxcb	major-alternative	clang-18-18.1.3	Os	libxcb-0.9.92-1	selected		clang-18-18.1.3/libxcb-0.9.92-1/Os/install/lib/libxcb-glx.a
libxcb-present.a	libxcb	current	gcc-11-11.5.0	O0	libxcb-1.15-1	selected		gcc-11-11.5.0/libxcb-1.15-1/O0/install/lib/libxcb-present.a
libxcb-present.a	libxcb	current	gcc-11-11.5.0	O2	libxcb-1.15-1	selected		gcc-11-11.5.0/libxcb-1.15-1/O2/install/lib/libxcb-present.a
libxcb-present.a	libxcb	current	gcc-11-11.5.0	O3	libxcb-1.15-1	selected		gcc-11-11.5.0/libxcb-1.15-1/O3/install/lib/libxcb-present.a
libxcb-present.a	libxcb	current	gcc-11-11.5.0	Os	libxcb-1.15-1	selected		gcc-11-11.5.0/libxcb-1.15-1/Os/install/lib/libxcb-present.a
libxcb-present.a	libxcb	current	gcc-13-13.3.0	O0	libxcb-1.15-1	selected		gcc-13-13.3.0/libxcb-1.15-1/O0/install/lib/libxcb-present.a
libxcb-present.a	libxcb	current	gcc-13-13.3.0	O2	libxcb-1.15-1	selected		gcc-13-13.3.0/libxcb-1.15-1/O2/install/lib/libxcb-present.a
libxcb-present.a	libxcb	current	gcc-13-13.3.0	O3	libxcb-1.15-1	selected		gcc-13-13.3.0/libxcb-1.15-1/O3/install/lib/libxcb-present.a
libxcb-present.a	libxcb	current	gcc-13-13.3.0	Os	libxcb-1.15-1	selected		gcc-13-13.3.0/libxcb-1.15-1/Os/install/lib/libxcb-present.a
libxcb-present.a	libxcb	current	clang-14-14.0.6	O0	libxcb-1.15-1	selected		clang-14-14.0.6/libxcb-1.15-1/O0/install/lib/libxcb-present.a
libxcb-present.a	libxcb	current	clang-14-14.0.6	O2	libxcb-1.15-1	selected		clang-14-14.0.6/libxcb-1.15-1/O2/install/lib/libxcb-present.a
libxcb-present.a	libxcb	current	clang-14-14.0.6	O3	libxcb-1.15-1	selected		clang-14-14.0.6/libxcb-1.15-1/O3/install/lib/libxcb-present.a
libxcb-present.a	libxcb	current	clang-14-14.0.6	Os	libxcb-1.15-1	selected		clang-14-14.0.6/libxcb-1.15-1/Os/install/lib/libxcb-present.a
libxcb-present.a	libxcb	current	clang-18-18.1.3	O0	libxcb-1.15-1	selected		clang-18-18.1.3/libxcb-1.15-1/O0/install/lib/libxcb-present.a
libxcb-present.a	libxcb	current	clang-18-18.1.3	O2	libxcb-1.15-1	selected		clang-18-18.1.3/libxcb-1.15-1/O2/install/lib/libxcb-present.a
libxcb-present.a	libxcb	current	clang-18-18.1.3	O3	libxcb-1.15-1	selected		clang-18-18.1.3/libxcb-1.15-1/O3/install/lib/libxcb-present.a
libxcb-present.a	libxcb	current	clang-18-18.1.3	Os	libxcb-1.15-1	selected		clang-18-18.1.3/libxcb-1.15-1/Os/install/lib/libxcb-present.a
libxcb-present.a	libxcb	minor-alternative	gcc-13-13.3.0	O0	libxcb-1.14-3	selected		gcc-13-13.3.0/libxcb-1.14-3/O0/install/lib/libxcb-present.a
libxcb-present.a	libxcb	minor-alternative	gcc-13-13.3.0	O2	libxcb-1.14-3	selected		gcc-13-13.3.0/libxcb-1.14-3/O2/install/lib/libxcb-present.a
libxcb-present.a	libxcb	minor-alternative	gcc-13-13.3.0	O3	libxcb-1.14-3	selected		gcc-13-13.3.0/libxcb-1.14-3/O3/install/lib/libxcb-present.a
libxcb-present.a	libxcb	minor-alternative	gcc-13-13.3.0	Os	libxcb-1.14-3	selected		gcc-13-13.3.0/libxcb-1.14-3/Os/install/lib/libxcb-present.a
libxcb-present.a	libxcb	minor-alternative	clang-18-18.1.3	O0	libxcb-1.14-3	selected		clang-18-18.1.3/libxcb-1.14-3/O0/install/lib/libxcb-present.a
libxcb-present.a	libxcb	minor-alternative	clang-18-18.1.3	O2	libxcb-1.14-3	selected		clang-18-18.1.3/libxcb-1.14-3/O2/install/lib/libxcb-present.a
libxcb-present.a	libxcb	minor-alternative	clang-18-18.1.3	O3	libxcb-1.14-3	selected		clang-18-18.1.3/libxcb-1.14-3/O3/install/lib/libxcb-present.a
libxcb-present.a	libxcb	minor-alternative	clang-18-18.1.3	Os	libxcb-1.14-3	selected		clang-18-18.1.3/libxcb-1.14-3/Os/install/lib/libxcb-present.a
libxcb-present.a	libxcb	major-alternative	gcc-13-13.3.0	O0	libxcb-0.9.92-1	missing	archive_not_produced_by_version	
libxcb-present.a	libxcb	major-alternative	gcc-13-13.3.0	O2	libxcb-0.9.92-1	missing	archive_not_produced_by_version	
libxcb-present.a	libxcb	major-alternative	gcc-13-13.3.0	O3	libxcb-0.9.92-1	missing	archive_not_produced_by_version	
libxcb-present.a	libxcb	major-alternative	gcc-13-13.3.0	Os	libxcb-0.9.92-1	missing	archive_not_produced_by_version	
libxcb-present.a	libxcb	major-alternative	clang-18-18.1.3	O0	libxcb-0.9.92-1	missing	archive_not_produced_by_version	
libxcb-present.a	libxcb	major-alternative	clang-18-18.1.3	O2	libxcb-0.9.92-1	missing	archive_not_produced_by_version	
libxcb-present.a	libxcb	major-alternative	clang-18-18.1.3	O3	libxcb-0.9.92-1	missing	archive_not_produced_by_version	
libxcb-present.a	libxcb	major-alternative	clang-18-18.1.3	Os	libxcb-0.9.92-1	missing	archive_not_produced_by_version	
libxcb-randr.a	libxcb	current	gcc-11-11.5.0	O0	libxcb-1.15-1	selected		gcc-11-11.5.0/libxcb-1.15-1/O0/install/lib/libxcb-randr.a
libxcb-randr.a	libxcb	current	gcc-11-11.5.0	O2	libxcb-1.15-1	selected		gcc-11-11.5.0/libxcb-1.15-1/O2/install/lib/libxcb-randr.a
libxcb-randr.a	libxcb	current	gcc-11-11.5.0	O3	libxcb-1.15-1	selected		gcc-11-11.5.0/libxcb-1.15-1/O3/install/lib/libxcb-randr.a
libxcb-randr.a	libxcb	current	gcc-11-11.5.0	Os	libxcb-1.15-1	selected		gcc-11-11.5.0/libxcb-1.15-1/Os/install/lib/libxcb-randr.a
libxcb-randr.a	libxcb	current	gcc-13-13.3.0	O0	libxcb-1.15-1	selected		gcc-13-13.3.0/libxcb-1.15-1/O0/install/lib/libxcb-randr.a
libxcb-randr.a	libxcb	current	gcc-13-13.3.0	O2	libxcb-1.15-1	selected		gcc-13-13.3.0/libxcb-1.15-1/O2/install/lib/libxcb-randr.a
libxcb-randr.a	libxcb	current	gcc-13-13.3.0	O3	libxcb-1.15-1	selected		gcc-13-13.3.0/libxcb-1.15-1/O3/install/lib/libxcb-randr.a
libxcb-randr.a	libxcb	current	gcc-13-13.3.0	Os	libxcb-1.15-1	selected		gcc-13-13.3.0/libxcb-1.15-1/Os/install/lib/libxcb-randr.a
libxcb-randr.a	libxcb	current	clang-14-14.0.6	O0	libxcb-1.15-1	selected		clang-14-14.0.6/libxcb-1.15-1/O0/install/lib/libxcb-randr.a
libxcb-randr.a	libxcb	current	clang-14-14.0.6	O2	libxcb-1.15-1	selected		clang-14-14.0.6/libxcb-1.15-1/O2/install/lib/libxcb-randr.a
libxcb-randr.a	libxcb	current	clang-14-14.0.6	O3	libxcb-1.15-1	selected		clang-14-14.0.6/libxcb-1.15-1/O3/install/lib/libxcb-randr.a
libxcb-randr.a	libxcb	current	clang-14-14.0.6	Os	libxcb-1.15-1	selected		clang-14-14.0.6/libxcb-1.15-1/Os/install/lib/libxcb-randr.a
libxcb-randr.a	libxcb	current	clang-18-18.1.3	O0	libxcb-1.15-1	selected		clang-18-18.1.3/libxcb-1.15-1/O0/install/lib/libxcb-randr.a
libxcb-randr.a	libxcb	current	clang-18-18.1.3	O2	libxcb-1.15-1	selected		clang-18-18.1.3/libxcb-1.15-1/O2/install/lib/libxcb-randr.a
libxcb-randr.a	libxcb	current	clang-18-18.1.3	O3	libxcb-1.15-1	selected		clang-18-18.1.3/libxcb-1.15-1/O3/install/lib/libxcb-randr.a
libxcb-randr.a	libxcb	current	clang-18-18.1.3	Os	libxcb-1.15-1	selected		clang-18-18.1.3/libxcb-1.15-1/Os/install/lib/libxcb-randr.a
libxcb-randr.a	libxcb	minor-alternative	gcc-13-13.3.0	O0	libxcb-1.14-3	selected		gcc-13-13.3.0/libxcb-1.14-3/O0/install/lib/libxcb-randr.a
libxcb-randr.a	libxcb	minor-alternative	gcc-13-13.3.0	O2	libxcb-1.14-3	selected		gcc-13-13.3.0/libxcb-1.14-3/O2/install/lib/libxcb-randr.a
libxcb-randr.a	libxcb	minor-alternative	gcc-13-13.3.0	O3	libxcb-1.14-3	selected		gcc-13-13.3.0/libxcb-1.14-3/O3/install/lib/libxcb-randr.a
libxcb-randr.a	libxcb	minor-alternative	gcc-13-13.3.0	Os	libxcb-1.14-3	selected		gcc-13-13.3.0/libxcb-1.14-3/Os/install/lib/libxcb-randr.a
libxcb-randr.a	libxcb	minor-alternative	clang-18-18.1.3	O0	libxcb-1.14-3	selected		clang-18-18.1.3/libxcb-1.14-3/O0/install/lib/libxcb-randr.a
libxcb-randr.a	libxcb	minor-alternative	clang-18-18.1.3	O2	libxcb-1.14-3	selected		clang-18-18.1.3/libxcb-1.14-3/O2/install/lib/libxcb-randr.a
libxcb-randr.a	libxcb	minor-alternative	clang-18-18.1.3	O3	libxcb-1.14-3	selected		clang-18-18.1.3/libxcb-1.14-3/O3/install/lib/libxcb-randr.a
libxcb-randr.a	libxcb	minor-alternative	clang-18-18.1.3	Os	libxcb-1.14-3	selected		clang-18-18.1.3/libxcb-1.14-3/Os/install/lib/libxcb-randr.a
libxcb-randr.a	libxcb	major-alternative	gcc-13-13.3.0	O0	libxcb-0.9.92-1	selected		gcc-13-13.3.0/libxcb-0.9.92-1/O0/install/lib/libxcb-randr.a
libxcb-randr.a	libxcb	major-alternative	gcc-13-13.3.0	O2	libxcb-0.9.92-1	selected		gcc-13-13.3.0/libxcb-0.9.92-1/O2/install/lib/libxcb-randr.a
libxcb-randr.a	libxcb	major-alternative	gcc-13-13.3.0	O3	libxcb-0.9.92-1	selected		gcc-13-13.3.0/libxcb-0.9.92-1/O3/install/lib/libxcb-randr.a
libxcb-randr.a	libxcb	major-alternative	gcc-13-13.3.0	Os	libxcb-0.9.92-1	selected		gcc-13-13.3.0/libxcb-0.9.92-1/Os/install/lib/libxcb-randr.a
libxcb-randr.a	libxcb	major-alternative	clang-18-18.1.3	O0	libxcb-0.9.92-1	selected		clang-18-18.1.3/libxcb-0.9.92-1/O0/install/lib/libxcb-randr.a
libxcb-randr.a	libxcb	major-alternative	clang-18-18.1.3	O2	libxcb-0.9.92-1	selected		clang-18-18.1.3/libxcb-0.9.92-1/O2/install/lib/libxcb-randr.a
libxcb-randr.a	libxcb	major-alternative	clang-18-18.1.3	O3	libxcb-0.9.92-1	selected		clang-18-18.1.3/libxcb-0.9.92-1/O3/install/lib/libxcb-randr.a
libxcb-randr.a	libxcb	major-alternative	clang-18-18.1.3	Os	libxcb-0.9.92-1	selected		clang-18-18.1.3/libxcb-0.9.92-1/Os/install/lib/libxcb-randr.a
libxcb-record.a	libxcb	current	gcc-11-11.5.0	O0	libxcb-1.15-1	selected		gcc-11-11.5.0/libxcb-1.15-1/O0/install/lib/libxcb-record.a
libxcb-record.a	libxcb	current	gcc-11-11.5.0	O2	libxcb-1.15-1	selected		gcc-11-11.5.0/libxcb-1.15-1/O2/install/lib/libxcb-record.a
libxcb-record.a	libxcb	current	gcc-11-11.5.0	O3	libxcb-1.15-1	selected		gcc-11-11.5.0/libxcb-1.15-1/O3/install/lib/libxcb-record.a
libxcb-record.a	libxcb	current	gcc-11-11.5.0	Os	libxcb-1.15-1	selected		gcc-11-11.5.0/libxcb-1.15-1/Os/install/lib/libxcb-record.a
libxcb-record.a	libxcb	current	gcc-13-13.3.0	O0	libxcb-1.15-1	selected		gcc-13-13.3.0/libxcb-1.15-1/O0/install/lib/libxcb-record.a
libxcb-record.a	libxcb	current	gcc-13-13.3.0	O2	libxcb-1.15-1	selected		gcc-13-13.3.0/libxcb-1.15-1/O2/install/lib/libxcb-record.a
libxcb-record.a	libxcb	current	gcc-13-13.3.0	O3	libxcb-1.15-1	selected		gcc-13-13.3.0/libxcb-1.15-1/O3/install/lib/libxcb-record.a
libxcb-record.a	libxcb	current	gcc-13-13.3.0	Os	libxcb-1.15-1	selected		gcc-13-13.3.0/libxcb-1.15-1/Os/install/lib/libxcb-record.a
libxcb-record.a	libxcb	current	clang-14-14.0.6	O0	libxcb-1.15-1	selected		clang-14-14.0.6/libxcb-1.15-1/O0/install/lib/libxcb-record.a
libxcb-record.a	libxcb	current	clang-14-14.0.6	O2	libxcb-1.15-1	selected		clang-14-14.0.6/libxcb-1.15-1/O2/install/lib/libxcb-record.a
libxcb-record.a	libxcb	current	clang-14-14.0.6	O3	libxcb-1.15-1	selected		clang-14-14.0.6/libxcb-1.15-1/O3/install/lib/libxcb-record.a
libxcb-record.a	libxcb	current	clang-14-14.0.6	Os	libxcb-1.15-1	selected		clang-14-14.0.6/libxcb-1.15-1/Os/install/lib/libxcb-record.a
libxcb-record.a	libxcb	current	clang-18-18.1.3	O0	libxcb-1.15-1	selected		clang-18-18.1.3/libxcb-1.15-1/O0/install/lib/libxcb-record.a
libxcb-record.a	libxcb	current	clang-18-18.1.3	O2	libxcb-1.15-1	selected		clang-18-18.1.3/libxcb-1.15-1/O2/install/lib/libxcb-record.a
libxcb-record.a	libxcb	current	clang-18-18.1.3	O3	libxcb-1.15-1	selected		clang-18-18.1.3/libxcb-1.15-1/O3/install/lib/libxcb-record.a
libxcb-record.a	libxcb	current	clang-18-18.1.3	Os	libxcb-1.15-1	selected		clang-18-18.1.3/libxcb-1.15-1/Os/install/lib/libxcb-record.a
libxcb-record.a	libxcb	minor-alternative	gcc-13-13.3.0	O0	libxcb-1.14-3	selected		gcc-13-13.3.0/libxcb-1.14-3/O0/install/lib/libxcb-record.a
libxcb-record.a	libxcb	minor-alternative	gcc-13-13.3.0	O2	libxcb-1.14-3	selected		gcc-13-13.3.0/libxcb-1.14-3/O2/install/lib/libxcb-record.a
libxcb-record.a	libxcb	minor-alternative	gcc-13-13.3.0	O3	libxcb-1.14-3	selected		gcc-13-13.3.0/libxcb-1.14-3/O3/install/lib/libxcb-record.a
libxcb-record.a	libxcb	minor-alternative	gcc-13-13.3.0	Os	libxcb-1.14-3	selected		gcc-13-13.3.0/libxcb-1.14-3/Os/install/lib/libxcb-record.a
libxcb-record.a	libxcb	minor-alternative	clang-18-18.1.3	O0	libxcb-1.14-3	selected		clang-18-18.1.3/libxcb-1.14-3/O0/install/lib/libxcb-record.a
libxcb-record.a	libxcb	minor-alternative	clang-18-18.1.3	O2	libxcb-1.14-3	selected		clang-18-18.1.3/libxcb-1.14-3/O2/install/lib/libxcb-record.a
libxcb-record.a	libxcb	minor-alternative	clang-18-18.1.3	O3	libxcb-1.14-3	selected		clang-18-18.1.3/libxcb-1.14-3/O3/install/lib/libxcb-record.a
libxcb-record.a	libxcb	minor-alternative	clang-18-18.1.3	Os	libxcb-1.14-3	selected		clang-18-18.1.3/libxcb-1.14-3/Os/install/lib/libxcb-record.a
libxcb-record.a	libxcb	major-alternative	gcc-13-13.3.0	O0	libxcb-0.9.92-1	selected		gcc-13-13.3.0/libxcb-0.9.92-1/O0/install/lib/libxcb-record.a
libxcb-record.a	libxcb	major-alternative	gcc-13-13.3.0	O2	libxcb-0.9.92-1	selected		gcc-13-13.3.0/libxcb-0.9.92-1/O2/install/lib/libxcb-record.a
libxcb-record.a	libxcb	major-alternative	gcc-13-13.3.0	O3	libxcb-0.9.92-1	selected		gcc-13-13.3.0/libxcb-0.9.92-1/O3/install/lib/libxcb-record.a
libxcb-record.a	libxcb	major-alternative	gcc-13-13.3.0	Os	libxcb-0.9.92-1	selected		gcc-13-13.3.0/libxcb-0.9.92-1/Os/install/lib/libxcb-record.a
libxcb-record.a	libxcb	major-alternative	clang-18-18.1.3	O0	libxcb-0.9.92-1	selected		clang-18-18.1.3/libxcb-0.9.92-1/O0/install/lib/libxcb-record.a
libxcb-record.a	libxcb	major-alternative	clang-18-18.1.3	O2	libxcb-0.9.92-1	selected		clang-18-18.1.3/libxcb-0.9.92-1/O2/install/lib/libxcb-record.a
libxcb-record.a	libxcb	major-alternative	clang-18-18.1.3	O3	libxcb-0.9.92-1	selected		clang-18-18.1.3/libxcb-0.9.92-1/O3/install/lib/libxcb-record.a
libxcb-record.a	libxcb	major-alternative	clang-18-18.1.3	Os	libxcb-0.9.92-1	selected		clang-18-18.1.3/libxcb-0.9.92-1/Os/install/lib/libxcb-record.a
libxcb-render.a	libxcb	current	gcc-11-11.5.0	O0	libxcb-1.15-1	selected		gcc-11-11.5.0/libxcb-1.15-1/O0/install/lib/libxcb-render.a
libxcb-render.a	libxcb	current	gcc-11-11.5.0	O2	libxcb-1.15-1	selected		gcc-11-11.5.0/libxcb-1.15-1/O2/install/lib/libxcb-render.a
libxcb-render.a	libxcb	current	gcc-11-11.5.0	O3	libxcb-1.15-1	selected		gcc-11-11.5.0/libxcb-1.15-1/O3/install/lib/libxcb-render.a
libxcb-render.a	libxcb	current	gcc-11-11.5.0	Os	libxcb-1.15-1	selected		gcc-11-11.5.0/libxcb-1.15-1/Os/install/lib/libxcb-render.a
libxcb-render.a	libxcb	current	gcc-13-13.3.0	O0	libxcb-1.15-1	selected		gcc-13-13.3.0/libxcb-1.15-1/O0/install/lib/libxcb-render.a
libxcb-render.a	libxcb	current	gcc-13-13.3.0	O2	libxcb-1.15-1	selected		gcc-13-13.3.0/libxcb-1.15-1/O2/install/lib/libxcb-render.a
libxcb-render.a	libxcb	current	gcc-13-13.3.0	O3	libxcb-1.15-1	selected		gcc-13-13.3.0/libxcb-1.15-1/O3/install/lib/libxcb-render.a
libxcb-render.a	libxcb	current	gcc-13-13.3.0	Os	libxcb-1.15-1	selected		gcc-13-13.3.0/libxcb-1.15-1/Os/install/lib/libxcb-render.a
libxcb-render.a	libxcb	current	clang-14-14.0.6	O0	libxcb-1.15-1	selected		clang-14-14.0.6/libxcb-1.15-1/O0/install/lib/libxcb-render.a
libxcb-render.a	libxcb	current	clang-14-14.0.6	O2	libxcb-1.15-1	selected		clang-14-14.0.6/libxcb-1.15-1/O2/install/lib/libxcb-render.a
libxcb-render.a	libxcb	current	clang-14-14.0.6	O3	libxcb-1.15-1	selected		clang-14-14.0.6/libxcb-1.15-1/O3/install/lib/libxcb-render.a
libxcb-render.a	libxcb	current	clang-14-14.0.6	Os	libxcb-1.15-1	selected		clang-14-14.0.6/libxcb-1.15-1/Os/install/lib/libxcb-render.a
libxcb-render.a	libxcb	current	clang-18-18.1.3	O0	libxcb-1.15-1	selected		clang-18-18.1.3/libxcb-1.15-1/O0/install/lib/libxcb-render.a
libxcb-render.a	libxcb	current	clang-18-18.1.3	O2	libxcb-1.15-1	selected		clang-18-18.1.3/libxcb-1.15-1/O2/install/lib/libxcb-render.a
libxcb-render.a	libxcb	current	clang-18-18.1.3	O3	libxcb-1.15-1	selected		clang-18-18.1.3/libxcb-1.15-1/O3/install/lib/libxcb-render.a
libxcb-render.a	libxcb	current	clang-18-18.1.3	Os	libxcb-1.15-1	selected		clang-18-18.1.3/libxcb-1.15-1/Os/install/lib/libxcb-render.a
libxcb-render.a	libxcb	minor-alternative	gcc-13-13.3.0	O0	libxcb-1.14-3	selected		gcc-13-13.3.0/libxcb-1.14-3/O0/install/lib/libxcb-render.a
libxcb-render.a	libxcb	minor-alternative	gcc-13-13.3.0	O2	libxcb-1.14-3	selected		gcc-13-13.3.0/libxcb-1.14-3/O2/install/lib/libxcb-render.a
libxcb-render.a	libxcb	minor-alternative	gcc-13-13.3.0	O3	libxcb-1.14-3	selected		gcc-13-13.3.0/libxcb-1.14-3/O3/install/lib/libxcb-render.a
libxcb-render.a	libxcb	minor-alternative	gcc-13-13.3.0	Os	libxcb-1.14-3	selected		gcc-13-13.3.0/libxcb-1.14-3/Os/install/lib/libxcb-render.a
libxcb-render.a	libxcb	minor-alternative	clang-18-18.1.3	O0	libxcb-1.14-3	selected		clang-18-18.1.3/libxcb-1.14-3/O0/install/lib/libxcb-render.a
libxcb-render.a	libxcb	minor-alternative	clang-18-18.1.3	O2	libxcb-1.14-3	selected		clang-18-18.1.3/libxcb-1.14-3/O2/install/lib/libxcb-render.a
libxcb-render.a	libxcb	minor-alternative	clang-18-18.1.3	O3	libxcb-1.14-3	selected		clang-18-18.1.3/libxcb-1.14-3/O3/install/lib/libxcb-render.a
libxcb-render.a	libxcb	minor-alternative	clang-18-18.1.3	Os	libxcb-1.14-3	selected		clang-18-18.1.3/libxcb-1.14-3/Os/install/lib/libxcb-render.a
libxcb-render.a	libxcb	major-alternative	gcc-13-13.3.0	O0	libxcb-0.9.92-1	selected		gcc-13-13.3.0/libxcb-0.9.92-1/O0/install/lib/libxcb-render.a
libxcb-render.a	libxcb	major-alternative	gcc-13-13.3.0	O2	libxcb-0.9.92-1	selected		gcc-13-13.3.0/libxcb-0.9.92-1/O2/install/lib/libxcb-render.a
libxcb-render.a	libxcb	major-alternative	gcc-13-13.3.0	O3	libxcb-0.9.92-1	selected		gcc-13-13.3.0/libxcb-0.9.92-1/O3/install/lib/libxcb-render.a
libxcb-render.a	libxcb	major-alternative	gcc-13-13.3.0	Os	libxcb-0.9.92-1	selected		gcc-13-13.3.0/libxcb-0.9.92-1/Os/install/lib/libxcb-render.a
libxcb-render.a	libxcb	major-alternative	clang-18-18.1.3	O0	libxcb-0.9.92-1	selected		clang-18-18.1.3/libxcb-0.9.92-1/O0/install/lib/libxcb-render.a
libxcb-render.a	libxcb	major-alternative	clang-18-18.1.3	O2	libxcb-0.9.92-1	selected		clang-18-18.1.3/libxcb-0.9.92-1/O2/install/lib/libxcb-render.a
libxcb-render.a	libxcb	major-alternative	clang-18-18.1.3	O3	libxcb-0.9.92-1	selected		clang-18-18.1.3/libxcb-0.9.92-1/O3/install/lib/libxcb-render.a
libxcb-render.a	libxcb	major-alternative	clang-18-18.1.3	Os	libxcb-0.9.92-1	selected		clang-18-18.1.3/libxcb-0.9.92-1/Os/install/lib/libxcb-render.a
libxcb-res.a	libxcb	current	gcc-11-11.5.0	O0	libxcb-1.15-1	selected		gcc-11-11.5.0/libxcb-1.15-1/O0/install/lib/libxcb-res.a
libxcb-res.a	libxcb	current	gcc-11-11.5.0	O2	libxcb-1.15-1	selected		gcc-11-11.5.0/libxcb-1.15-1/O2/install/lib/libxcb-res.a
libxcb-res.a	libxcb	current	gcc-11-11.5.0	O3	libxcb-1.15-1	selected		gcc-11-11.5.0/libxcb-1.15-1/O3/install/lib/libxcb-res.a
libxcb-res.a	libxcb	current	gcc-11-11.5.0	Os	libxcb-1.15-1	selected		gcc-11-11.5.0/libxcb-1.15-1/Os/install/lib/libxcb-res.a
libxcb-res.a	libxcb	current	gcc-13-13.3.0	O0	libxcb-1.15-1	selected		gcc-13-13.3.0/libxcb-1.15-1/O0/install/lib/libxcb-res.a
libxcb-res.a	libxcb	current	gcc-13-13.3.0	O2	libxcb-1.15-1	selected		gcc-13-13.3.0/libxcb-1.15-1/O2/install/lib/libxcb-res.a
libxcb-res.a	libxcb	current	gcc-13-13.3.0	O3	libxcb-1.15-1	selected		gcc-13-13.3.0/libxcb-1.15-1/O3/install/lib/libxcb-res.a
libxcb-res.a	libxcb	current	gcc-13-13.3.0	Os	libxcb-1.15-1	selected		gcc-13-13.3.0/libxcb-1.15-1/Os/install/lib/libxcb-res.a
libxcb-res.a	libxcb	current	clang-14-14.0.6	O0	libxcb-1.15-1	selected		clang-14-14.0.6/libxcb-1.15-1/O0/install/lib/libxcb-res.a
libxcb-res.a	libxcb	current	clang-14-14.0.6	O2	libxcb-1.15-1	selected		clang-14-14.0.6/libxcb-1.15-1/O2/install/lib/libxcb-res.a
libxcb-res.a	libxcb	current	clang-14-14.0.6	O3	libxcb-1.15-1	selected		clang-14-14.0.6/libxcb-1.15-1/O3/install/lib/libxcb-res.a
libxcb-res.a	libxcb	current	clang-14-14.0.6	Os	libxcb-1.15-1	selected		clang-14-14.0.6/libxcb-1.15-1/Os/install/lib/libxcb-res.a
libxcb-res.a	libxcb	current	clang-18-18.1.3	O0	libxcb-1.15-1	selected		clang-18-18.1.3/libxcb-1.15-1/O0/install/lib/libxcb-res.a
libxcb-res.a	libxcb	current	clang-18-18.1.3	O2	libxcb-1.15-1	selected		clang-18-18.1.3/libxcb-1.15-1/O2/install/lib/libxcb-res.a
libxcb-res.a	libxcb	current	clang-18-18.1.3	O3	libxcb-1.15-1	selected		clang-18-18.1.3/libxcb-1.15-1/O3/install/lib/libxcb-res.a
libxcb-res.a	libxcb	current	clang-18-18.1.3	Os	libxcb-1.15-1	selected		clang-18-18.1.3/libxcb-1.15-1/Os/install/lib/libxcb-res.a
libxcb-res.a	libxcb	minor-alternative	gcc-13-13.3.0	O0	libxcb-1.14-3	selected		gcc-13-13.3.0/libxcb-1.14-3/O0/install/lib/libxcb-res.a
libxcb-res.a	libxcb	minor-alternative	gcc-13-13.3.0	O2	libxcb-1.14-3	selected		gcc-13-13.3.0/libxcb-1.14-3/O2/install/lib/libxcb-res.a
libxcb-res.a	libxcb	minor-alternative	gcc-13-13.3.0	O3	libxcb-1.14-3	selected		gcc-13-13.3.0/libxcb-1.14-3/O3/install/lib/libxcb-res.a
libxcb-res.a	libxcb	minor-alternative	gcc-13-13.3.0	Os	libxcb-1.14-3	selected		gcc-13-13.3.0/libxcb-1.14-3/Os/install/lib/libxcb-res.a
libxcb-res.a	libxcb	minor-alternative	clang-18-18.1.3	O0	libxcb-1.14-3	selected		clang-18-18.1.3/libxcb-1.14-3/O0/install/lib/libxcb-res.a
libxcb-res.a	libxcb	minor-alternative	clang-18-18.1.3	O2	libxcb-1.14-3	selected		clang-18-18.1.3/libxcb-1.14-3/O2/install/lib/libxcb-res.a
libxcb-res.a	libxcb	minor-alternative	clang-18-18.1.3	O3	libxcb-1.14-3	selected		clang-18-18.1.3/libxcb-1.14-3/O3/install/lib/libxcb-res.a
libxcb-res.a	libxcb	minor-alternative	clang-18-18.1.3	Os	libxcb-1.14-3	selected		clang-18-18.1.3/libxcb-1.14-3/Os/install/lib/libxcb-res.a
libxcb-res.a	libxcb	major-alternative	gcc-13-13.3.0	O0	libxcb-0.9.92-1	selected		gcc-13-13.3.0/libxcb-0.9.92-1/O0/install/lib/libxcb-res.a
libxcb-res.a	libxcb	major-alternative	gcc-13-13.3.0	O2	libxcb-0.9.92-1	selected		gcc-13-13.3.0/libxcb-0.9.92-1/O2/install/lib/libxcb-res.a
libxcb-res.a	libxcb	major-alternative	gcc-13-13.3.0	O3	libxcb-0.9.92-1	selected		gcc-13-13.3.0/libxcb-0.9.92-1/O3/install/lib/libxcb-res.a
libxcb-res.a	libxcb	major-alternative	gcc-13-13.3.0	Os	libxcb-0.9.92-1	selected		gcc-13-13.3.0/libxcb-0.9.92-1/Os/install/lib/libxcb-res.a
libxcb-res.a	libxcb	major-alternative	clang-18-18.1.3	O0	libxcb-0.9.92-1	selected		clang-18-18.1.3/libxcb-0.9.92-1/O0/install/lib/libxcb-res.a
libxcb-res.a	libxcb	major-alternative	clang-18-18.1.3	O2	libxcb-0.9.92-1	selected		clang-18-18.1.3/libxcb-0.9.92-1/O2/install/lib/libxcb-res.a
libxcb-res.a	libxcb	major-alternative	clang-18-18.1.3	O3	libxcb-0.9.92-1	selected		clang-18-18.1.3/libxcb-0.9.92-1/O3/install/lib/libxcb-res.a
libxcb-res.a	libxcb	major-alternative	clang-18-18.1.3	Os	libxcb-0.9.92-1	selected		clang-18-18.1.3/libxcb-0.9.92-1/Os/install/lib/libxcb-res.a
libxcb-screensaver.a	libxcb	current	gcc-11-11.5.0	O0	libxcb-1.15-1	selected		gcc-11-11.5.0/libxcb-1.15-1/O0/install/lib/libxcb-screensaver.a
libxcb-screensaver.a	libxcb	current	gcc-11-11.5.0	O2	libxcb-1.15-1	selected		gcc-11-11.5.0/libxcb-1.15-1/O2/install/lib/libxcb-screensaver.a
libxcb-screensaver.a	libxcb	current	gcc-11-11.5.0	O3	libxcb-1.15-1	selected		gcc-11-11.5.0/libxcb-1.15-1/O3/install/lib/libxcb-screensaver.a
libxcb-screensaver.a	libxcb	current	gcc-11-11.5.0	Os	libxcb-1.15-1	selected		gcc-11-11.5.0/libxcb-1.15-1/Os/install/lib/libxcb-screensaver.a
libxcb-screensaver.a	libxcb	current	gcc-13-13.3.0	O0	libxcb-1.15-1	selected		gcc-13-13.3.0/libxcb-1.15-1/O0/install/lib/libxcb-screensaver.a
libxcb-screensaver.a	libxcb	current	gcc-13-13.3.0	O2	libxcb-1.15-1	selected		gcc-13-13.3.0/libxcb-1.15-1/O2/install/lib/libxcb-screensaver.a
libxcb-screensaver.a	libxcb	current	gcc-13-13.3.0	O3	libxcb-1.15-1	selected		gcc-13-13.3.0/libxcb-1.15-1/O3/install/lib/libxcb-screensaver.a
libxcb-screensaver.a	libxcb	current	gcc-13-13.3.0	Os	libxcb-1.15-1	selected		gcc-13-13.3.0/libxcb-1.15-1/Os/install/lib/libxcb-screensaver.a
libxcb-screensaver.a	libxcb	current	clang-14-14.0.6	O0	libxcb-1.15-1	selected		clang-14-14.0.6/libxcb-1.15-1/O0/install/lib/libxcb-screensaver.a
libxcb-screensaver.a	libxcb	current	clang-14-14.0.6	O2	libxcb-1.15-1	selected		clang-14-14.0.6/libxcb-1.15-1/O2/install/lib/libxcb-screensaver.a
libxcb-screensaver.a	libxcb	current	clang-14-14.0.6	O3	libxcb-1.15-1	selected		clang-14-14.0.6/libxcb-1.15-1/O3/install/lib/libxcb-screensaver.a
libxcb-screensaver.a	libxcb	current	clang-14-14.0.6	Os	libxcb-1.15-1	selected		clang-14-14.0.6/libxcb-1.15-1/Os/install/lib/libxcb-screensaver.a
libxcb-screensaver.a	libxcb	current	clang-18-18.1.3	O0	libxcb-1.15-1	selected		clang-18-18.1.3/libxcb-1.15-1/O0/install/lib/libxcb-screensaver.a
libxcb-screensaver.a	libxcb	current	clang-18-18.1.3	O2	libxcb-1.15-1	selected		clang-18-18.1.3/libxcb-1.15-1/O2/install/lib/libxcb-screensaver.a
libxcb-screensaver.a	libxcb	current	clang-18-18.1.3	O3	libxcb-1.15-1	selected		clang-18-18.1.3/libxcb-1.15-1/O3/install/lib/libxcb-screensaver.a
libxcb-screensaver.a	libxcb	current	clang-18-18.1.3	Os	libxcb-1.15-1	selected		clang-18-18.1.3/libxcb-1.15-1/Os/install/lib/libxcb-screensaver.a
libxcb-screensaver.a	libxcb	minor-alternative	gcc-13-13.3.0	O0	libxcb-1.14-3	selected		gcc-13-13.3.0/libxcb-1.14-3/O0/install/lib/libxcb-screensaver.a
libxcb-screensaver.a	libxcb	minor-alternative	gcc-13-13.3.0	O2	libxcb-1.14-3	selected		gcc-13-13.3.0/libxcb-1.14-3/O2/install/lib/libxcb-screensaver.a
libxcb-screensaver.a	libxcb	minor-alternative	gcc-13-13.3.0	O3	libxcb-1.14-3	selected		gcc-13-13.3.0/libxcb-1.14-3/O3/install/lib/libxcb-screensaver.a
libxcb-screensaver.a	libxcb	minor-alternative	gcc-13-13.3.0	Os	libxcb-1.14-3	selected		gcc-13-13.3.0/libxcb-1.14-3/Os/install/lib/libxcb-screensaver.a
libxcb-screensaver.a	libxcb	minor-alternative	clang-18-18.1.3	O0	libxcb-1.14-3	selected		clang-18-18.1.3/libxcb-1.14-3/O0/install/lib/libxcb-screensaver.a
libxcb-screensaver.a	libxcb	minor-alternative	clang-18-18.1.3	O2	libxcb-1.14-3	selected		clang-18-18.1.3/libxcb-1.14-3/O2/install/lib/libxcb-screensaver.a
libxcb-screensaver.a	libxcb	minor-alternative	clang-18-18.1.3	O3	libxcb-1.14-3	selected		clang-18-18.1.3/libxcb-1.14-3/O3/install/lib/libxcb-screensaver.a
libxcb-screensaver.a	libxcb	minor-alternative	clang-18-18.1.3	Os	libxcb-1.14-3	selected		clang-18-18.1.3/libxcb-1.14-3/Os/install/lib/libxcb-screensaver.a
libxcb-screensaver.a	libxcb	major-alternative	gcc-13-13.3.0	O0	libxcb-0.9.92-1	selected		gcc-13-13.3.0/libxcb-0.9.92-1/O0/install/lib/libxcb-screensaver.a
libxcb-screensaver.a	libxcb	major-alternative	gcc-13-13.3.0	O2	libxcb-0.9.92-1	selected		gcc-13-13.3.0/libxcb-0.9.92-1/O2/install/lib/libxcb-screensaver.a
libxcb-screensaver.a	libxcb	major-alternative	gcc-13-13.3.0	O3	libxcb-0.9.92-1	selected		gcc-13-13.3.0/libxcb-0.9.92-1/O3/install/lib/libxcb-screensaver.a
libxcb-screensaver.a	libxcb	major-alternative	gcc-13-13.3.0	Os	libxcb-0.9.92-1	selected		gcc-13-13.3.0/libxcb-0.9.92-1/Os/install/lib/libxcb-screensaver.a
libxcb-screensaver.a	libxcb	major-alternative	clang-18-18.1.3	O0	libxcb-0.9.92-1	selected		clang-18-18.1.3/libxcb-0.9.92-1/O0/install/lib/libxcb-screensaver.a
libxcb-screensaver.a	libxcb	major-alternative	clang-18-18.1.3	O2	libxcb-0.9.92-1	selected		clang-18-18.1.3/libxcb-0.9.92-1/O2/install/lib/libxcb-screensaver.a
libxcb-screensaver.a	libxcb	major-alternative	clang-18-18.1.3	O3	libxcb-0.9.92-1	selected		clang-18-18.1.3/libxcb-0.9.92-1/O3/install/lib/libxcb-screensaver.a
libxcb-screensaver.a	libxcb	major-alternative	clang-18-18.1.3	Os	libxcb-0.9.92-1	selected		clang-18-18.1.3/libxcb-0.9.92-1/Os/install/lib/libxcb-screensaver.a
libxcb-shape.a	libxcb	current	gcc-11-11.5.0	O0	libxcb-1.15-1	selected		gcc-11-11.5.0/libxcb-1.15-1/O0/install/lib/libxcb-shape.a
libxcb-shape.a	libxcb	current	gcc-11-11.5.0	O2	libxcb-1.15-1	selected		gcc-11-11.5.0/libxcb-1.15-1/O2/install/lib/libxcb-shape.a
libxcb-shape.a	libxcb	current	gcc-11-11.5.0	O3	libxcb-1.15-1	selected		gcc-11-11.5.0/libxcb-1.15-1/O3/install/lib/libxcb-shape.a
libxcb-shape.a	libxcb	current	gcc-11-11.5.0	Os	libxcb-1.15-1	selected		gcc-11-11.5.0/libxcb-1.15-1/Os/install/lib/libxcb-shape.a
libxcb-shape.a	libxcb	current	gcc-13-13.3.0	O0	libxcb-1.15-1	selected		gcc-13-13.3.0/libxcb-1.15-1/O0/install/lib/libxcb-shape.a
libxcb-shape.a	libxcb	current	gcc-13-13.3.0	O2	libxcb-1.15-1	selected		gcc-13-13.3.0/libxcb-1.15-1/O2/install/lib/libxcb-shape.a
libxcb-shape.a	libxcb	current	gcc-13-13.3.0	O3	libxcb-1.15-1	selected		gcc-13-13.3.0/libxcb-1.15-1/O3/install/lib/libxcb-shape.a
libxcb-shape.a	libxcb	current	gcc-13-13.3.0	Os	libxcb-1.15-1	selected		gcc-13-13.3.0/libxcb-1.15-1/Os/install/lib/libxcb-shape.a
libxcb-shape.a	libxcb	current	clang-14-14.0.6	O0	libxcb-1.15-1	selected		clang-14-14.0.6/libxcb-1.15-1/O0/install/lib/libxcb-shape.a
libxcb-shape.a	libxcb	current	clang-14-14.0.6	O2	libxcb-1.15-1	selected		clang-14-14.0.6/libxcb-1.15-1/O2/install/lib/libxcb-shape.a
libxcb-shape.a	libxcb	current	clang-14-14.0.6	O3	libxcb-1.15-1	selected		clang-14-14.0.6/libxcb-1.15-1/O3/install/lib/libxcb-shape.a
libxcb-shape.a	libxcb	current	clang-14-14.0.6	Os	libxcb-1.15-1	selected		clang-14-14.0.6/libxcb-1.15-1/Os/install/lib/libxcb-shape.a
libxcb-shape.a	libxcb	current	clang-18-18.1.3	O0	libxcb-1.15-1	selected		clang-18-18.1.3/libxcb-1.15-1/O0/install/lib/libxcb-shape.a
libxcb-shape.a	libxcb	current	clang-18-18.1.3	O2	libxcb-1.15-1	selected		clang-18-18.1.3/libxcb-1.15-1/O2/install/lib/libxcb-shape.a
libxcb-shape.a	libxcb	current	clang-18-18.1.3	O3	libxcb-1.15-1	selected		clang-18-18.1.3/libxcb-1.15-1/O3/install/lib/libxcb-shape.a
libxcb-shape.a	libxcb	current	clang-18-18.1.3	Os	libxcb-1.15-1	selected		clang-18-18.1.3/libxcb-1.15-1/Os/install/lib/libxcb-shape.a
libxcb-shape.a	libxcb	minor-alternative	gcc-13-13.3.0	O0	libxcb-1.14-3	selected		gcc-13-13.3.0/libxcb-1.14-3/O0/install/lib/libxcb-shape.a
libxcb-shape.a	libxcb	minor-alternative	gcc-13-13.3.0	O2	libxcb-1.14-3	selected		gcc-13-13.3.0/libxcb-1.14-3/O2/install/lib/libxcb-shape.a
libxcb-shape.a	libxcb	minor-alternative	gcc-13-13.3.0	O3	libxcb-1.14-3	selected		gcc-13-13.3.0/libxcb-1.14-3/O3/install/lib/libxcb-shape.a
libxcb-shape.a	libxcb	minor-alternative	gcc-13-13.3.0	Os	libxcb-1.14-3	selected		gcc-13-13.3.0/libxcb-1.14-3/Os/install/lib/libxcb-shape.a
libxcb-shape.a	libxcb	minor-alternative	clang-18-18.1.3	O0	libxcb-1.14-3	selected		clang-18-18.1.3/libxcb-1.14-3/O0/install/lib/libxcb-shape.a
libxcb-shape.a	libxcb	minor-alternative	clang-18-18.1.3	O2	libxcb-1.14-3	selected		clang-18-18.1.3/libxcb-1.14-3/O2/install/lib/libxcb-shape.a
libxcb-shape.a	libxcb	minor-alternative	clang-18-18.1.3	O3	libxcb-1.14-3	selected		clang-18-18.1.3/libxcb-1.14-3/O3/install/lib/libxcb-shape.a
libxcb-shape.a	libxcb	minor-alternative	clang-18-18.1.3	Os	libxcb-1.14-3	selected		clang-18-18.1.3/libxcb-1.14-3/Os/install/lib/libxcb-shape.a
libxcb-shape.a	libxcb	major-alternative	gcc-13-13.3.0	O0	libxcb-0.9.92-1	selected		gcc-13-13.3.0/libxcb-0.9.92-1/O0/install/lib/libxcb-shape.a
libxcb-shape.a	libxcb	major-alternative	gcc-13-13.3.0	O2	libxcb-0.9.92-1	selected		gcc-13-13.3.0/libxcb-0.9.92-1/O2/install/lib/libxcb-shape.a
libxcb-shape.a	libxcb	major-alternative	gcc-13-13.3.0	O3	libxcb-0.9.92-1	selected		gcc-13-13.3.0/libxcb-0.9.92-1/O3/install/lib/libxcb-shape.a
libxcb-shape.a	libxcb	major-alternative	gcc-13-13.3.0	Os	libxcb-0.9.92-1	selected		gcc-13-13.3.0/libxcb-0.9.92-1/Os/install/lib/libxcb-shape.a
libxcb-shape.a	libxcb	major-alternative	clang-18-18.1.3	O0	libxcb-0.9.92-1	selected		clang-18-18.1.3/libxcb-0.9.92-1/O0/install/lib/libxcb-shape.a
libxcb-shape.a	libxcb	major-alternative	clang-18-18.1.3	O2	libxcb-0.9.92-1	selected		clang-18-18.1.3/libxcb-0.9.92-1/O2/install/lib/libxcb-shape.a
libxcb-shape.a	libxcb	major-alternative	clang-18-18.1.3	O3	libxcb-0.9.92-1	selected		clang-18-18.1.3/libxcb-0.9.92-1/O3/install/lib/libxcb-shape.a
libxcb-shape.a	libxcb	major-alternative	clang-18-18.1.3	Os	libxcb-0.9.92-1	selected		clang-18-18.1.3/libxcb-0.9.92-1/Os/install/lib/libxcb-shape.a
libxcb-shm.a	libxcb	current	gcc-11-11.5.0	O0	libxcb-1.15-1	selected		gcc-11-11.5.0/libxcb-1.15-1/O0/install/lib/libxcb-shm.a
libxcb-shm.a	libxcb	current	gcc-11-11.5.0	O2	libxcb-1.15-1	selected		gcc-11-11.5.0/libxcb-1.15-1/O2/install/lib/libxcb-shm.a
libxcb-shm.a	libxcb	current	gcc-11-11.5.0	O3	libxcb-1.15-1	selected		gcc-11-11.5.0/libxcb-1.15-1/O3/install/lib/libxcb-shm.a
libxcb-shm.a	libxcb	current	gcc-11-11.5.0	Os	libxcb-1.15-1	selected		gcc-11-11.5.0/libxcb-1.15-1/Os/install/lib/libxcb-shm.a
libxcb-shm.a	libxcb	current	gcc-13-13.3.0	O0	libxcb-1.15-1	selected		gcc-13-13.3.0/libxcb-1.15-1/O0/install/lib/libxcb-shm.a
libxcb-shm.a	libxcb	current	gcc-13-13.3.0	O2	libxcb-1.15-1	selected		gcc-13-13.3.0/libxcb-1.15-1/O2/install/lib/libxcb-shm.a
libxcb-shm.a	libxcb	current	gcc-13-13.3.0	O3	libxcb-1.15-1	selected		gcc-13-13.3.0/libxcb-1.15-1/O3/install/lib/libxcb-shm.a
libxcb-shm.a	libxcb	current	gcc-13-13.3.0	Os	libxcb-1.15-1	selected		gcc-13-13.3.0/libxcb-1.15-1/Os/install/lib/libxcb-shm.a
libxcb-shm.a	libxcb	current	clang-14-14.0.6	O0	libxcb-1.15-1	selected		clang-14-14.0.6/libxcb-1.15-1/O0/install/lib/libxcb-shm.a
libxcb-shm.a	libxcb	current	clang-14-14.0.6	O2	libxcb-1.15-1	selected		clang-14-14.0.6/libxcb-1.15-1/O2/install/lib/libxcb-shm.a
libxcb-shm.a	libxcb	current	clang-14-14.0.6	O3	libxcb-1.15-1	selected		clang-14-14.0.6/libxcb-1.15-1/O3/install/lib/libxcb-shm.a
libxcb-shm.a	libxcb	current	clang-14-14.0.6	Os	libxcb-1.15-1	selected		clang-14-14.0.6/libxcb-1.15-1/Os/install/lib/libxcb-shm.a
libxcb-shm.a	libxcb	current	clang-18-18.1.3	O0	libxcb-1.15-1	selected		clang-18-18.1.3/libxcb-1.15-1/O0/install/lib/libxcb-shm.a
libxcb-shm.a	libxcb	current	clang-18-18.1.3	O2	libxcb-1.15-1	selected		clang-18-18.1.3/libxcb-1.15-1/O2/install/lib/libxcb-shm.a
libxcb-shm.a	libxcb	current	clang-18-18.1.3	O3	libxcb-1.15-1	selected		clang-18-18.1.3/libxcb-1.15-1/O3/install/lib/libxcb-shm.a
libxcb-shm.a	libxcb	current	clang-18-18.1.3	Os	libxcb-1.15-1	selected		clang-18-18.1.3/libxcb-1.15-1/Os/install/lib/libxcb-shm.a
libxcb-shm.a	libxcb	minor-alternative	gcc-13-13.3.0	O0	libxcb-1.14-3	selected		gcc-13-13.3.0/libxcb-1.14-3/O0/install/lib/libxcb-shm.a
libxcb-shm.a	libxcb	minor-alternative	gcc-13-13.3.0	O2	libxcb-1.14-3	selected		gcc-13-13.3.0/libxcb-1.14-3/O2/install/lib/libxcb-shm.a
libxcb-shm.a	libxcb	minor-alternative	gcc-13-13.3.0	O3	libxcb-1.14-3	selected		gcc-13-13.3.0/libxcb-1.14-3/O3/install/lib/libxcb-shm.a
libxcb-shm.a	libxcb	minor-alternative	gcc-13-13.3.0	Os	libxcb-1.14-3	selected		gcc-13-13.3.0/libxcb-1.14-3/Os/install/lib/libxcb-shm.a
libxcb-shm.a	libxcb	minor-alternative	clang-18-18.1.3	O0	libxcb-1.14-3	selected		clang-18-18.1.3/libxcb-1.14-3/O0/install/lib/libxcb-shm.a
libxcb-shm.a	libxcb	minor-alternative	clang-18-18.1.3	O2	libxcb-1.14-3	selected		clang-18-18.1.3/libxcb-1.14-3/O2/install/lib/libxcb-shm.a
libxcb-shm.a	libxcb	minor-alternative	clang-18-18.1.3	O3	libxcb-1.14-3	selected		clang-18-18.1.3/libxcb-1.14-3/O3/install/lib/libxcb-shm.a
libxcb-shm.a	libxcb	minor-alternative	clang-18-18.1.3	Os	libxcb-1.14-3	selected		clang-18-18.1.3/libxcb-1.14-3/Os/install/lib/libxcb-shm.a
libxcb-shm.a	libxcb	major-alternative	gcc-13-13.3.0	O0	libxcb-0.9.92-1	selected		gcc-13-13.3.0/libxcb-0.9.92-1/O0/install/lib/libxcb-shm.a
libxcb-shm.a	libxcb	major-alternative	gcc-13-13.3.0	O2	libxcb-0.9.92-1	selected		gcc-13-13.3.0/libxcb-0.9.92-1/O2/install/lib/libxcb-shm.a
libxcb-shm.a	libxcb	major-alternative	gcc-13-13.3.0	O3	libxcb-0.9.92-1	selected		gcc-13-13.3.0/libxcb-0.9.92-1/O3/install/lib/libxcb-shm.a
libxcb-shm.a	libxcb	major-alternative	gcc-13-13.3.0	Os	libxcb-0.9.92-1	selected		gcc-13-13.3.0/libxcb-0.9.92-1/Os/install/lib/libxcb-shm.a
libxcb-shm.a	libxcb	major-alternative	clang-18-18.1.3	O0	libxcb-0.9.92-1	selected		clang-18-18.1.3/libxcb-0.9.92-1/O0/install/lib/libxcb-shm.a
libxcb-shm.a	libxcb	major-alternative	clang-18-18.1.3	O2	libxcb-0.9.92-1	selected		clang-18-18.1.3/libxcb-0.9.92-1/O2/install/lib/libxcb-shm.a
libxcb-shm.a	libxcb	major-alternative	clang-18-18.1.3	O3	libxcb-0.9.92-1	selected		clang-18-18.1.3/libxcb-0.9.92-1/O3/install/lib/libxcb-shm.a
libxcb-shm.a	libxcb	major-alternative	clang-18-18.1.3	Os	libxcb-0.9.92-1	selected		clang-18-18.1.3/libxcb-0.9.92-1/Os/install/lib/libxcb-shm.a
libxcb-sync.a	libxcb	current	gcc-11-11.5.0	O0	libxcb-1.15-1	selected		gcc-11-11.5.0/libxcb-1.15-1/O0/install/lib/libxcb-sync.a
libxcb-sync.a	libxcb	current	gcc-11-11.5.0	O2	libxcb-1.15-1	selected		gcc-11-11.5.0/libxcb-1.15-1/O2/install/lib/libxcb-sync.a
libxcb-sync.a	libxcb	current	gcc-11-11.5.0	O3	libxcb-1.15-1	selected		gcc-11-11.5.0/libxcb-1.15-1/O3/install/lib/libxcb-sync.a
libxcb-sync.a	libxcb	current	gcc-11-11.5.0	Os	libxcb-1.15-1	selected		gcc-11-11.5.0/libxcb-1.15-1/Os/install/lib/libxcb-sync.a
libxcb-sync.a	libxcb	current	gcc-13-13.3.0	O0	libxcb-1.15-1	selected		gcc-13-13.3.0/libxcb-1.15-1/O0/install/lib/libxcb-sync.a
libxcb-sync.a	libxcb	current	gcc-13-13.3.0	O2	libxcb-1.15-1	selected		gcc-13-13.3.0/libxcb-1.15-1/O2/install/lib/libxcb-sync.a
libxcb-sync.a	libxcb	current	gcc-13-13.3.0	O3	libxcb-1.15-1	selected		gcc-13-13.3.0/libxcb-1.15-1/O3/install/lib/libxcb-sync.a
libxcb-sync.a	libxcb	current	gcc-13-13.3.0	Os	libxcb-1.15-1	selected		gcc-13-13.3.0/libxcb-1.15-1/Os/install/lib/libxcb-sync.a
libxcb-sync.a	libxcb	current	clang-14-14.0.6	O0	libxcb-1.15-1	selected		clang-14-14.0.6/libxcb-1.15-1/O0/install/lib/libxcb-sync.a
libxcb-sync.a	libxcb	current	clang-14-14.0.6	O2	libxcb-1.15-1	selected		clang-14-14.0.6/libxcb-1.15-1/O2/install/lib/libxcb-sync.a
libxcb-sync.a	libxcb	current	clang-14-14.0.6	O3	libxcb-1.15-1	selected		clang-14-14.0.6/libxcb-1.15-1/O3/install/lib/libxcb-sync.a
libxcb-sync.a	libxcb	current	clang-14-14.0.6	Os	libxcb-1.15-1	selected		clang-14-14.0.6/libxcb-1.15-1/Os/install/lib/libxcb-sync.a
libxcb-sync.a	libxcb	current	clang-18-18.1.3	O0	libxcb-1.15-1	selected		clang-18-18.1.3/libxcb-1.15-1/O0/install/lib/libxcb-sync.a
libxcb-sync.a	libxcb	current	clang-18-18.1.3	O2	libxcb-1.15-1	selected		clang-18-18.1.3/libxcb-1.15-1/O2/install/lib/libxcb-sync.a
libxcb-sync.a	libxcb	current	clang-18-18.1.3	O3	libxcb-1.15-1	selected		clang-18-18.1.3/libxcb-1.15-1/O3/install/lib/libxcb-sync.a
libxcb-sync.a	libxcb	current	clang-18-18.1.3	Os	libxcb-1.15-1	selected		clang-18-18.1.3/libxcb-1.15-1/Os/install/lib/libxcb-sync.a
libxcb-sync.a	libxcb	minor-alternative	gcc-13-13.3.0	O0	libxcb-1.14-3	selected		gcc-13-13.3.0/libxcb-1.14-3/O0/install/lib/libxcb-sync.a
libxcb-sync.a	libxcb	minor-alternative	gcc-13-13.3.0	O2	libxcb-1.14-3	selected		gcc-13-13.3.0/libxcb-1.14-3/O2/install/lib/libxcb-sync.a
libxcb-sync.a	libxcb	minor-alternative	gcc-13-13.3.0	O3	libxcb-1.14-3	selected		gcc-13-13.3.0/libxcb-1.14-3/O3/install/lib/libxcb-sync.a
libxcb-sync.a	libxcb	minor-alternative	gcc-13-13.3.0	Os	libxcb-1.14-3	selected		gcc-13-13.3.0/libxcb-1.14-3/Os/install/lib/libxcb-sync.a
libxcb-sync.a	libxcb	minor-alternative	clang-18-18.1.3	O0	libxcb-1.14-3	selected		clang-18-18.1.3/libxcb-1.14-3/O0/install/lib/libxcb-sync.a
libxcb-sync.a	libxcb	minor-alternative	clang-18-18.1.3	O2	libxcb-1.14-3	selected		clang-18-18.1.3/libxcb-1.14-3/O2/install/lib/libxcb-sync.a
libxcb-sync.a	libxcb	minor-alternative	clang-18-18.1.3	O3	libxcb-1.14-3	selected		clang-18-18.1.3/libxcb-1.14-3/O3/install/lib/libxcb-sync.a
libxcb-sync.a	libxcb	minor-alternative	clang-18-18.1.3	Os	libxcb-1.14-3	selected		clang-18-18.1.3/libxcb-1.14-3/Os/install/lib/libxcb-sync.a
libxcb-sync.a	libxcb	major-alternative	gcc-13-13.3.0	O0	libxcb-0.9.92-1	selected		gcc-13-13.3.0/libxcb-0.9.92-1/O0/install/lib/libxcb-sync.a
libxcb-sync.a	libxcb	major-alternative	gcc-13-13.3.0	O2	libxcb-0.9.92-1	selected		gcc-13-13.3.0/libxcb-0.9.92-1/O2/install/lib/libxcb-sync.a
libxcb-sync.a	libxcb	major-alternative	gcc-13-13.3.0	O3	libxcb-0.9.92-1	selected		gcc-13-13.3.0/libxcb-0.9.92-1/O3/install/lib/libxcb-sync.a
libxcb-sync.a	libxcb	major-alternative	gcc-13-13.3.0	Os	libxcb-0.9.92-1	selected		gcc-13-13.3.0/libxcb-0.9.92-1/Os/install/lib/libxcb-sync.a
libxcb-sync.a	libxcb	major-alternative	clang-18-18.1.3	O0	libxcb-0.9.92-1	selected		clang-18-18.1.3/libxcb-0.9.92-1/O0/install/lib/libxcb-sync.a
libxcb-sync.a	libxcb	major-alternative	clang-18-18.1.3	O2	libxcb-0.9.92-1	selected		clang-18-18.1.3/libxcb-0.9.92-1/O2/install/lib/libxcb-sync.a
libxcb-sync.a	libxcb	major-alternative	clang-18-18.1.3	O3	libxcb-0.9.92-1	selected		clang-18-18.1.3/libxcb-0.9.92-1/O3/install/lib/libxcb-sync.a
libxcb-sync.a	libxcb	major-alternative	clang-18-18.1.3	Os	libxcb-0.9.92-1	selected		clang-18-18.1.3/libxcb-0.9.92-1/Os/install/lib/libxcb-sync.a
libxcb-xf86dri.a	libxcb	current	gcc-11-11.5.0	O0	libxcb-1.15-1	selected		gcc-11-11.5.0/libxcb-1.15-1/O0/install/lib/libxcb-xf86dri.a
libxcb-xf86dri.a	libxcb	current	gcc-11-11.5.0	O2	libxcb-1.15-1	selected		gcc-11-11.5.0/libxcb-1.15-1/O2/install/lib/libxcb-xf86dri.a
libxcb-xf86dri.a	libxcb	current	gcc-11-11.5.0	O3	libxcb-1.15-1	selected		gcc-11-11.5.0/libxcb-1.15-1/O3/install/lib/libxcb-xf86dri.a
libxcb-xf86dri.a	libxcb	current	gcc-11-11.5.0	Os	libxcb-1.15-1	selected		gcc-11-11.5.0/libxcb-1.15-1/Os/install/lib/libxcb-xf86dri.a
libxcb-xf86dri.a	libxcb	current	gcc-13-13.3.0	O0	libxcb-1.15-1	selected		gcc-13-13.3.0/libxcb-1.15-1/O0/install/lib/libxcb-xf86dri.a
libxcb-xf86dri.a	libxcb	current	gcc-13-13.3.0	O2	libxcb-1.15-1	selected		gcc-13-13.3.0/libxcb-1.15-1/O2/install/lib/libxcb-xf86dri.a
libxcb-xf86dri.a	libxcb	current	gcc-13-13.3.0	O3	libxcb-1.15-1	selected		gcc-13-13.3.0/libxcb-1.15-1/O3/install/lib/libxcb-xf86dri.a
libxcb-xf86dri.a	libxcb	current	gcc-13-13.3.0	Os	libxcb-1.15-1	selected		gcc-13-13.3.0/libxcb-1.15-1/Os/install/lib/libxcb-xf86dri.a
libxcb-xf86dri.a	libxcb	current	clang-14-14.0.6	O0	libxcb-1.15-1	selected		clang-14-14.0.6/libxcb-1.15-1/O0/install/lib/libxcb-xf86dri.a
libxcb-xf86dri.a	libxcb	current	clang-14-14.0.6	O2	libxcb-1.15-1	selected		clang-14-14.0.6/libxcb-1.15-1/O2/install/lib/libxcb-xf86dri.a
libxcb-xf86dri.a	libxcb	current	clang-14-14.0.6	O3	libxcb-1.15-1	selected		clang-14-14.0.6/libxcb-1.15-1/O3/install/lib/libxcb-xf86dri.a
libxcb-xf86dri.a	libxcb	current	clang-14-14.0.6	Os	libxcb-1.15-1	selected		clang-14-14.0.6/libxcb-1.15-1/Os/install/lib/libxcb-xf86dri.a
libxcb-xf86dri.a	libxcb	current	clang-18-18.1.3	O0	libxcb-1.15-1	selected		clang-18-18.1.3/libxcb-1.15-1/O0/install/lib/libxcb-xf86dri.a
libxcb-xf86dri.a	libxcb	current	clang-18-18.1.3	O2	libxcb-1.15-1	selected		clang-18-18.1.3/libxcb-1.15-1/O2/install/lib/libxcb-xf86dri.a
libxcb-xf86dri.a	libxcb	current	clang-18-18.1.3	O3	libxcb-1.15-1	selected		clang-18-18.1.3/libxcb-1.15-1/O3/install/lib/libxcb-xf86dri.a
libxcb-xf86dri.a	libxcb	current	clang-18-18.1.3	Os	libxcb-1.15-1	selected		clang-18-18.1.3/libxcb-1.15-1/Os/install/lib/libxcb-xf86dri.a
libxcb-xf86dri.a	libxcb	minor-alternative	gcc-13-13.3.0	O0	libxcb-1.14-3	selected		gcc-13-13.3.0/libxcb-1.14-3/O0/install/lib/libxcb-xf86dri.a
libxcb-xf86dri.a	libxcb	minor-alternative	gcc-13-13.3.0	O2	libxcb-1.14-3	selected		gcc-13-13.3.0/libxcb-1.14-3/O2/install/lib/libxcb-xf86dri.a
libxcb-xf86dri.a	libxcb	minor-alternative	gcc-13-13.3.0	O3	libxcb-1.14-3	selected		gcc-13-13.3.0/libxcb-1.14-3/O3/install/lib/libxcb-xf86dri.a
libxcb-xf86dri.a	libxcb	minor-alternative	gcc-13-13.3.0	Os	libxcb-1.14-3	selected		gcc-13-13.3.0/libxcb-1.14-3/Os/install/lib/libxcb-xf86dri.a
libxcb-xf86dri.a	libxcb	minor-alternative	clang-18-18.1.3	O0	libxcb-1.14-3	selected		clang-18-18.1.3/libxcb-1.14-3/O0/install/lib/libxcb-xf86dri.a
libxcb-xf86dri.a	libxcb	minor-alternative	clang-18-18.1.3	O2	libxcb-1.14-3	selected		clang-18-18.1.3/libxcb-1.14-3/O2/install/lib/libxcb-xf86dri.a
libxcb-xf86dri.a	libxcb	minor-alternative	clang-18-18.1.3	O3	libxcb-1.14-3	selected		clang-18-18.1.3/libxcb-1.14-3/O3/install/lib/libxcb-xf86dri.a
libxcb-xf86dri.a	libxcb	minor-alternative	clang-18-18.1.3	Os	libxcb-1.14-3	selected		clang-18-18.1.3/libxcb-1.14-3/Os/install/lib/libxcb-xf86dri.a
libxcb-xf86dri.a	libxcb	major-alternative	gcc-13-13.3.0	O0	libxcb-0.9.92-1	selected		gcc-13-13.3.0/libxcb-0.9.92-1/O0/install/lib/libxcb-xf86dri.a
libxcb-xf86dri.a	libxcb	major-alternative	gcc-13-13.3.0	O2	libxcb-0.9.92-1	selected		gcc-13-13.3.0/libxcb-0.9.92-1/O2/install/lib/libxcb-xf86dri.a
libxcb-xf86dri.a	libxcb	major-alternative	gcc-13-13.3.0	O3	libxcb-0.9.92-1	selected		gcc-13-13.3.0/libxcb-0.9.92-1/O3/install/lib/libxcb-xf86dri.a
libxcb-xf86dri.a	libxcb	major-alternative	gcc-13-13.3.0	Os	libxcb-0.9.92-1	selected		gcc-13-13.3.0/libxcb-0.9.92-1/Os/install/lib/libxcb-xf86dri.a
libxcb-xf86dri.a	libxcb	major-alternative	clang-18-18.1.3	O0	libxcb-0.9.92-1	selected		clang-18-18.1.3/libxcb-0.9.92-1/O0/install/lib/libxcb-xf86dri.a
libxcb-xf86dri.a	libxcb	major-alternative	clang-18-18.1.3	O2	libxcb-0.9.92-1	selected		clang-18-18.1.3/libxcb-0.9.92-1/O2/install/lib/libxcb-xf86dri.a
libxcb-xf86dri.a	libxcb	major-alternative	clang-18-18.1.3	O3	libxcb-0.9.92-1	selected		clang-18-18.1.3/libxcb-0.9.92-1/O3/install/lib/libxcb-xf86dri.a
libxcb-xf86dri.a	libxcb	major-alternative	clang-18-18.1.3	Os	libxcb-0.9.92-1	selected		clang-18-18.1.3/libxcb-0.9.92-1/Os/install/lib/libxcb-xf86dri.a
libxcb-xfixes.a	libxcb	current	gcc-11-11.5.0	O0	libxcb-1.15-1	selected		gcc-11-11.5.0/libxcb-1.15-1/O0/install/lib/libxcb-xfixes.a
libxcb-xfixes.a	libxcb	current	gcc-11-11.5.0	O2	libxcb-1.15-1	selected		gcc-11-11.5.0/libxcb-1.15-1/O2/install/lib/libxcb-xfixes.a
libxcb-xfixes.a	libxcb	current	gcc-11-11.5.0	O3	libxcb-1.15-1	selected		gcc-11-11.5.0/libxcb-1.15-1/O3/install/lib/libxcb-xfixes.a
libxcb-xfixes.a	libxcb	current	gcc-11-11.5.0	Os	libxcb-1.15-1	selected		gcc-11-11.5.0/libxcb-1.15-1/Os/install/lib/libxcb-xfixes.a
libxcb-xfixes.a	libxcb	current	gcc-13-13.3.0	O0	libxcb-1.15-1	selected		gcc-13-13.3.0/libxcb-1.15-1/O0/install/lib/libxcb-xfixes.a
libxcb-xfixes.a	libxcb	current	gcc-13-13.3.0	O2	libxcb-1.15-1	selected		gcc-13-13.3.0/libxcb-1.15-1/O2/install/lib/libxcb-xfixes.a
libxcb-xfixes.a	libxcb	current	gcc-13-13.3.0	O3	libxcb-1.15-1	selected		gcc-13-13.3.0/libxcb-1.15-1/O3/install/lib/libxcb-xfixes.a
libxcb-xfixes.a	libxcb	current	gcc-13-13.3.0	Os	libxcb-1.15-1	selected		gcc-13-13.3.0/libxcb-1.15-1/Os/install/lib/libxcb-xfixes.a
libxcb-xfixes.a	libxcb	current	clang-14-14.0.6	O0	libxcb-1.15-1	selected		clang-14-14.0.6/libxcb-1.15-1/O0/install/lib/libxcb-xfixes.a
libxcb-xfixes.a	libxcb	current	clang-14-14.0.6	O2	libxcb-1.15-1	selected		clang-14-14.0.6/libxcb-1.15-1/O2/install/lib/libxcb-xfixes.a
libxcb-xfixes.a	libxcb	current	clang-14-14.0.6	O3	libxcb-1.15-1	selected		clang-14-14.0.6/libxcb-1.15-1/O3/install/lib/libxcb-xfixes.a
libxcb-xfixes.a	libxcb	current	clang-14-14.0.6	Os	libxcb-1.15-1	selected		clang-14-14.0.6/libxcb-1.15-1/Os/install/lib/libxcb-xfixes.a
libxcb-xfixes.a	libxcb	current	clang-18-18.1.3	O0	libxcb-1.15-1	selected		clang-18-18.1.3/libxcb-1.15-1/O0/install/lib/libxcb-xfixes.a
libxcb-xfixes.a	libxcb	current	clang-18-18.1.3	O2	libxcb-1.15-1	selected		clang-18-18.1.3/libxcb-1.15-1/O2/install/lib/libxcb-xfixes.a
libxcb-xfixes.a	libxcb	current	clang-18-18.1.3	O3	libxcb-1.15-1	selected		clang-18-18.1.3/libxcb-1.15-1/O3/install/lib/libxcb-xfixes.a
libxcb-xfixes.a	libxcb	current	clang-18-18.1.3	Os	libxcb-1.15-1	selected		clang-18-18.1.3/libxcb-1.15-1/Os/install/lib/libxcb-xfixes.a
libxcb-xfixes.a	libxcb	minor-alternative	gcc-13-13.3.0	O0	libxcb-1.14-3	selected		gcc-13-13.3.0/libxcb-1.14-3/O0/install/lib/libxcb-xfixes.a
libxcb-xfixes.a	libxcb	minor-alternative	gcc-13-13.3.0	O2	libxcb-1.14-3	selected		gcc-13-13.3.0/libxcb-1.14-3/O2/install/lib/libxcb-xfixes.a
libxcb-xfixes.a	libxcb	minor-alternative	gcc-13-13.3.0	O3	libxcb-1.14-3	selected		gcc-13-13.3.0/libxcb-1.14-3/O3/install/lib/libxcb-xfixes.a
libxcb-xfixes.a	libxcb	minor-alternative	gcc-13-13.3.0	Os	libxcb-1.14-3	selected		gcc-13-13.3.0/libxcb-1.14-3/Os/install/lib/libxcb-xfixes.a
libxcb-xfixes.a	libxcb	minor-alternative	clang-18-18.1.3	O0	libxcb-1.14-3	selected		clang-18-18.1.3/libxcb-1.14-3/O0/install/lib/libxcb-xfixes.a
libxcb-xfixes.a	libxcb	minor-alternative	clang-18-18.1.3	O2	libxcb-1.14-3	selected		clang-18-18.1.3/libxcb-1.14-3/O2/install/lib/libxcb-xfixes.a
libxcb-xfixes.a	libxcb	minor-alternative	clang-18-18.1.3	O3	libxcb-1.14-3	selected		clang-18-18.1.3/libxcb-1.14-3/O3/install/lib/libxcb-xfixes.a
libxcb-xfixes.a	libxcb	minor-alternative	clang-18-18.1.3	Os	libxcb-1.14-3	selected		clang-18-18.1.3/libxcb-1.14-3/Os/install/lib/libxcb-xfixes.a
libxcb-xfixes.a	libxcb	major-alternative	gcc-13-13.3.0	O0	libxcb-0.9.92-1	selected		gcc-13-13.3.0/libxcb-0.9.92-1/O0/install/lib/libxcb-xfixes.a
libxcb-xfixes.a	libxcb	major-alternative	gcc-13-13.3.0	O2	libxcb-0.9.92-1	selected		gcc-13-13.3.0/libxcb-0.9.92-1/O2/install/lib/libxcb-xfixes.a
libxcb-xfixes.a	libxcb	major-alternative	gcc-13-13.3.0	O3	libxcb-0.9.92-1	selected		gcc-13-13.3.0/libxcb-0.9.92-1/O3/install/lib/libxcb-xfixes.a
libxcb-xfixes.a	libxcb	major-alternative	gcc-13-13.3.0	Os	libxcb-0.9.92-1	selected		gcc-13-13.3.0/libxcb-0.9.92-1/Os/install/lib/libxcb-xfixes.a
libxcb-xfixes.a	libxcb	major-alternative	clang-18-18.1.3	O0	libxcb-0.9.92-1	selected		clang-18-18.1.3/libxcb-0.9.92-1/O0/install/lib/libxcb-xfixes.a
libxcb-xfixes.a	libxcb	major-alternative	clang-18-18.1.3	O2	libxcb-0.9.92-1	selected		clang-18-18.1.3/libxcb-0.9.92-1/O2/install/lib/libxcb-xfixes.a
libxcb-xfixes.a	libxcb	major-alternative	clang-18-18.1.3	O3	libxcb-0.9.92-1	selected		clang-18-18.1.3/libxcb-0.9.92-1/O3/install/lib/libxcb-xfixes.a
libxcb-xfixes.a	libxcb	major-alternative	clang-18-18.1.3	Os	libxcb-0.9.92-1	selected		clang-18-18.1.3/libxcb-0.9.92-1/Os/install/lib/libxcb-xfixes.a
libxcb-xinerama.a	libxcb	current	gcc-11-11.5.0	O0	libxcb-1.15-1	selected		gcc-11-11.5.0/libxcb-1.15-1/O0/install/lib/libxcb-xinerama.a
libxcb-xinerama.a	libxcb	current	gcc-11-11.5.0	O2	libxcb-1.15-1	selected		gcc-11-11.5.0/libxcb-1.15-1/O2/install/lib/libxcb-xinerama.a
libxcb-xinerama.a	libxcb	current	gcc-11-11.5.0	O3	libxcb-1.15-1	selected		gcc-11-11.5.0/libxcb-1.15-1/O3/install/lib/libxcb-xinerama.a
libxcb-xinerama.a	libxcb	current	gcc-11-11.5.0	Os	libxcb-1.15-1	selected		gcc-11-11.5.0/libxcb-1.15-1/Os/install/lib/libxcb-xinerama.a
libxcb-xinerama.a	libxcb	current	gcc-13-13.3.0	O0	libxcb-1.15-1	selected		gcc-13-13.3.0/libxcb-1.15-1/O0/install/lib/libxcb-xinerama.a
libxcb-xinerama.a	libxcb	current	gcc-13-13.3.0	O2	libxcb-1.15-1	selected		gcc-13-13.3.0/libxcb-1.15-1/O2/install/lib/libxcb-xinerama.a
libxcb-xinerama.a	libxcb	current	gcc-13-13.3.0	O3	libxcb-1.15-1	selected		gcc-13-13.3.0/libxcb-1.15-1/O3/install/lib/libxcb-xinerama.a
libxcb-xinerama.a	libxcb	current	gcc-13-13.3.0	Os	libxcb-1.15-1	selected		gcc-13-13.3.0/libxcb-1.15-1/Os/install/lib/libxcb-xinerama.a
libxcb-xinerama.a	libxcb	current	clang-14-14.0.6	O0	libxcb-1.15-1	selected		clang-14-14.0.6/libxcb-1.15-1/O0/install/lib/libxcb-xinerama.a
libxcb-xinerama.a	libxcb	current	clang-14-14.0.6	O2	libxcb-1.15-1	selected		clang-14-14.0.6/libxcb-1.15-1/O2/install/lib/libxcb-xinerama.a
libxcb-xinerama.a	libxcb	current	clang-14-14.0.6	O3	libxcb-1.15-1	selected		clang-14-14.0.6/libxcb-1.15-1/O3/install/lib/libxcb-xinerama.a
libxcb-xinerama.a	libxcb	current	clang-14-14.0.6	Os	libxcb-1.15-1	selected		clang-14-14.0.6/libxcb-1.15-1/Os/install/lib/libxcb-xinerama.a
libxcb-xinerama.a	libxcb	current	clang-18-18.1.3	O0	libxcb-1.15-1	selected		clang-18-18.1.3/libxcb-1.15-1/O0/install/lib/libxcb-xinerama.a
libxcb-xinerama.a	libxcb	current	clang-18-18.1.3	O2	libxcb-1.15-1	selected		clang-18-18.1.3/libxcb-1.15-1/O2/install/lib/libxcb-xinerama.a
libxcb-xinerama.a	libxcb	current	clang-18-18.1.3	O3	libxcb-1.15-1	selected		clang-18-18.1.3/libxcb-1.15-1/O3/install/lib/libxcb-xinerama.a
libxcb-xinerama.a	libxcb	current	clang-18-18.1.3	Os	libxcb-1.15-1	selected		clang-18-18.1.3/libxcb-1.15-1/Os/install/lib/libxcb-xinerama.a
libxcb-xinerama.a	libxcb	minor-alternative	gcc-13-13.3.0	O0	libxcb-1.14-3	selected		gcc-13-13.3.0/libxcb-1.14-3/O0/install/lib/libxcb-xinerama.a
libxcb-xinerama.a	libxcb	minor-alternative	gcc-13-13.3.0	O2	libxcb-1.14-3	selected		gcc-13-13.3.0/libxcb-1.14-3/O2/install/lib/libxcb-xinerama.a
libxcb-xinerama.a	libxcb	minor-alternative	gcc-13-13.3.0	O3	libxcb-1.14-3	selected		gcc-13-13.3.0/libxcb-1.14-3/O3/install/lib/libxcb-xinerama.a
libxcb-xinerama.a	libxcb	minor-alternative	gcc-13-13.3.0	Os	libxcb-1.14-3	selected		gcc-13-13.3.0/libxcb-1.14-3/Os/install/lib/libxcb-xinerama.a
libxcb-xinerama.a	libxcb	minor-alternative	clang-18-18.1.3	O0	libxcb-1.14-3	selected		clang-18-18.1.3/libxcb-1.14-3/O0/install/lib/libxcb-xinerama.a
libxcb-xinerama.a	libxcb	minor-alternative	clang-18-18.1.3	O2	libxcb-1.14-3	selected		clang-18-18.1.3/libxcb-1.14-3/O2/install/lib/libxcb-xinerama.a
libxcb-xinerama.a	libxcb	minor-alternative	clang-18-18.1.3	O3	libxcb-1.14-3	selected		clang-18-18.1.3/libxcb-1.14-3/O3/install/lib/libxcb-xinerama.a
libxcb-xinerama.a	libxcb	minor-alternative	clang-18-18.1.3	Os	libxcb-1.14-3	selected		clang-18-18.1.3/libxcb-1.14-3/Os/install/lib/libxcb-xinerama.a
libxcb-xinerama.a	libxcb	major-alternative	gcc-13-13.3.0	O0	libxcb-0.9.92-1	missing	archive_not_produced_by_version	
libxcb-xinerama.a	libxcb	major-alternative	gcc-13-13.3.0	O2	libxcb-0.9.92-1	missing	archive_not_produced_by_version	
libxcb-xinerama.a	libxcb	major-alternative	gcc-13-13.3.0	O3	libxcb-0.9.92-1	missing	archive_not_produced_by_version	
libxcb-xinerama.a	libxcb	major-alternative	gcc-13-13.3.0	Os	libxcb-0.9.92-1	missing	archive_not_produced_by_version	
libxcb-xinerama.a	libxcb	major-alternative	clang-18-18.1.3	O0	libxcb-0.9.92-1	missing	archive_not_produced_by_version	
libxcb-xinerama.a	libxcb	major-alternative	clang-18-18.1.3	O2	libxcb-0.9.92-1	missing	archive_not_produced_by_version	
libxcb-xinerama.a	libxcb	major-alternative	clang-18-18.1.3	O3	libxcb-0.9.92-1	missing	archive_not_produced_by_version	
libxcb-xinerama.a	libxcb	major-alternative	clang-18-18.1.3	Os	libxcb-0.9.92-1	missing	archive_not_produced_by_version	
libxcb-xkb.a	libxcb	current	gcc-11-11.5.0	O0	libxcb-1.15-1	selected		gcc-11-11.5.0/libxcb-1.15-1/O0/install/lib/libxcb-xkb.a
libxcb-xkb.a	libxcb	current	gcc-11-11.5.0	O2	libxcb-1.15-1	selected		gcc-11-11.5.0/libxcb-1.15-1/O2/install/lib/libxcb-xkb.a
libxcb-xkb.a	libxcb	current	gcc-11-11.5.0	O3	libxcb-1.15-1	selected		gcc-11-11.5.0/libxcb-1.15-1/O3/install/lib/libxcb-xkb.a
libxcb-xkb.a	libxcb	current	gcc-11-11.5.0	Os	libxcb-1.15-1	selected		gcc-11-11.5.0/libxcb-1.15-1/Os/install/lib/libxcb-xkb.a
libxcb-xkb.a	libxcb	current	gcc-13-13.3.0	O0	libxcb-1.15-1	selected		gcc-13-13.3.0/libxcb-1.15-1/O0/install/lib/libxcb-xkb.a
libxcb-xkb.a	libxcb	current	gcc-13-13.3.0	O2	libxcb-1.15-1	selected		gcc-13-13.3.0/libxcb-1.15-1/O2/install/lib/libxcb-xkb.a
libxcb-xkb.a	libxcb	current	gcc-13-13.3.0	O3	libxcb-1.15-1	selected		gcc-13-13.3.0/libxcb-1.15-1/O3/install/lib/libxcb-xkb.a
libxcb-xkb.a	libxcb	current	gcc-13-13.3.0	Os	libxcb-1.15-1	selected		gcc-13-13.3.0/libxcb-1.15-1/Os/install/lib/libxcb-xkb.a
libxcb-xkb.a	libxcb	current	clang-14-14.0.6	O0	libxcb-1.15-1	selected		clang-14-14.0.6/libxcb-1.15-1/O0/install/lib/libxcb-xkb.a
libxcb-xkb.a	libxcb	current	clang-14-14.0.6	O2	libxcb-1.15-1	selected		clang-14-14.0.6/libxcb-1.15-1/O2/install/lib/libxcb-xkb.a
libxcb-xkb.a	libxcb	current	clang-14-14.0.6	O3	libxcb-1.15-1	selected		clang-14-14.0.6/libxcb-1.15-1/O3/install/lib/libxcb-xkb.a
libxcb-xkb.a	libxcb	current	clang-14-14.0.6	Os	libxcb-1.15-1	selected		clang-14-14.0.6/libxcb-1.15-1/Os/install/lib/libxcb-xkb.a
libxcb-xkb.a	libxcb	current	clang-18-18.1.3	O0	libxcb-1.15-1	selected		clang-18-18.1.3/libxcb-1.15-1/O0/install/lib/libxcb-xkb.a
libxcb-xkb.a	libxcb	current	clang-18-18.1.3	O2	libxcb-1.15-1	selected		clang-18-18.1.3/libxcb-1.15-1/O2/install/lib/libxcb-xkb.a
libxcb-xkb.a	libxcb	current	clang-18-18.1.3	O3	libxcb-1.15-1	selected		clang-18-18.1.3/libxcb-1.15-1/O3/install/lib/libxcb-xkb.a
libxcb-xkb.a	libxcb	current	clang-18-18.1.3	Os	libxcb-1.15-1	selected		clang-18-18.1.3/libxcb-1.15-1/Os/install/lib/libxcb-xkb.a
libxcb-xkb.a	libxcb	minor-alternative	gcc-13-13.3.0	O0	libxcb-1.14-3	selected		gcc-13-13.3.0/libxcb-1.14-3/O0/install/lib/libxcb-xkb.a
libxcb-xkb.a	libxcb	minor-alternative	gcc-13-13.3.0	O2	libxcb-1.14-3	selected		gcc-13-13.3.0/libxcb-1.14-3/O2/install/lib/libxcb-xkb.a
libxcb-xkb.a	libxcb	minor-alternative	gcc-13-13.3.0	O3	libxcb-1.14-3	selected		gcc-13-13.3.0/libxcb-1.14-3/O3/install/lib/libxcb-xkb.a
libxcb-xkb.a	libxcb	minor-alternative	gcc-13-13.3.0	Os	libxcb-1.14-3	selected		gcc-13-13.3.0/libxcb-1.14-3/Os/install/lib/libxcb-xkb.a
libxcb-xkb.a	libxcb	minor-alternative	clang-18-18.1.3	O0	libxcb-1.14-3	selected		clang-18-18.1.3/libxcb-1.14-3/O0/install/lib/libxcb-xkb.a
libxcb-xkb.a	libxcb	minor-alternative	clang-18-18.1.3	O2	libxcb-1.14-3	selected		clang-18-18.1.3/libxcb-1.14-3/O2/install/lib/libxcb-xkb.a
libxcb-xkb.a	libxcb	minor-alternative	clang-18-18.1.3	O3	libxcb-1.14-3	selected		clang-18-18.1.3/libxcb-1.14-3/O3/install/lib/libxcb-xkb.a
libxcb-xkb.a	libxcb	minor-alternative	clang-18-18.1.3	Os	libxcb-1.14-3	selected		clang-18-18.1.3/libxcb-1.14-3/Os/install/lib/libxcb-xkb.a
libxcb-xkb.a	libxcb	major-alternative	gcc-13-13.3.0	O0	libxcb-0.9.92-1	missing	archive_not_produced_by_version	
libxcb-xkb.a	libxcb	major-alternative	gcc-13-13.3.0	O2	libxcb-0.9.92-1	missing	archive_not_produced_by_version	
libxcb-xkb.a	libxcb	major-alternative	gcc-13-13.3.0	O3	libxcb-0.9.92-1	missing	archive_not_produced_by_version	
libxcb-xkb.a	libxcb	major-alternative	gcc-13-13.3.0	Os	libxcb-0.9.92-1	missing	archive_not_produced_by_version	
libxcb-xkb.a	libxcb	major-alternative	clang-18-18.1.3	O0	libxcb-0.9.92-1	missing	archive_not_produced_by_version	
libxcb-xkb.a	libxcb	major-alternative	clang-18-18.1.3	O2	libxcb-0.9.92-1	missing	archive_not_produced_by_version	
libxcb-xkb.a	libxcb	major-alternative	clang-18-18.1.3	O3	libxcb-0.9.92-1	missing	archive_not_produced_by_version	
libxcb-xkb.a	libxcb	major-alternative	clang-18-18.1.3	Os	libxcb-0.9.92-1	missing	archive_not_produced_by_version	
libxcb-xtest.a	libxcb	current	gcc-11-11.5.0	O0	libxcb-1.15-1	selected		gcc-11-11.5.0/libxcb-1.15-1/O0/install/lib/libxcb-xtest.a
libxcb-xtest.a	libxcb	current	gcc-11-11.5.0	O2	libxcb-1.15-1	selected		gcc-11-11.5.0/libxcb-1.15-1/O2/install/lib/libxcb-xtest.a
libxcb-xtest.a	libxcb	current	gcc-11-11.5.0	O3	libxcb-1.15-1	selected		gcc-11-11.5.0/libxcb-1.15-1/O3/install/lib/libxcb-xtest.a
libxcb-xtest.a	libxcb	current	gcc-11-11.5.0	Os	libxcb-1.15-1	selected		gcc-11-11.5.0/libxcb-1.15-1/Os/install/lib/libxcb-xtest.a
libxcb-xtest.a	libxcb	current	gcc-13-13.3.0	O0	libxcb-1.15-1	selected		gcc-13-13.3.0/libxcb-1.15-1/O0/install/lib/libxcb-xtest.a
libxcb-xtest.a	libxcb	current	gcc-13-13.3.0	O2	libxcb-1.15-1	selected		gcc-13-13.3.0/libxcb-1.15-1/O2/install/lib/libxcb-xtest.a
libxcb-xtest.a	libxcb	current	gcc-13-13.3.0	O3	libxcb-1.15-1	selected		gcc-13-13.3.0/libxcb-1.15-1/O3/install/lib/libxcb-xtest.a
libxcb-xtest.a	libxcb	current	gcc-13-13.3.0	Os	libxcb-1.15-1	selected		gcc-13-13.3.0/libxcb-1.15-1/Os/install/lib/libxcb-xtest.a
libxcb-xtest.a	libxcb	current	clang-14-14.0.6	O0	libxcb-1.15-1	selected		clang-14-14.0.6/libxcb-1.15-1/O0/install/lib/libxcb-xtest.a
libxcb-xtest.a	libxcb	current	clang-14-14.0.6	O2	libxcb-1.15-1	selected		clang-14-14.0.6/libxcb-1.15-1/O2/install/lib/libxcb-xtest.a
libxcb-xtest.a	libxcb	current	clang-14-14.0.6	O3	libxcb-1.15-1	selected		clang-14-14.0.6/libxcb-1.15-1/O3/install/lib/libxcb-xtest.a
libxcb-xtest.a	libxcb	current	clang-14-14.0.6	Os	libxcb-1.15-1	selected		clang-14-14.0.6/libxcb-1.15-1/Os/install/lib/libxcb-xtest.a
libxcb-xtest.a	libxcb	current	clang-18-18.1.3	O0	libxcb-1.15-1	selected		clang-18-18.1.3/libxcb-1.15-1/O0/install/lib/libxcb-xtest.a
libxcb-xtest.a	libxcb	current	clang-18-18.1.3	O2	libxcb-1.15-1	selected		clang-18-18.1.3/libxcb-1.15-1/O2/install/lib/libxcb-xtest.a
libxcb-xtest.a	libxcb	current	clang-18-18.1.3	O3	libxcb-1.15-1	selected		clang-18-18.1.3/libxcb-1.15-1/O3/install/lib/libxcb-xtest.a
libxcb-xtest.a	libxcb	current	clang-18-18.1.3	Os	libxcb-1.15-1	selected		clang-18-18.1.3/libxcb-1.15-1/Os/install/lib/libxcb-xtest.a
libxcb-xtest.a	libxcb	minor-alternative	gcc-13-13.3.0	O0	libxcb-1.14-3	selected		gcc-13-13.3.0/libxcb-1.14-3/O0/install/lib/libxcb-xtest.a
libxcb-xtest.a	libxcb	minor-alternative	gcc-13-13.3.0	O2	libxcb-1.14-3	selected		gcc-13-13.3.0/libxcb-1.14-3/O2/install/lib/libxcb-xtest.a
libxcb-xtest.a	libxcb	minor-alternative	gcc-13-13.3.0	O3	libxcb-1.14-3	selected		gcc-13-13.3.0/libxcb-1.14-3/O3/install/lib/libxcb-xtest.a
libxcb-xtest.a	libxcb	minor-alternative	gcc-13-13.3.0	Os	libxcb-1.14-3	selected		gcc-13-13.3.0/libxcb-1.14-3/Os/install/lib/libxcb-xtest.a
libxcb-xtest.a	libxcb	minor-alternative	clang-18-18.1.3	O0	libxcb-1.14-3	selected		clang-18-18.1.3/libxcb-1.14-3/O0/install/lib/libxcb-xtest.a
libxcb-xtest.a	libxcb	minor-alternative	clang-18-18.1.3	O2	libxcb-1.14-3	selected		clang-18-18.1.3/libxcb-1.14-3/O2/install/lib/libxcb-xtest.a
libxcb-xtest.a	libxcb	minor-alternative	clang-18-18.1.3	O3	libxcb-1.14-3	selected		clang-18-18.1.3/libxcb-1.14-3/O3/install/lib/libxcb-xtest.a
libxcb-xtest.a	libxcb	minor-alternative	clang-18-18.1.3	Os	libxcb-1.14-3	selected		clang-18-18.1.3/libxcb-1.14-3/Os/install/lib/libxcb-xtest.a
libxcb-xtest.a	libxcb	major-alternative	gcc-13-13.3.0	O0	libxcb-0.9.92-1	selected		gcc-13-13.3.0/libxcb-0.9.92-1/O0/install/lib/libxcb-xtest.a
libxcb-xtest.a	libxcb	major-alternative	gcc-13-13.3.0	O2	libxcb-0.9.92-1	selected		gcc-13-13.3.0/libxcb-0.9.92-1/O2/install/lib/libxcb-xtest.a
libxcb-xtest.a	libxcb	major-alternative	gcc-13-13.3.0	O3	libxcb-0.9.92-1	selected		gcc-13-13.3.0/libxcb-0.9.92-1/O3/install/lib/libxcb-xtest.a
libxcb-xtest.a	libxcb	major-alternative	gcc-13-13.3.0	Os	libxcb-0.9.92-1	selected		gcc-13-13.3.0/libxcb-0.9.92-1/Os/install/lib/libxcb-xtest.a
libxcb-xtest.a	libxcb	major-alternative	clang-18-18.1.3	O0	libxcb-0.9.92-1	selected		clang-18-18.1.3/libxcb-0.9.92-1/O0/install/lib/libxcb-xtest.a
libxcb-xtest.a	libxcb	major-alternative	clang-18-18.1.3	O2	libxcb-0.9.92-1	selected		clang-18-18.1.3/libxcb-0.9.92-1/O2/install/lib/libxcb-xtest.a
libxcb-xtest.a	libxcb	major-alternative	clang-18-18.1.3	O3	libxcb-0.9.92-1	selected		clang-18-18.1.3/libxcb-0.9.92-1/O3/install/lib/libxcb-xtest.a
libxcb-xtest.a	libxcb	major-alternative	clang-18-18.1.3	Os	libxcb-0.9.92-1	selected		clang-18-18.1.3/libxcb-0.9.92-1/Os/install/lib/libxcb-xtest.a
libxcb-xv.a	libxcb	current	gcc-11-11.5.0	O0	libxcb-1.15-1	selected		gcc-11-11.5.0/libxcb-1.15-1/O0/install/lib/libxcb-xv.a
libxcb-xv.a	libxcb	current	gcc-11-11.5.0	O2	libxcb-1.15-1	selected		gcc-11-11.5.0/libxcb-1.15-1/O2/install/lib/libxcb-xv.a
libxcb-xv.a	libxcb	current	gcc-11-11.5.0	O3	libxcb-1.15-1	selected		gcc-11-11.5.0/libxcb-1.15-1/O3/install/lib/libxcb-xv.a
libxcb-xv.a	libxcb	current	gcc-11-11.5.0	Os	libxcb-1.15-1	selected		gcc-11-11.5.0/libxcb-1.15-1/Os/install/lib/libxcb-xv.a
libxcb-xv.a	libxcb	current	gcc-13-13.3.0	O0	libxcb-1.15-1	selected		gcc-13-13.3.0/libxcb-1.15-1/O0/install/lib/libxcb-xv.a
libxcb-xv.a	libxcb	current	gcc-13-13.3.0	O2	libxcb-1.15-1	selected		gcc-13-13.3.0/libxcb-1.15-1/O2/install/lib/libxcb-xv.a
libxcb-xv.a	libxcb	current	gcc-13-13.3.0	O3	libxcb-1.15-1	selected		gcc-13-13.3.0/libxcb-1.15-1/O3/install/lib/libxcb-xv.a
libxcb-xv.a	libxcb	current	gcc-13-13.3.0	Os	libxcb-1.15-1	selected		gcc-13-13.3.0/libxcb-1.15-1/Os/install/lib/libxcb-xv.a
libxcb-xv.a	libxcb	current	clang-14-14.0.6	O0	libxcb-1.15-1	selected		clang-14-14.0.6/libxcb-1.15-1/O0/install/lib/libxcb-xv.a
libxcb-xv.a	libxcb	current	clang-14-14.0.6	O2	libxcb-1.15-1	selected		clang-14-14.0.6/libxcb-1.15-1/O2/install/lib/libxcb-xv.a
libxcb-xv.a	libxcb	current	clang-14-14.0.6	O3	libxcb-1.15-1	selected		clang-14-14.0.6/libxcb-1.15-1/O3/install/lib/libxcb-xv.a
libxcb-xv.a	libxcb	current	clang-14-14.0.6	Os	libxcb-1.15-1	selected		clang-14-14.0.6/libxcb-1.15-1/Os/install/lib/libxcb-xv.a
libxcb-xv.a	libxcb	current	clang-18-18.1.3	O0	libxcb-1.15-1	selected		clang-18-18.1.3/libxcb-1.15-1/O0/install/lib/libxcb-xv.a
libxcb-xv.a	libxcb	current	clang-18-18.1.3	O2	libxcb-1.15-1	selected		clang-18-18.1.3/libxcb-1.15-1/O2/install/lib/libxcb-xv.a
libxcb-xv.a	libxcb	current	clang-18-18.1.3	O3	libxcb-1.15-1	selected		clang-18-18.1.3/libxcb-1.15-1/O3/install/lib/libxcb-xv.a
libxcb-xv.a	libxcb	current	clang-18-18.1.3	Os	libxcb-1.15-1	selected		clang-18-18.1.3/libxcb-1.15-1/Os/install/lib/libxcb-xv.a
libxcb-xv.a	libxcb	minor-alternative	gcc-13-13.3.0	O0	libxcb-1.14-3	selected		gcc-13-13.3.0/libxcb-1.14-3/O0/install/lib/libxcb-xv.a
libxcb-xv.a	libxcb	minor-alternative	gcc-13-13.3.0	O2	libxcb-1.14-3	selected		gcc-13-13.3.0/libxcb-1.14-3/O2/install/lib/libxcb-xv.a
libxcb-xv.a	libxcb	minor-alternative	gcc-13-13.3.0	O3	libxcb-1.14-3	selected		gcc-13-13.3.0/libxcb-1.14-3/O3/install/lib/libxcb-xv.a
libxcb-xv.a	libxcb	minor-alternative	gcc-13-13.3.0	Os	libxcb-1.14-3	selected		gcc-13-13.3.0/libxcb-1.14-3/Os/install/lib/libxcb-xv.a
libxcb-xv.a	libxcb	minor-alternative	clang-18-18.1.3	O0	libxcb-1.14-3	selected		clang-18-18.1.3/libxcb-1.14-3/O0/install/lib/libxcb-xv.a
libxcb-xv.a	libxcb	minor-alternative	clang-18-18.1.3	O2	libxcb-1.14-3	selected		clang-18-18.1.3/libxcb-1.14-3/O2/install/lib/libxcb-xv.a
libxcb-xv.a	libxcb	minor-alternative	clang-18-18.1.3	O3	libxcb-1.14-3	selected		clang-18-18.1.3/libxcb-1.14-3/O3/install/lib/libxcb-xv.a
libxcb-xv.a	libxcb	minor-alternative	clang-18-18.1.3	Os	libxcb-1.14-3	selected		clang-18-18.1.3/libxcb-1.14-3/Os/install/lib/libxcb-xv.a
libxcb-xv.a	libxcb	major-alternative	gcc-13-13.3.0	O0	libxcb-0.9.92-1	selected		gcc-13-13.3.0/libxcb-0.9.92-1/O0/install/lib/libxcb-xv.a
libxcb-xv.a	libxcb	major-alternative	gcc-13-13.3.0	O2	libxcb-0.9.92-1	selected		gcc-13-13.3.0/libxcb-0.9.92-1/O2/install/lib/libxcb-xv.a
libxcb-xv.a	libxcb	major-alternative	gcc-13-13.3.0	O3	libxcb-0.9.92-1	selected		gcc-13-13.3.0/libxcb-0.9.92-1/O3/install/lib/libxcb-xv.a
libxcb-xv.a	libxcb	major-alternative	gcc-13-13.3.0	Os	libxcb-0.9.92-1	selected		gcc-13-13.3.0/libxcb-0.9.92-1/Os/install/lib/libxcb-xv.a
libxcb-xv.a	libxcb	major-alternative	clang-18-18.1.3	O0	libxcb-0.9.92-1	selected		clang-18-18.1.3/libxcb-0.9.92-1/O0/install/lib/libxcb-xv.a
libxcb-xv.a	libxcb	major-alternative	clang-18-18.1.3	O2	libxcb-0.9.92-1	selected		clang-18-18.1.3/libxcb-0.9.92-1/O2/install/lib/libxcb-xv.a
libxcb-xv.a	libxcb	major-alternative	clang-18-18.1.3	O3	libxcb-0.9.92-1	selected		clang-18-18.1.3/libxcb-0.9.92-1/O3/install/lib/libxcb-xv.a
libxcb-xv.a	libxcb	major-alternative	clang-18-18.1.3	Os	libxcb-0.9.92-1	selected		clang-18-18.1.3/libxcb-0.9.92-1/Os/install/lib/libxcb-xv.a
libxcb-xvmc.a	libxcb	current	gcc-11-11.5.0	O0	libxcb-1.15-1	selected		gcc-11-11.5.0/libxcb-1.15-1/O0/install/lib/libxcb-xvmc.a
libxcb-xvmc.a	libxcb	current	gcc-11-11.5.0	O2	libxcb-1.15-1	selected		gcc-11-11.5.0/libxcb-1.15-1/O2/install/lib/libxcb-xvmc.a
libxcb-xvmc.a	libxcb	current	gcc-11-11.5.0	O3	libxcb-1.15-1	selected		gcc-11-11.5.0/libxcb-1.15-1/O3/install/lib/libxcb-xvmc.a
libxcb-xvmc.a	libxcb	current	gcc-11-11.5.0	Os	libxcb-1.15-1	selected		gcc-11-11.5.0/libxcb-1.15-1/Os/install/lib/libxcb-xvmc.a
libxcb-xvmc.a	libxcb	current	gcc-13-13.3.0	O0	libxcb-1.15-1	selected		gcc-13-13.3.0/libxcb-1.15-1/O0/install/lib/libxcb-xvmc.a
libxcb-xvmc.a	libxcb	current	gcc-13-13.3.0	O2	libxcb-1.15-1	selected		gcc-13-13.3.0/libxcb-1.15-1/O2/install/lib/libxcb-xvmc.a
libxcb-xvmc.a	libxcb	current	gcc-13-13.3.0	O3	libxcb-1.15-1	selected		gcc-13-13.3.0/libxcb-1.15-1/O3/install/lib/libxcb-xvmc.a
libxcb-xvmc.a	libxcb	current	gcc-13-13.3.0	Os	libxcb-1.15-1	selected		gcc-13-13.3.0/libxcb-1.15-1/Os/install/lib/libxcb-xvmc.a
libxcb-xvmc.a	libxcb	current	clang-14-14.0.6	O0	libxcb-1.15-1	selected		clang-14-14.0.6/libxcb-1.15-1/O0/install/lib/libxcb-xvmc.a
libxcb-xvmc.a	libxcb	current	clang-14-14.0.6	O2	libxcb-1.15-1	selected		clang-14-14.0.6/libxcb-1.15-1/O2/install/lib/libxcb-xvmc.a
libxcb-xvmc.a	libxcb	current	clang-14-14.0.6	O3	libxcb-1.15-1	selected		clang-14-14.0.6/libxcb-1.15-1/O3/install/lib/libxcb-xvmc.a
libxcb-xvmc.a	libxcb	current	clang-14-14.0.6	Os	libxcb-1.15-1	selected		clang-14-14.0.6/libxcb-1.15-1/Os/install/lib/libxcb-xvmc.a
libxcb-xvmc.a	libxcb	current	clang-18-18.1.3	O0	libxcb-1.15-1	selected		clang-18-18.1.3/libxcb-1.15-1/O0/install/lib/libxcb-xvmc.a
libxcb-xvmc.a	libxcb	current	clang-18-18.1.3	O2	libxcb-1.15-1	selected		clang-18-18.1.3/libxcb-1.15-1/O2/install/lib/libxcb-xvmc.a
libxcb-xvmc.a	libxcb	current	clang-18-18.1.3	O3	libxcb-1.15-1	selected		clang-18-18.1.3/libxcb-1.15-1/O3/install/lib/libxcb-xvmc.a
libxcb-xvmc.a	libxcb	current	clang-18-18.1.3	Os	libxcb-1.15-1	selected		clang-18-18.1.3/libxcb-1.15-1/Os/install/lib/libxcb-xvmc.a
libxcb-xvmc.a	libxcb	minor-alternative	gcc-13-13.3.0	O0	libxcb-1.14-3	selected		gcc-13-13.3.0/libxcb-1.14-3/O0/install/lib/libxcb-xvmc.a
libxcb-xvmc.a	libxcb	minor-alternative	gcc-13-13.3.0	O2	libxcb-1.14-3	selected		gcc-13-13.3.0/libxcb-1.14-3/O2/install/lib/libxcb-xvmc.a
libxcb-xvmc.a	libxcb	minor-alternative	gcc-13-13.3.0	O3	libxcb-1.14-3	selected		gcc-13-13.3.0/libxcb-1.14-3/O3/install/lib/libxcb-xvmc.a
libxcb-xvmc.a	libxcb	minor-alternative	gcc-13-13.3.0	Os	libxcb-1.14-3	selected		gcc-13-13.3.0/libxcb-1.14-3/Os/install/lib/libxcb-xvmc.a
libxcb-xvmc.a	libxcb	minor-alternative	clang-18-18.1.3	O0	libxcb-1.14-3	selected		clang-18-18.1.3/libxcb-1.14-3/O0/install/lib/libxcb-xvmc.a
libxcb-xvmc.a	libxcb	minor-alternative	clang-18-18.1.3	O2	libxcb-1.14-3	selected		clang-18-18.1.3/libxcb-1.14-3/O2/install/lib/libxcb-xvmc.a
libxcb-xvmc.a	libxcb	minor-alternative	clang-18-18.1.3	O3	libxcb-1.14-3	selected		clang-18-18.1.3/libxcb-1.14-3/O3/install/lib/libxcb-xvmc.a
libxcb-xvmc.a	libxcb	minor-alternative	clang-18-18.1.3	Os	libxcb-1.14-3	selected		clang-18-18.1.3/libxcb-1.14-3/Os/install/lib/libxcb-xvmc.a
libxcb-xvmc.a	libxcb	major-alternative	gcc-13-13.3.0	O0	libxcb-0.9.92-1	selected		gcc-13-13.3.0/libxcb-0.9.92-1/O0/install/lib/libxcb-xvmc.a
libxcb-xvmc.a	libxcb	major-alternative	gcc-13-13.3.0	O2	libxcb-0.9.92-1	selected		gcc-13-13.3.0/libxcb-0.9.92-1/O2/install/lib/libxcb-xvmc.a
libxcb-xvmc.a	libxcb	major-alternative	gcc-13-13.3.0	O3	libxcb-0.9.92-1	selected		gcc-13-13.3.0/libxcb-0.9.92-1/O3/install/lib/libxcb-xvmc.a
libxcb-xvmc.a	libxcb	major-alternative	gcc-13-13.3.0	Os	libxcb-0.9.92-1	selected		gcc-13-13.3.0/libxcb-0.9.92-1/Os/install/lib/libxcb-xvmc.a
libxcb-xvmc.a	libxcb	major-alternative	clang-18-18.1.3	O0	libxcb-0.9.92-1	selected		clang-18-18.1.3/libxcb-0.9.92-1/O0/install/lib/libxcb-xvmc.a
libxcb-xvmc.a	libxcb	major-alternative	clang-18-18.1.3	O2	libxcb-0.9.92-1	selected		clang-18-18.1.3/libxcb-0.9.92-1/O2/install/lib/libxcb-xvmc.a
libxcb-xvmc.a	libxcb	major-alternative	clang-18-18.1.3	O3	libxcb-0.9.92-1	selected		clang-18-18.1.3/libxcb-0.9.92-1/O3/install/lib/libxcb-xvmc.a
libxcb-xvmc.a	libxcb	major-alternative	clang-18-18.1.3	Os	libxcb-0.9.92-1	selected		clang-18-18.1.3/libxcb-0.9.92-1/Os/install/lib/libxcb-xvmc.a
libxcb.a	libxcb	current	gcc-11-11.5.0	O0	libxcb-1.15-1	selected		gcc-11-11.5.0/libxcb-1.15-1/O0/install/lib/libxcb.a
libxcb.a	libxcb	current	gcc-11-11.5.0	O2	libxcb-1.15-1	selected		gcc-11-11.5.0/libxcb-1.15-1/O2/install/lib/libxcb.a
libxcb.a	libxcb	current	gcc-11-11.5.0	O3	libxcb-1.15-1	selected		gcc-11-11.5.0/libxcb-1.15-1/O3/install/lib/libxcb.a
libxcb.a	libxcb	current	gcc-11-11.5.0	Os	libxcb-1.15-1	selected		gcc-11-11.5.0/libxcb-1.15-1/Os/install/lib/libxcb.a
libxcb.a	libxcb	current	gcc-13-13.3.0	O0	libxcb-1.15-1	selected		gcc-13-13.3.0/libxcb-1.15-1/O0/install/lib/libxcb.a
libxcb.a	libxcb	current	gcc-13-13.3.0	O2	libxcb-1.15-1	selected		gcc-13-13.3.0/libxcb-1.15-1/O2/install/lib/libxcb.a
libxcb.a	libxcb	current	gcc-13-13.3.0	O3	libxcb-1.15-1	selected		gcc-13-13.3.0/libxcb-1.15-1/O3/install/lib/libxcb.a
libxcb.a	libxcb	current	gcc-13-13.3.0	Os	libxcb-1.15-1	selected		gcc-13-13.3.0/libxcb-1.15-1/Os/install/lib/libxcb.a
libxcb.a	libxcb	current	clang-14-14.0.6	O0	libxcb-1.15-1	selected		clang-14-14.0.6/libxcb-1.15-1/O0/install/lib/libxcb.a
libxcb.a	libxcb	current	clang-14-14.0.6	O2	libxcb-1.15-1	selected		clang-14-14.0.6/libxcb-1.15-1/O2/install/lib/libxcb.a
libxcb.a	libxcb	current	clang-14-14.0.6	O3	libxcb-1.15-1	selected		clang-14-14.0.6/libxcb-1.15-1/O3/install/lib/libxcb.a
libxcb.a	libxcb	current	clang-14-14.0.6	Os	libxcb-1.15-1	selected		clang-14-14.0.6/libxcb-1.15-1/Os/install/lib/libxcb.a
libxcb.a	libxcb	current	clang-18-18.1.3	O0	libxcb-1.15-1	selected		clang-18-18.1.3/libxcb-1.15-1/O0/install/lib/libxcb.a
libxcb.a	libxcb	current	clang-18-18.1.3	O2	libxcb-1.15-1	selected		clang-18-18.1.3/libxcb-1.15-1/O2/install/lib/libxcb.a
libxcb.a	libxcb	current	clang-18-18.1.3	O3	libxcb-1.15-1	selected		clang-18-18.1.3/libxcb-1.15-1/O3/install/lib/libxcb.a
libxcb.a	libxcb	current	clang-18-18.1.3	Os	libxcb-1.15-1	selected		clang-18-18.1.3/libxcb-1.15-1/Os/install/lib/libxcb.a
libxcb.a	libxcb	minor-alternative	gcc-13-13.3.0	O0	libxcb-1.14-3	selected		gcc-13-13.3.0/libxcb-1.14-3/O0/install/lib/libxcb.a
libxcb.a	libxcb	minor-alternative	gcc-13-13.3.0	O2	libxcb-1.14-3	selected		gcc-13-13.3.0/libxcb-1.14-3/O2/install/lib/libxcb.a
libxcb.a	libxcb	minor-alternative	gcc-13-13.3.0	O3	libxcb-1.14-3	selected		gcc-13-13.3.0/libxcb-1.14-3/O3/install/lib/libxcb.a
libxcb.a	libxcb	minor-alternative	gcc-13-13.3.0	Os	libxcb-1.14-3	selected		gcc-13-13.3.0/libxcb-1.14-3/Os/install/lib/libxcb.a
libxcb.a	libxcb	minor-alternative	clang-18-18.1.3	O0	libxcb-1.14-3	selected		clang-18-18.1.3/libxcb-1.14-3/O0/install/lib/libxcb.a
libxcb.a	libxcb	minor-alternative	clang-18-18.1.3	O2	libxcb-1.14-3	selected		clang-18-18.1.3/libxcb-1.14-3/O2/install/lib/libxcb.a
libxcb.a	libxcb	minor-alternative	clang-18-18.1.3	O3	libxcb-1.14-3	selected		clang-18-18.1.3/libxcb-1.14-3/O3/install/lib/libxcb.a
libxcb.a	libxcb	minor-alternative	clang-18-18.1.3	Os	libxcb-1.14-3	selected		clang-18-18.1.3/libxcb-1.14-3/Os/install/lib/libxcb.a
libxcb.a	libxcb	major-alternative	gcc-13-13.3.0	O0	libxcb-0.9.92-1	selected		gcc-13-13.3.0/libxcb-0.9.92-1/O0/install/lib/libxcb.a
libxcb.a	libxcb	major-alternative	gcc-13-13.3.0	O2	libxcb-0.9.92-1	selected		gcc-13-13.3.0/libxcb-0.9.92-1/O2/install/lib/libxcb.a
libxcb.a	libxcb	major-alternative	gcc-13-13.3.0	O3	libxcb-0.9.92-1	selected		gcc-13-13.3.0/libxcb-0.9.92-1/O3/install/lib/libxcb.a
libxcb.a	libxcb	major-alternative	gcc-13-13.3.0	Os	libxcb-0.9.92-1	selected		gcc-13-13.3.0/libxcb-0.9.92-1/Os/install/lib/libxcb.a
libxcb.a	libxcb	major-alternative	clang-18-18.1.3	O0	libxcb-0.9.92-1	selected		clang-18-18.1.3/libxcb-0.9.92-1/O0/install/lib/libxcb.a
libxcb.a	libxcb	major-alternative	clang-18-18.1.3	O2	libxcb-0.9.92-1	selected		clang-18-18.1.3/libxcb-0.9.92-1/O2/install/lib/libxcb.a
libxcb.a	libxcb	major-alternative	clang-18-18.1.3	O3	libxcb-0.9.92-1	selected		clang-18-18.1.3/libxcb-0.9.92-1/O3/install/lib/libxcb.a
libxcb.a	libxcb	major-alternative	clang-18-18.1.3	Os	libxcb-0.9.92-1	selected		clang-18-18.1.3/libxcb-0.9.92-1/Os/install/lib/libxcb.a
libxdgmime.a	glib	current	gcc-11-11.5.0	O0	glib-2.81.0	selected		gcc-11-11.5.0/glib-2.81.0/O0/install/lib/libxdgmime.a
libxdgmime.a	glib	current	gcc-11-11.5.0	O2	glib-2.81.0	selected		gcc-11-11.5.0/glib-2.81.0/O2/install/lib/libxdgmime.a
libxdgmime.a	glib	current	gcc-11-11.5.0	O3	glib-2.81.0	selected		gcc-11-11.5.0/glib-2.81.0/O3/install/lib/libxdgmime.a
libxdgmime.a	glib	current	gcc-11-11.5.0	Os	glib-2.81.0	selected		gcc-11-11.5.0/glib-2.81.0/Os/install/lib/libxdgmime.a
libxdgmime.a	glib	current	gcc-13-13.3.0	O0	glib-2.81.0	selected		gcc-13-13.3.0/glib-2.81.0/O0/install/lib/libxdgmime.a
libxdgmime.a	glib	current	gcc-13-13.3.0	O2	glib-2.81.0	selected		gcc-13-13.3.0/glib-2.81.0/O2/install/lib/libxdgmime.a
libxdgmime.a	glib	current	gcc-13-13.3.0	O3	glib-2.81.0	selected		gcc-13-13.3.0/glib-2.81.0/O3/install/lib/libxdgmime.a
libxdgmime.a	glib	current	gcc-13-13.3.0	Os	glib-2.81.0	selected		gcc-13-13.3.0/glib-2.81.0/Os/install/lib/libxdgmime.a
libxdgmime.a	glib	current	clang-14-14.0.6	O0	glib-2.81.0	selected		clang-14-14.0.6/glib-2.81.0/O0/install/lib/libxdgmime.a
libxdgmime.a	glib	current	clang-14-14.0.6	O2	glib-2.81.0	selected		clang-14-14.0.6/glib-2.81.0/O2/install/lib/libxdgmime.a
libxdgmime.a	glib	current	clang-14-14.0.6	O3	glib-2.81.0	selected		clang-14-14.0.6/glib-2.81.0/O3/install/lib/libxdgmime.a
libxdgmime.a	glib	current	clang-14-14.0.6	Os	glib-2.81.0	selected		clang-14-14.0.6/glib-2.81.0/Os/install/lib/libxdgmime.a
libxdgmime.a	glib	current	clang-18-18.1.3	O0	glib-2.81.0	selected		clang-18-18.1.3/glib-2.81.0/O0/install/lib/libxdgmime.a
libxdgmime.a	glib	current	clang-18-18.1.3	O2	glib-2.81.0	selected		clang-18-18.1.3/glib-2.81.0/O2/install/lib/libxdgmime.a
libxdgmime.a	glib	current	clang-18-18.1.3	O3	glib-2.81.0	selected		clang-18-18.1.3/glib-2.81.0/O3/install/lib/libxdgmime.a
libxdgmime.a	glib	current	clang-18-18.1.3	Os	glib-2.81.0	selected		clang-18-18.1.3/glib-2.81.0/Os/install/lib/libxdgmime.a
libxdgmime.a	glib	minor-alternative	gcc-13-13.3.0	O0	glib-2.80.1	selected		gcc-13-13.3.0/glib-2.80.1/O0/install/lib/libxdgmime.a
libxdgmime.a	glib	minor-alternative	gcc-13-13.3.0	O2	glib-2.80.1	selected		gcc-13-13.3.0/glib-2.80.1/O2/install/lib/libxdgmime.a
libxdgmime.a	glib	minor-alternative	gcc-13-13.3.0	O3	glib-2.80.1	selected		gcc-13-13.3.0/glib-2.80.1/O3/install/lib/libxdgmime.a
libxdgmime.a	glib	minor-alternative	gcc-13-13.3.0	Os	glib-2.80.1	selected		gcc-13-13.3.0/glib-2.80.1/Os/install/lib/libxdgmime.a
libxdgmime.a	glib	minor-alternative	clang-18-18.1.3	O0	glib-2.80.1	selected		clang-18-18.1.3/glib-2.80.1/O0/install/lib/libxdgmime.a
libxdgmime.a	glib	minor-alternative	clang-18-18.1.3	O2	glib-2.80.1	selected		clang-18-18.1.3/glib-2.80.1/O2/install/lib/libxdgmime.a
libxdgmime.a	glib	minor-alternative	clang-18-18.1.3	O3	glib-2.80.1	selected		clang-18-18.1.3/glib-2.80.1/O3/install/lib/libxdgmime.a
libxdgmime.a	glib	minor-alternative	clang-18-18.1.3	Os	glib-2.80.1	selected		clang-18-18.1.3/glib-2.80.1/Os/install/lib/libxdgmime.a
libxdgmime.a	glib	major-alternative	gcc-13-13.3.0	O0	glib-1.2.10-20	missing	archive_not_produced_by_version	
libxdgmime.a	glib	major-alternative	gcc-13-13.3.0	O2	glib-1.2.10-20	missing	archive_not_produced_by_version	
libxdgmime.a	glib	major-alternative	gcc-13-13.3.0	O3	glib-1.2.10-20	missing	archive_not_produced_by_version	
libxdgmime.a	glib	major-alternative	gcc-13-13.3.0	Os	glib-1.2.10-20	missing	archive_not_produced_by_version	
libxdgmime.a	glib	major-alternative	clang-18-18.1.3	O0	glib-1.2.10-20	missing	archive_not_produced_by_version	
libxdgmime.a	glib	major-alternative	clang-18-18.1.3	O2	glib-1.2.10-20	missing	archive_not_produced_by_version	
libxdgmime.a	glib	major-alternative	clang-18-18.1.3	O3	glib-1.2.10-20	missing	archive_not_produced_by_version	
libxdgmime.a	glib	major-alternative	clang-18-18.1.3	Os	glib-1.2.10-20	missing	archive_not_produced_by_version	
libxmlloader.a	at-spi2-core	current	gcc-11-11.5.0	O0	at-spi2-core-2.52.0	selected		gcc-11-11.5.0/at-spi2-core-2.52.0/O0/install/lib/libxmlloader.a
libxmlloader.a	at-spi2-core	current	gcc-11-11.5.0	O2	at-spi2-core-2.52.0	selected		gcc-11-11.5.0/at-spi2-core-2.52.0/O2/install/lib/libxmlloader.a
libxmlloader.a	at-spi2-core	current	gcc-11-11.5.0	O3	at-spi2-core-2.52.0	selected		gcc-11-11.5.0/at-spi2-core-2.52.0/O3/install/lib/libxmlloader.a
libxmlloader.a	at-spi2-core	current	gcc-11-11.5.0	Os	at-spi2-core-2.52.0	selected		gcc-11-11.5.0/at-spi2-core-2.52.0/Os/install/lib/libxmlloader.a
libxmlloader.a	at-spi2-core	current	gcc-13-13.3.0	O0	at-spi2-core-2.52.0	selected		gcc-13-13.3.0/at-spi2-core-2.52.0/O0/install/lib/libxmlloader.a
libxmlloader.a	at-spi2-core	current	gcc-13-13.3.0	O2	at-spi2-core-2.52.0	selected		gcc-13-13.3.0/at-spi2-core-2.52.0/O2/install/lib/libxmlloader.a
libxmlloader.a	at-spi2-core	current	gcc-13-13.3.0	O3	at-spi2-core-2.52.0	selected		gcc-13-13.3.0/at-spi2-core-2.52.0/O3/install/lib/libxmlloader.a
libxmlloader.a	at-spi2-core	current	gcc-13-13.3.0	Os	at-spi2-core-2.52.0	selected		gcc-13-13.3.0/at-spi2-core-2.52.0/Os/install/lib/libxmlloader.a
libxmlloader.a	at-spi2-core	current	clang-14-14.0.6	O0	at-spi2-core-2.52.0	selected		clang-14-14.0.6/at-spi2-core-2.52.0/O0/install/lib/libxmlloader.a
libxmlloader.a	at-spi2-core	current	clang-14-14.0.6	O2	at-spi2-core-2.52.0	selected		clang-14-14.0.6/at-spi2-core-2.52.0/O2/install/lib/libxmlloader.a
libxmlloader.a	at-spi2-core	current	clang-14-14.0.6	O3	at-spi2-core-2.52.0	selected		clang-14-14.0.6/at-spi2-core-2.52.0/O3/install/lib/libxmlloader.a
libxmlloader.a	at-spi2-core	current	clang-14-14.0.6	Os	at-spi2-core-2.52.0	selected		clang-14-14.0.6/at-spi2-core-2.52.0/Os/install/lib/libxmlloader.a
libxmlloader.a	at-spi2-core	current	clang-18-18.1.3	O0	at-spi2-core-2.52.0	selected		clang-18-18.1.3/at-spi2-core-2.52.0/O0/install/lib/libxmlloader.a
libxmlloader.a	at-spi2-core	current	clang-18-18.1.3	O2	at-spi2-core-2.52.0	selected		clang-18-18.1.3/at-spi2-core-2.52.0/O2/install/lib/libxmlloader.a
libxmlloader.a	at-spi2-core	current	clang-18-18.1.3	O3	at-spi2-core-2.52.0	selected		clang-18-18.1.3/at-spi2-core-2.52.0/O3/install/lib/libxmlloader.a
libxmlloader.a	at-spi2-core	current	clang-18-18.1.3	Os	at-spi2-core-2.52.0	selected		clang-18-18.1.3/at-spi2-core-2.52.0/Os/install/lib/libxmlloader.a
libxmlloader.a	at-spi2-core	minor-alternative	gcc-13-13.3.0	O0	at-spi2-core-2.51.90	selected		gcc-13-13.3.0/at-spi2-core-2.51.90/O0/install/lib/libxmlloader.a
libxmlloader.a	at-spi2-core	minor-alternative	gcc-13-13.3.0	O2	at-spi2-core-2.51.90	selected		gcc-13-13.3.0/at-spi2-core-2.51.90/O2/install/lib/libxmlloader.a
libxmlloader.a	at-spi2-core	minor-alternative	gcc-13-13.3.0	O3	at-spi2-core-2.51.90	selected		gcc-13-13.3.0/at-spi2-core-2.51.90/O3/install/lib/libxmlloader.a
libxmlloader.a	at-spi2-core	minor-alternative	gcc-13-13.3.0	Os	at-spi2-core-2.51.90	selected		gcc-13-13.3.0/at-spi2-core-2.51.90/Os/install/lib/libxmlloader.a
libxmlloader.a	at-spi2-core	minor-alternative	clang-18-18.1.3	O0	at-spi2-core-2.51.90	selected		clang-18-18.1.3/at-spi2-core-2.51.90/O0/install/lib/libxmlloader.a
libxmlloader.a	at-spi2-core	minor-alternative	clang-18-18.1.3	O2	at-spi2-core-2.51.90	selected		clang-18-18.1.3/at-spi2-core-2.51.90/O2/install/lib/libxmlloader.a
libxmlloader.a	at-spi2-core	minor-alternative	clang-18-18.1.3	O3	at-spi2-core-2.51.90	selected		clang-18-18.1.3/at-spi2-core-2.51.90/O3/install/lib/libxmlloader.a
libxmlloader.a	at-spi2-core	minor-alternative	clang-18-18.1.3	Os	at-spi2-core-2.51.90	selected		clang-18-18.1.3/at-spi2-core-2.51.90/Os/install/lib/libxmlloader.a
libxmlloader.a	at-spi2-core	major-alternative	gcc-13-13.3.0	O0	at-spi2-core-2.50.0	selected		gcc-13-13.3.0/at-spi2-core-2.50.0/O0/install/lib/libxmlloader.a
libxmlloader.a	at-spi2-core	major-alternative	gcc-13-13.3.0	O2	at-spi2-core-2.50.0	selected		gcc-13-13.3.0/at-spi2-core-2.50.0/O2/install/lib/libxmlloader.a
libxmlloader.a	at-spi2-core	major-alternative	gcc-13-13.3.0	O3	at-spi2-core-2.50.0	selected		gcc-13-13.3.0/at-spi2-core-2.50.0/O3/install/lib/libxmlloader.a
libxmlloader.a	at-spi2-core	major-alternative	gcc-13-13.3.0	Os	at-spi2-core-2.50.0	selected		gcc-13-13.3.0/at-spi2-core-2.50.0/Os/install/lib/libxmlloader.a
libxmlloader.a	at-spi2-core	major-alternative	clang-18-18.1.3	O0	at-spi2-core-2.50.0	selected		clang-18-18.1.3/at-spi2-core-2.50.0/O0/install/lib/libxmlloader.a
libxmlloader.a	at-spi2-core	major-alternative	clang-18-18.1.3	O2	at-spi2-core-2.50.0	selected		clang-18-18.1.3/at-spi2-core-2.50.0/O2/install/lib/libxmlloader.a
libxmlloader.a	at-spi2-core	major-alternative	clang-18-18.1.3	O3	at-spi2-core-2.50.0	selected		clang-18-18.1.3/at-spi2-core-2.50.0/O3/install/lib/libxmlloader.a
libxmlloader.a	at-spi2-core	major-alternative	clang-18-18.1.3	Os	at-spi2-core-2.50.0	selected		clang-18-18.1.3/at-spi2-core-2.50.0/Os/install/lib/libxmlloader.a
libz.a	zlib	current	gcc-11-11.5.0	O0	zlib-1.3.1|zlib-1.3.100	selected		gcc-11-11.5.0/zlib-1.3.1/O0/install/lib/libz.a
libz.a	zlib	current	gcc-11-11.5.0	O2	zlib-1.3.1|zlib-1.3.100	selected		gcc-11-11.5.0/zlib-1.3.1/O2/install/lib/libz.a
libz.a	zlib	current	gcc-11-11.5.0	O3	zlib-1.3.1|zlib-1.3.100	selected		gcc-11-11.5.0/zlib-1.3.1/O3/install/lib/libz.a
libz.a	zlib	current	gcc-11-11.5.0	Os	zlib-1.3.1|zlib-1.3.100	selected		gcc-11-11.5.0/zlib-1.3.1/Os/install/lib/libz.a
libz.a	zlib	current	gcc-13-13.3.0	O0	zlib-1.3.1|zlib-1.3.100	selected		gcc-13-13.3.0/zlib-1.3.1/O0/install/lib/libz.a
libz.a	zlib	current	gcc-13-13.3.0	O2	zlib-1.3.1|zlib-1.3.100	selected		gcc-13-13.3.0/zlib-1.3.1/O2/install/lib/libz.a
libz.a	zlib	current	gcc-13-13.3.0	O3	zlib-1.3.1|zlib-1.3.100	selected		gcc-13-13.3.0/zlib-1.3.1/O3/install/lib/libz.a
libz.a	zlib	current	gcc-13-13.3.0	Os	zlib-1.3.1|zlib-1.3.100	selected		gcc-13-13.3.0/zlib-1.3.1/Os/install/lib/libz.a
libz.a	zlib	current	clang-14-14.0.6	O0	zlib-1.3.1|zlib-1.3.100	selected		clang-14-14.0.6/zlib-1.3.1/O0/install/lib/libz.a
libz.a	zlib	current	clang-14-14.0.6	O2	zlib-1.3.1|zlib-1.3.100	selected		clang-14-14.0.6/zlib-1.3.1/O2/install/lib/libz.a
libz.a	zlib	current	clang-14-14.0.6	O3	zlib-1.3.1|zlib-1.3.100	selected		clang-14-14.0.6/zlib-1.3.1/O3/install/lib/libz.a
libz.a	zlib	current	clang-14-14.0.6	Os	zlib-1.3.1|zlib-1.3.100	selected		clang-14-14.0.6/zlib-1.3.1/Os/install/lib/libz.a
libz.a	zlib	current	clang-18-18.1.3	O0	zlib-1.3.1|zlib-1.3.100	selected		clang-18-18.1.3/zlib-1.3.1/O0/install/lib/libz.a
libz.a	zlib	current	clang-18-18.1.3	O2	zlib-1.3.1|zlib-1.3.100	selected		clang-18-18.1.3/zlib-1.3.1/O2/install/lib/libz.a
libz.a	zlib	current	clang-18-18.1.3	O3	zlib-1.3.1|zlib-1.3.100	selected		clang-18-18.1.3/zlib-1.3.1/O3/install/lib/libz.a
libz.a	zlib	current	clang-18-18.1.3	Os	zlib-1.3.1|zlib-1.3.100	selected		clang-18-18.1.3/zlib-1.3.1/Os/install/lib/libz.a
libz.a	zlib	minor-alternative	gcc-13-13.3.0	O0	zlib-1.2.12|zlib-1.2.1200	selected		gcc-13-13.3.0/zlib-1.2.12/O0/install/lib/libz.a
libz.a	zlib	minor-alternative	gcc-13-13.3.0	O2	zlib-1.2.12|zlib-1.2.1200	selected		gcc-13-13.3.0/zlib-1.2.12/O2/install/lib/libz.a
libz.a	zlib	minor-alternative	gcc-13-13.3.0	O3	zlib-1.2.12|zlib-1.2.1200	selected		gcc-13-13.3.0/zlib-1.2.12/O3/install/lib/libz.a
libz.a	zlib	minor-alternative	gcc-13-13.3.0	Os	zlib-1.2.12|zlib-1.2.1200	selected		gcc-13-13.3.0/zlib-1.2.12/Os/install/lib/libz.a
libz.a	zlib	minor-alternative	clang-18-18.1.3	O0	zlib-1.2.12|zlib-1.2.1200	selected		clang-18-18.1.3/zlib-1.2.12/O0/install/lib/libz.a
libz.a	zlib	minor-alternative	clang-18-18.1.3	O2	zlib-1.2.12|zlib-1.2.1200	selected		clang-18-18.1.3/zlib-1.2.12/O2/install/lib/libz.a
libz.a	zlib	minor-alternative	clang-18-18.1.3	O3	zlib-1.2.12|zlib-1.2.1200	selected		clang-18-18.1.3/zlib-1.2.12/O3/install/lib/libz.a
libz.a	zlib	minor-alternative	clang-18-18.1.3	Os	zlib-1.2.12|zlib-1.2.1200	selected		clang-18-18.1.3/zlib-1.2.12/Os/install/lib/libz.a
libz.a	zlib	major-alternative	gcc-13-13.3.0	O0	zlib-0.99	selected		gcc-13-13.3.0/zlib-0.99/O0/install/lib/libz.a
libz.a	zlib	major-alternative	gcc-13-13.3.0	O2	zlib-0.99	selected		gcc-13-13.3.0/zlib-0.99/O2/install/lib/libz.a
libz.a	zlib	major-alternative	gcc-13-13.3.0	O3	zlib-0.99	selected		gcc-13-13.3.0/zlib-0.99/O3/install/lib/libz.a
libz.a	zlib	major-alternative	gcc-13-13.3.0	Os	zlib-0.99	selected		gcc-13-13.3.0/zlib-0.99/Os/install/lib/libz.a
libz.a	zlib	major-alternative	clang-18-18.1.3	O0	zlib-0.99	selected		clang-18-18.1.3/zlib-0.99/O0/install/lib/libz.a
libz.a	zlib	major-alternative	clang-18-18.1.3	O2	zlib-0.99	selected		clang-18-18.1.3/zlib-0.99/O2/install/lib/libz.a
libz.a	zlib	major-alternative	clang-18-18.1.3	O3	zlib-0.99	selected		clang-18-18.1.3/zlib-0.99/O3/install/lib/libz.a
libz.a	zlib	major-alternative	clang-18-18.1.3	Os	zlib-0.99	selected		clang-18-18.1.3/zlib-0.99/Os/install/lib/libz.a
libzstd.a	zstd	current	gcc-11-11.5.0	O0	zstd-1.5.7	selected		gcc-11-11.5.0/zstd-1.5.7/O0/install/lib/libzstd.a
libzstd.a	zstd	current	gcc-11-11.5.0	O2	zstd-1.5.7	selected		gcc-11-11.5.0/zstd-1.5.7/O2/install/lib/libzstd.a
libzstd.a	zstd	current	gcc-11-11.5.0	O3	zstd-1.5.7	selected		gcc-11-11.5.0/zstd-1.5.7/O3/install/lib/libzstd.a
libzstd.a	zstd	current	gcc-11-11.5.0	Os	zstd-1.5.7	selected		gcc-11-11.5.0/zstd-1.5.7/Os/install/lib/libzstd.a
libzstd.a	zstd	current	gcc-13-13.3.0	O0	zstd-1.5.7	selected		gcc-13-13.3.0/zstd-1.5.7/O0/install/lib/libzstd.a
libzstd.a	zstd	current	gcc-13-13.3.0	O2	zstd-1.5.7	selected		gcc-13-13.3.0/zstd-1.5.7/O2/install/lib/libzstd.a
libzstd.a	zstd	current	gcc-13-13.3.0	O3	zstd-1.5.7	selected		gcc-13-13.3.0/zstd-1.5.7/O3/install/lib/libzstd.a
libzstd.a	zstd	current	gcc-13-13.3.0	Os	zstd-1.5.7	selected		gcc-13-13.3.0/zstd-1.5.7/Os/install/lib/libzstd.a
libzstd.a	zstd	current	clang-14-14.0.6	O0	zstd-1.5.7	selected		clang-14-14.0.6/zstd-1.5.7/O0/install/lib/libzstd.a
libzstd.a	zstd	current	clang-14-14.0.6	O2	zstd-1.5.7	selected		clang-14-14.0.6/zstd-1.5.7/O2/install/lib/libzstd.a
libzstd.a	zstd	current	clang-14-14.0.6	O3	zstd-1.5.7	selected		clang-14-14.0.6/zstd-1.5.7/O3/install/lib/libzstd.a
libzstd.a	zstd	current	clang-14-14.0.6	Os	zstd-1.5.7	selected		clang-14-14.0.6/zstd-1.5.7/Os/install/lib/libzstd.a
libzstd.a	zstd	current	clang-18-18.1.3	O0	zstd-1.5.7	selected		clang-18-18.1.3/zstd-1.5.7/O0/install/lib/libzstd.a
libzstd.a	zstd	current	clang-18-18.1.3	O2	zstd-1.5.7	selected		clang-18-18.1.3/zstd-1.5.7/O2/install/lib/libzstd.a
libzstd.a	zstd	current	clang-18-18.1.3	O3	zstd-1.5.7	selected		clang-18-18.1.3/zstd-1.5.7/O3/install/lib/libzstd.a
libzstd.a	zstd	current	clang-18-18.1.3	Os	zstd-1.5.7	selected		clang-18-18.1.3/zstd-1.5.7/Os/install/lib/libzstd.a
libzstd.a	zstd	minor-alternative	gcc-13-13.3.0	O0	zstd-1.4.9	selected		gcc-13-13.3.0/zstd-1.4.9/O0/install/lib/libzstd.a
libzstd.a	zstd	minor-alternative	gcc-13-13.3.0	O2	zstd-1.4.9	selected		gcc-13-13.3.0/zstd-1.4.9/O2/install/lib/libzstd.a
libzstd.a	zstd	minor-alternative	gcc-13-13.3.0	O3	zstd-1.4.9	selected		gcc-13-13.3.0/zstd-1.4.9/O3/install/lib/libzstd.a
libzstd.a	zstd	minor-alternative	gcc-13-13.3.0	Os	zstd-1.4.9	selected		gcc-13-13.3.0/zstd-1.4.9/Os/install/lib/libzstd.a
libzstd.a	zstd	minor-alternative	clang-18-18.1.3	O0	zstd-1.4.9	selected		clang-18-18.1.3/zstd-1.4.9/O0/install/lib/libzstd.a
libzstd.a	zstd	minor-alternative	clang-18-18.1.3	O2	zstd-1.4.9	selected		clang-18-18.1.3/zstd-1.4.9/O2/install/lib/libzstd.a
libzstd.a	zstd	minor-alternative	clang-18-18.1.3	O3	zstd-1.4.9	selected		clang-18-18.1.3/zstd-1.4.9/O3/install/lib/libzstd.a
libzstd.a	zstd	minor-alternative	clang-18-18.1.3	Os	zstd-1.4.9	selected		clang-18-18.1.3/zstd-1.4.9/Os/install/lib/libzstd.a
libzstd.a	zstd	major-alternative	gcc-13-13.3.0	O0	zstd-0.8.1	selected		gcc-13-13.3.0/zstd-0.8.1/O0/install/lib/libzstd.a
libzstd.a	zstd	major-alternative	gcc-13-13.3.0	O2	zstd-0.8.1	selected		gcc-13-13.3.0/zstd-0.8.1/O2/install/lib/libzstd.a
libzstd.a	zstd	major-alternative	gcc-13-13.3.0	O3	zstd-0.8.1	selected		gcc-13-13.3.0/zstd-0.8.1/O3/install/lib/libzstd.a
libzstd.a	zstd	major-alternative	gcc-13-13.3.0	Os	zstd-0.8.1	selected		gcc-13-13.3.0/zstd-0.8.1/Os/install/lib/libzstd.a
libzstd.a	zstd	major-alternative	clang-18-18.1.3	O0	zstd-0.8.1	selected		clang-18-18.1.3/zstd-0.8.1/O0/install/lib/libzstd.a
libzstd.a	zstd	major-alternative	clang-18-18.1.3	O2	zstd-0.8.1	selected		clang-18-18.1.3/zstd-0.8.1/O2/install/lib/libzstd.a
libzstd.a	zstd	major-alternative	clang-18-18.1.3	O3	zstd-0.8.1	selected		clang-18-18.1.3/zstd-0.8.1/O3/install/lib/libzstd.a
libzstd.a	zstd	major-alternative	clang-18-18.1.3	Os	zstd-0.8.1	selected		clang-18-18.1.3/zstd-0.8.1/Os/install/lib/libzstd.a
rtld-libc.a	glibc	current	gcc-11-11.5.0	O0	glibc-2.41	missing	unsupported_optimization	
rtld-libc.a	glibc	current	gcc-11-11.5.0	O2	glibc-2.41	missing	archive_not_produced_by_version	
rtld-libc.a	glibc	current	gcc-11-11.5.0	O3	glibc-2.41	missing	archive_not_produced_by_version	
rtld-libc.a	glibc	current	gcc-11-11.5.0	Os	glibc-2.41	missing	archive_not_produced_by_version	
rtld-libc.a	glibc	current	gcc-13-13.3.0	O0	glibc-2.41	missing	unsupported_optimization	
rtld-libc.a	glibc	current	gcc-13-13.3.0	O2	glibc-2.41	missing	archive_not_produced_by_version	
rtld-libc.a	glibc	current	gcc-13-13.3.0	O3	glibc-2.41	missing	archive_not_produced_by_version	
rtld-libc.a	glibc	current	gcc-13-13.3.0	Os	glibc-2.41	missing	archive_not_produced_by_version	
rtld-libc.a	glibc	current	clang-14-14.0.6	O0	glibc-2.41	missing	unsupported_compiler	
rtld-libc.a	glibc	current	clang-14-14.0.6	O2	glibc-2.41	missing	unsupported_compiler	
rtld-libc.a	glibc	current	clang-14-14.0.6	O3	glibc-2.41	missing	unsupported_compiler	
rtld-libc.a	glibc	current	clang-14-14.0.6	Os	glibc-2.41	missing	unsupported_compiler	
rtld-libc.a	glibc	current	clang-18-18.1.3	O0	glibc-2.41	missing	unsupported_compiler	
rtld-libc.a	glibc	current	clang-18-18.1.3	O2	glibc-2.41	missing	unsupported_compiler	
rtld-libc.a	glibc	current	clang-18-18.1.3	O3	glibc-2.41	missing	unsupported_compiler	
rtld-libc.a	glibc	current	clang-18-18.1.3	Os	glibc-2.41	missing	unsupported_compiler	
rtld-libc.a	glibc	minor-alternative	gcc-13-13.3.0	O0	glibc-2.39	missing	unsupported_optimization	
rtld-libc.a	glibc	minor-alternative	gcc-13-13.3.0	O2	glibc-2.39	selected		gcc-13-13.3.0/glibc-2.39/O2/install/lib/rtld-libc.a
rtld-libc.a	glibc	minor-alternative	gcc-13-13.3.0	O3	glibc-2.39	selected		gcc-13-13.3.0/glibc-2.39/O3/install/lib/rtld-libc.a
rtld-libc.a	glibc	minor-alternative	gcc-13-13.3.0	Os	glibc-2.39	selected		gcc-13-13.3.0/glibc-2.39/Os/install/lib/rtld-libc.a
rtld-libc.a	glibc	minor-alternative	clang-18-18.1.3	O0	glibc-2.39	missing	unsupported_compiler	
rtld-libc.a	glibc	minor-alternative	clang-18-18.1.3	O2	glibc-2.39	missing	unsupported_compiler	
rtld-libc.a	glibc	minor-alternative	clang-18-18.1.3	O3	glibc-2.39	missing	unsupported_compiler	
rtld-libc.a	glibc	minor-alternative	clang-18-18.1.3	Os	glibc-2.39	missing	unsupported_compiler	
rtld-libc.a	glibc	major-alternative	gcc-13-13.3.0	O0	glibc-2.17	missing	unsupported_optimization	
rtld-libc.a	glibc	major-alternative	gcc-13-13.3.0	O2	glibc-2.17	selected		gcc-13-13.3.0/glibc-2.17/O2/install/lib/rtld-libc.a
rtld-libc.a	glibc	major-alternative	gcc-13-13.3.0	O3	glibc-2.17	selected		gcc-13-13.3.0/glibc-2.17/O3/install/lib/rtld-libc.a
rtld-libc.a	glibc	major-alternative	gcc-13-13.3.0	Os	glibc-2.17	selected		gcc-13-13.3.0/glibc-2.17/Os/install/lib/rtld-libc.a
rtld-libc.a	glibc	major-alternative	clang-18-18.1.3	O0	glibc-2.17	missing	unsupported_compiler	
rtld-libc.a	glibc	major-alternative	clang-18-18.1.3	O2	glibc-2.17	missing	unsupported_compiler	
rtld-libc.a	glibc	major-alternative	clang-18-18.1.3	O3	glibc-2.17	missing	unsupported_compiler	
rtld-libc.a	glibc	major-alternative	clang-18-18.1.3	Os	glibc-2.17	missing	unsupported_compiler	
